"年月","総合","食料","穀類","魚介類","肉類","乳卵類","野菜・海藻","果物","油脂・調味料","菓子類","調理食品","飲料","酒類","外食","住居","家賃","設備修繕・維持","光熱・水道","電気代","ガス代","他の光熱","上下水道料","家具・家事用品","家庭用耐久財","室内装備品","寝具類","家事雑貨","家事用消耗品","家事サービス","被服及び履物","衣料","和服","洋服","シャツ・セーター・下着類","シャツ・セーター類","下着類","履物類","他の被服","被服関連サービス","保健医療","医薬品・健康保持用摂取品","保健医療用品・器具","保健医療サービス","交通・通信","交通","自動車等関係費","通信","教育","授業料等","教科書・学習参考教材","補習教育","教養娯楽","教養娯楽用耐久財","教養娯楽用品","書籍・他の印刷物","教養娯楽サービス","諸雑費","理美容サービス","理美容用品","身の回り用品","たばこ","他の諸雑費","生鮮食品","生鮮魚介（再掲）","生鮮野菜（再掲）","生鮮果物（再掲）","生鮮食品を除く総合","生鮮食品を除く食料","持家の帰属家賃を除く総合","持家の帰属家賃を除く住居","持家の帰属家賃を除く家賃","持家の帰属家賃及び生鮮食品を除く総合","エネルギー","生鮮食品及びエネルギーを除く総合","食料（酒類を除く）及びエネルギーを除く総合","教育関係費","教養娯楽関係費","情報通信関係費"
1970/01,25.1,22.4,23.6,14.4,33.9,40.2,21.2,20.9,34.9,18.3,19.6,39.9,37.8,20.4,19.4,21.7,13.1,23.8,49.9,19.6,13.8,,70.6,218.7,87.3,68,23.8,74.2,15.5,23.5,18.7,31.5,18.4,24.4,22.2,27.7,37.3,29.9,25.4,34.5,43.5,42.5,24.8,40.3,19.3,42.3,119.1,16.8,17.6,23.8,,35.1,2138.1,31.9,15.4,19.9,26.6,14.2,69,16.6,17.6,14.2,18.7,13.5,26.2,20.6,25.6,23.5,26,16.2,23.7,26.6,,,,,,
1970/02,25.2,22.4,23.7,14.4,33.3,40.2,21,21.1,34.9,18.4,19.6,39.9,37.8,20.4,19.5,21.8,13.2,23.9,49.9,20.6,13.8,,70.6,218.7,87.3,68,23.8,74.2,15.5,23.2,18.3,31.3,17.9,24.4,22.2,27.7,37.3,29.9,25.4,36.9,43.5,42.5,27.3,40.3,19.3,42.3,119.1,16.8,17.6,23.8,,35.1,2138.1,31.9,15.4,19.9,26.7,14.2,69,16.7,17.6,14.2,18.8,13.5,26.5,20.8,25.6,23.4,26,16.3,23.8,26.6,,,,,,
1970/03,25.6,22.9,23.7,14.7,33,40,23.4,22.5,35,18.4,19.1,40.3,37.8,20.6,20.2,22.7,13.2,24.1,49.9,20.6,14.2,,71.4,220.3,87.3,68,24.5,74.2,15.5,23.3,18.4,31.4,18.2,24.4,22.2,27.8,39,29.9,25.5,36.9,43.5,42.5,27.3,41.7,20.6,42.3,119.1,16.8,17.6,23.8,,35.1,2138.1,32.4,15.4,19.9,26.9,14.4,70,17,17.6,14.2,20.6,14,31.1,22.1,25.8,23.4,26.4,16.5,24.3,26.8,,,,,,
1970/04,25.7,22.9,23.8,14.2,33,39.9,23.1,24.5,35.1,18.5,18.7,40.5,37.8,20.6,21.1,23.7,13.7,23.5,49.9,20.6,13.1,,71,224,87.6,63,24.6,73.9,15.5,23.7,18.9,31.3,18.8,24.6,22.2,28.2,39.2,30.1,25.5,36.9,43.7,42.5,27.3,40.7,19.6,42.4,119.1,17.1,18,23.8,,35.5,2138.1,32.9,15.4,20.2,27,14.4,70.2,17.3,17.6,14.2,20.3,12.9,30.5,24.2,26,23.5,26.4,17,25.1,26.8,,,,,,
1970/05,25.6,22.3,23.8,13.5,33.1,39.3,20.8,23.9,35.3,18.5,18.7,40.5,37.8,20.6,21.1,23.7,13.8,23.9,49.9,20.5,13.8,,71.4,223.6,90.9,64,24.7,73.9,15.5,24.3,20.4,30.9,20.8,24.6,22.3,28.2,39.3,30.1,25.5,36.9,43.7,42.5,27.3,40.7,19.6,42.4,119.1,17.1,18,23.8,,35.7,2140.2,33.5,15.4,20.3,26.9,14.4,69.4,17.3,17.6,14.2,18.5,11.7,26.2,23.5,26.1,23.5,26.3,17.1,25,27,,,,,,
1970/06,25.6,22.1,23.8,13.1,33.1,38.1,19.5,24.8,35.5,18.6,18.7,40.5,37.8,20.7,21.1,23.7,13.8,23.9,49.9,20.5,13.8,,71.5,223.2,90.9,65.8,24.7,73.9,15.5,24.6,20.6,31.5,21.1,24.4,22.1,28.2,39.7,30.1,25.5,37,43.9,42.5,27.3,40.8,19.6,42.6,119.1,17.1,18,23.8,,35.7,2140.2,33.5,15.6,20.3,26.9,14.4,69.4,17.3,17.6,14.2,17.7,11.2,23.4,24.4,26.2,23.5,26.2,17.2,25.2,27.1,,,,,,
1970/07,25.4,21.8,23.8,14.1,33.1,37.7,16.2,23.1,35.6,18.6,18.8,40.5,37.8,20.7,21.1,23.7,13.8,23.9,49.9,20.5,13.8,,71.5,221.2,90.9,66,25.3,73.9,15.5,25,21.3,32.2,21.7,24.5,22.1,28.3,39.9,30.1,25.5,37.2,43.9,43.4,27.6,40.8,19.6,42.6,119.1,17.1,18,23.8,,35.5,2140.2,33.1,15.4,20.3,27,14.8,69.4,17.3,17.6,14.2,16.6,12.8,17.3,22.6,26.2,23.5,26.1,17.2,25.2,27.1,,,,,,
1970/08,25.4,21.9,23.8,15.5,33.1,37.7,14.3,22.2,35.6,18.6,18.8,40.5,37.8,20.7,21.3,23.9,14,23.9,49.9,20.5,13.8,,71.5,220.3,90.9,66,25.5,73.9,15.5,23.9,19.2,32.5,18.9,24.8,22.1,29.1,40.2,30.2,25.5,37,43.7,43.4,27.4,40.8,19.6,42.6,119.1,17.1,18,23.8,,35.9,2154.5,34.4,15.6,20.3,27.1,14.8,69.4,17.5,17.6,14.2,16.7,15,13.7,21.8,26.2,23.6,26.1,17.4,25.4,27.1,,,,,,
1970/09,25.8,22.2,23.8,16,33.3,37.7,16.6,20,36.3,18.6,19.7,40.5,37.9,20.7,21.2,23.9,14,25.6,49.9,20.5,16.4,,72.9,229.3,91.4,66,25.7,73.9,15.5,25.6,22.3,34.4,22.6,24.7,22.1,28.7,40.3,30.2,26.7,37,43.5,43.4,27.4,40.8,19.6,42.6,119.1,17.1,18,23.8,,35.8,2119.7,32.4,15.5,21.1,27.1,14.8,69.4,17.5,17.6,14.2,17.4,15.5,17.4,19.5,26.5,23.7,26.5,17.4,25.5,27.4,,,,,,
1970/10,26.2,23.1,24.3,16.8,33.8,38.9,17.2,25.3,37,18.8,19.7,40.5,40.4,20.7,21.3,23.9,14.1,25.6,49.9,20.5,16.4,,72.7,227.3,92,65.8,26.1,73.9,15.5,25.9,22.6,34.9,22.9,24.9,22.1,29.4,40.6,31.6,26.7,37,43.5,43.4,27.4,41,19.6,43.2,119.1,17.1,18,23.8,,35.6,2121.7,31.3,15.4,21.2,27.1,14.8,69.4,17.5,17.6,14.2,19.6,16.9,18.1,25,26.7,24.1,27,17.5,25.6,27.6,,,,,,
1970/11,26.3,22.9,24.4,16.5,33.8,38.9,16.8,23.4,37.1,19.2,19.7,40.5,40.8,21.1,21.5,24.2,14.2,25.8,49.9,20.5,16.7,,72.9,225.7,92.5,66.6,26.6,73.9,15.5,26.2,22.9,34.9,23.3,25,22.1,29.6,40.6,31.6,27.6,37.2,44,48,27.4,41,19.6,43.2,119.1,17.1,18,23.8,,36.2,2129.9,32.4,16.1,21.2,27.3,15.1,69.4,17.5,17.6,14.2,18.8,16.6,17.5,23,26.9,24.2,27,17.6,25.9,27.8,,,,,,
1970/12,26.6,23.4,24.5,16.9,33.4,38.9,21,21.1,37.1,19.2,19.3,40.5,40.8,21.1,21.5,24.1,14.2,25.8,49.9,20.5,16.7,,72.9,223.6,93.5,67.7,26.6,73.6,15.5,26.3,22.9,34.8,23.3,25.1,22.1,29.9,40.6,31.6,28.1,37.3,44,49.9,27.4,41,19.6,43.4,119.1,17.1,18,23.8,,36.8,2129.9,34.2,16.5,21.2,27.5,15.6,69.4,17.6,17.6,14.2,20.5,17.3,25,20.7,27,24.2,27.4,17.6,25.9,27.9,,,,,,
1971/01,26.8,24,24.5,17.3,33.6,39.6,23.8,20.2,37.2,19.3,19.6,40.5,40.8,21.5,21.6,24.2,14.2,25.8,49.9,20.5,16.8,,73,223.2,94.6,66.6,26.8,77.3,15.5,25.2,20.6,35,20.3,25.5,22.2,30.7,40.8,32.3,28.6,37.3,44,49.9,27.4,42.3,20.9,43.4,119.1,17.1,18,23.8,,36.8,2107.4,35.3,16.4,21.2,27.8,16.4,69.4,17.6,17.6,14.2,21.8,17.8,29.9,19.7,27,24.4,27.6,17.6,25.9,27.9,,,,,,
1971/02,26.7,23.9,24.7,17.2,33.9,39.3,24.3,18.5,37.1,19.4,20,40.5,40.8,21.5,21.6,24.2,14.1,25.8,49.9,20.5,16.8,,73.3,224,95.3,66.6,27.2,77.3,15.5,24.2,18.8,34.5,18.1,25.8,22.2,31.4,40.8,32.3,28.6,37.3,44,48.9,27.4,42.3,20.9,43.5,119.1,17.6,18,27.7,,36.6,2113.5,34,16.4,21.1,27.9,16.4,69.8,17.6,17.6,14.2,21.4,17.5,30.4,18,27,24.5,27.5,17.6,25.9,27.9,,,,,,
1971/03,26.7,23.8,24.7,17.3,34,39.3,23,18.3,37.1,19.4,20.4,40.5,40.8,21.5,21.6,24.2,14.2,25.8,49.9,20.5,16.8,,74.2,226.1,95.6,69.1,27.2,77.9,15.5,24.8,19.6,33.9,19.2,25.9,22.2,31.6,42,32.3,29.6,37.3,44,48.9,27.4,42.3,20.9,43.6,119.1,17.6,18,27.7,,36.7,2113.5,34.5,16.4,21.1,27.9,16.4,69.8,17.8,17.6,14.2,20.9,17.8,28,17.8,27.1,24.5,27.5,17.7,25.9,28,,,,,,
1971/04,26.7,23.6,24.7,16.6,34,39.3,21.7,21.1,37.2,19.4,20.4,40.5,40.8,21.5,21.2,23.3,15.1,26,49.8,20.5,17,,75.9,237.1,96.3,69.1,27.4,77.9,15.5,25.1,20.1,34.2,19.7,25.8,22.2,31.3,42.5,32.4,29.6,37.3,44,48.9,27.4,41.1,19.7,43.6,119.1,17.7,18.2,27.7,,38.3,2113.5,33.1,18.4,23,27.9,16.4,69.8,17.8,17.6,14.2,20.2,16.6,25.5,20.6,27.1,24.5,27.6,18.1,25.6,28.2,,,,,,
1971/05,26.7,23.2,24.7,16,34,38.8,20.2,20.3,37.2,19.4,20.4,40.5,40.8,21.5,21.7,24,15.2,26,49.8,20.5,17,,75.4,232.6,95.9,69.1,28,77.9,15.5,26.3,21.8,35.4,21.8,26.7,23.4,31.7,42.5,32.4,29.6,37.3,44,48.9,27.4,41.3,19.7,43.7,121.5,17.7,18.2,27.7,,38.2,2113.5,33,18.3,23,27.9,16.4,69.8,17.8,17.6,14.2,19.1,15.9,22.9,19.9,27.3,24.4,27.5,18.4,26.3,28.3,,,,,,
1971/06,26.8,22.9,24.7,15.2,34,40.3,18.4,21.3,37.2,19.5,20.4,40.5,40.8,21.5,22.4,24.9,15.2,26,49.8,20.5,17,,75.4,232.2,95.9,69.1,28,77.9,15.5,27.5,23.8,38.5,23.8,26.7,23.4,31.7,42.5,32.4,29.6,37.4,44,53.7,27.4,41.3,19.7,43.7,121.5,17.7,18.2,27.7,,38.2,2078.7,32.9,18.4,23,27.9,16.4,69.8,17.9,17.6,14.2,17.9,14.8,19.6,20.9,27.6,24.5,27.5,18.6,27,28.5,,,,,,
1971/07,27,23.2,24.7,16.1,34.5,40.4,15.9,25.5,37.2,19.6,20.4,40.5,40.8,21.8,22.8,25.6,15.1,26,49.8,20.5,17,,74.7,227.3,95.9,69.8,28,77.9,15.5,27.4,23.6,39.1,23.4,27.1,24,31.8,42.6,32.4,29.6,37.4,44,53.7,27.4,41.8,19.7,45,122.5,17.7,18.2,27.7,,38.5,2086.9,34.3,18.3,23,27.9,16.4,69.8,18,17.6,14.2,18.5,16.1,15.2,25.2,27.7,24.6,27.7,18.7,27.3,28.6,,,,,,
1971/08,26.7,22.6,24.7,18,34.8,40.4,14.7,12.5,37.7,19.8,20.4,40.5,40.8,21.8,22.8,25.5,15.2,26,49.8,20.5,17,,74.4,224,95.9,69.8,28,78.4,15.5,26.3,21.5,39.6,20.6,27.1,24,31.8,42.6,32.4,29.6,37.4,44,53.7,27.4,41.8,19.7,45,122.5,17.7,18.2,27.7,,38.1,2072.6,32.7,18.5,23,27.9,16.4,69.8,18,17.6,14.2,16.6,19.5,13,12,27.6,24.6,27.4,18.7,27.3,28.5,,,,,,
1971/09,27.5,24.2,24.7,18,34.8,41.2,17.8,27.7,37.7,19.8,20.4,40.5,40.8,22,22.8,25.5,15.2,26,49.8,20.5,17.1,,75.7,231.8,96.1,69.8,28.5,79.2,15.5,27.7,23.5,40.1,23.1,28.8,27,31.6,42.8,32.7,29.6,37.3,43.5,53.7,27.4,41.8,19.7,45,122.5,17.7,18.2,27.7,,37.9,2037.8,32.6,18.3,23,27.9,16.4,69.8,18,17.6,14.2,21.7,19.4,18.7,27.5,27.8,24.8,28.2,18.7,27.3,28.7,,,,,,
1971/10,27.4,24,24.7,18.9,35.4,41.2,19.1,19.8,37.7,19.9,20.3,40.5,40.8,22,22.9,25.6,15.3,24.5,49.8,20.5,14.8,,75.4,229.3,96.4,69.8,28.3,79.2,15.5,28,24,40.3,23.7,28.9,27,32,43,32.7,30.2,37.3,43.5,53.7,27.4,41.8,19.7,45,122.5,17.7,18.2,27.7,,38.1,2037.8,33.6,18.4,23,27.9,16.4,69.8,18,17.6,14.2,20.4,19.7,20.7,19.5,27.8,25,28.1,18.8,27.4,28.7,,,,,,
1971/11,27.4,24.1,24.7,18.6,35.3,41.5,18.5,21.2,37.7,21.3,20.4,40.5,40.8,22,23,25.7,15.4,24.5,49.8,20.5,14.8,,75.7,230.2,96.6,69.8,28.7,79.2,15.5,27.8,24,40.4,23.7,28.9,27,32,43.4,31.6,30.2,37.4,43.9,53.7,27.4,41.8,19.7,45,122.5,17.7,18.2,27.7,,37.9,2037.8,32.6,18.3,23,28,16.4,69.8,18.1,17.6,14.2,20.2,19.3,19.1,20.9,27.9,25.2,28.2,18.9,27.4,28.9,,,,,,
1971/12,27.6,24.1,24.7,18.2,35.2,41.5,19.5,20.2,37.8,21.3,20,40.5,40.8,22.3,23,25.6,15.4,24.5,49.8,20.5,14.8,,75.6,229.3,98.2,69.8,28.6,79.2,15.5,27.9,23.9,39.9,23.7,29,27,32.2,43.5,32.3,30.2,37.4,44.1,53.7,27.4,43,20.9,45,122.5,17.7,18.2,27.7,,38.2,2037.8,33.5,18.7,23,28.5,17.4,69.8,18.1,17.6,14.2,20.1,18.7,21,19.8,28.1,25.3,28.3,19,27.5,29.1,,,,,,
1972/01,27.6,24.2,24.7,18.1,35,41.5,20,18.9,38.7,21.4,21.4,40.5,40.8,22.8,23,25.7,15.6,24.5,49.8,20.5,14.7,,75,227.3,98.2,69.8,28.3,78.7,15.5,27.5,23.4,39.5,23.1,28.1,25.5,32.2,43.5,32.3,30.4,37.4,44.1,53.7,27.4,43,20.9,45,122.5,17.7,18.2,27.7,,38.2,2037.8,32.9,18.8,23,28.6,17.8,69.9,18.2,17.6,14.2,19.9,18.6,22,18.5,28.1,25.5,28.3,19,27.5,29.1,,,,,,
1972/02,27.6,24.2,24.7,17.9,35.1,40.5,20.1,21.1,38.8,21.5,21,40.5,40.8,22.8,23.1,25.7,15.6,24.5,49.8,20.5,14.7,,75,226.9,98.2,69.8,28.1,78.7,15.5,26.3,20.9,38.7,20,28,25.5,32.2,43.6,33.5,30.9,40.8,44.1,53.7,30.8,43.3,20.9,45.1,125.4,17.7,18.2,27.7,,38.2,2037.8,33.8,18.6,23,28.8,18.3,69.9,18.3,17.6,14.2,20.3,18.2,22.2,20.8,28.1,25.3,28.3,19,27.5,29,,,,,,
1972/03,27.6,24.3,24.7,17.5,35.1,40.5,19.5,24,38.9,21.6,21,40.5,40.8,22.8,23.1,25.8,15.6,24.5,49.8,20.5,14.8,,74.8,226.1,99.2,69.8,28,78.7,15.5,26.4,21.2,38.8,20.3,28,25.5,32.2,44.1,33.6,31.4,40.9,44.8,53.7,30.8,42,19.7,45.1,125.9,17.7,18.2,27.7,,38.6,2005,36,18.8,23,28.8,18.3,69.9,18.3,17.6,14.2,20.4,17.5,21.2,23.8,28.1,25.5,28.4,19.2,27.8,29,,,,,,
1972/04,27.7,24.4,25,17.3,35.1,41.5,20.8,21,38.9,22.3,21,40.5,40.8,23.3,23.3,25.9,15.8,24.5,49.7,20.5,14.8,,75.6,230.2,100,69.8,28.3,78.7,15.5,26.3,20.9,37.8,20.2,28,25.5,32.1,44.2,33.8,31.4,40.9,44.8,53.7,30.8,42,19.7,45.1,125.9,19.3,20.2,27.7,,38.7,2005,35,18.9,23.4,29,18.6,69.9,18.3,17.6,14.2,20.1,17.3,23.5,20.7,28.3,25.7,28.5,19.3,27.8,29.2,,,,,,
1972/05,27.8,24.3,25.1,17.5,35.3,41.5,20,19.3,38.8,22.3,21,40.5,40.8,23.3,23.4,26.1,15.8,24.9,49.7,20.5,14.4,,75.4,228.5,100.4,69.8,28.4,78.7,15.5,27,22,39.5,21.3,27.3,24,32.4,44,33.8,31.4,40.9,44.8,53.7,30.8,42,19.7,45.1,125.9,19.3,20.2,27.7,,39.4,2027.5,37.5,18.9,23.5,29.1,18.8,69.9,18.3,17.6,14.2,19.6,17.7,22.1,18.9,28.4,25.7,28.6,19.3,28,29.4,,,,,,
1972/06,28,24.3,25.8,16.4,35.2,41.5,20.7,21.6,38.8,22.3,21,40.5,40.8,23.3,23.7,26.5,15.8,24.7,49.7,20.5,14.1,,75.7,229.3,100,70.1,28.4,78.7,15.5,28.5,24.6,41.6,24.3,27.6,24.2,32.9,44.3,33.8,31.4,40.9,44.8,53.7,30.8,41.9,19.7,44.8,125.9,19.3,20.2,27.7,,39.3,2027.5,36.6,18.9,23.5,29.1,18.8,69.9,18.4,17.6,14.2,19.5,15.9,23.6,21.2,28.7,25.8,28.7,19.5,28.5,29.7,,,,,,
1972/07,28.1,24.4,26.1,17.5,35.3,40.5,18.3,23,38.7,22.3,20.8,40.5,40.8,23.7,23.7,26.5,15.8,24.8,49.7,20.5,14.2,,75.4,227.7,99.7,70.1,28.4,79.5,15.5,28.8,25,43.6,24.3,28.1,24.2,34.3,44.2,33.8,31.4,40.9,44.8,53.7,30.8,42.1,19.7,45.2,125.9,19.3,20.2,27.7,,39.2,2048,35.8,18.9,23.5,29.1,18.7,69.8,18.4,17.6,14.2,19.8,17.6,19.5,22.7,28.8,25.9,28.9,19.5,28.5,29.7,,,,,,
1972/08,27.8,23.9,26.1,18.7,35.6,40.5,15,17,38.7,22.3,20.7,40.7,40.8,23.7,23.9,26.8,15.9,24.8,49.7,20.5,14.2,,75.3,226.9,99.5,70.1,28.4,79.5,15.5,27.6,22.8,44.1,21.4,28.1,24.2,34.3,44.4,33.8,31.4,41.1,45.8,53.7,30.8,42.1,19.7,45.2,125.9,19.3,20.2,27.7,,39.7,2048,37.6,19.1,23.5,29.2,18.7,69.8,18.8,17.6,14.2,17.5,19.1,13.3,16.4,28.8,26,28.6,19.6,28.7,29.7,,,,,,
1972/09,28.4,24.7,26.2,18.5,35.6,41.4,18.4,22.9,38.7,22.3,20.7,40.8,40.8,23.7,24.1,27,16.2,24.8,49.7,20.5,14.2,,75.1,225.2,100,70.3,28.5,79.5,15.5,29.8,25.2,44.7,24.5,31.2,29.3,34,46.4,33.8,32,41.1,45.8,53.7,30.8,42.1,19.7,45.2,125.9,19.3,20.2,27.7,,39.1,2048,35,19,23.5,29.2,18.7,69.8,18.8,17.6,14.2,20.3,18.8,19.5,22.4,29,26.1,29.2,19.8,28.8,29.9,,,,,,
1972/10,28.4,24.7,27.2,18.5,35.4,42.5,17.9,20.9,38.7,22.4,20.8,41.2,40.8,23.7,23.5,27,14.3,24.8,49.7,20.5,14.2,,75.4,226.5,99.9,70.3,28.6,79.5,15.5,29.9,25.8,44.9,25.2,31,28.8,34.2,46.4,33.8,32,41.3,46.5,53.7,30.8,42.1,19.7,45.2,125.9,19.4,20.4,27.7,,39.3,2048,36.6,19,23.5,29.2,18.7,69.8,18.8,17.6,14.2,19.4,18.5,18.5,20.3,29.1,26.4,29.1,18.7,28.8,30.1,,,,,,
1972/11,28.3,24.3,27.2,18.4,35.4,42.5,15.7,18,38.7,22.4,20.8,41.2,40.8,23.8,23.6,27,14.5,24.8,49.7,20.5,14.2,,75.7,228.5,100.5,70.3,28.6,79.5,15.5,30.4,26.7,45.2,26.3,31.1,29.1,34.2,46.4,33.8,32,41.3,46.5,53.7,30.8,42.1,19.7,45.2,125.9,19.4,20.4,27.7,,39.3,2048,36.1,18.8,23.5,29.2,18.7,69.8,19,17.6,14.2,17.6,18.3,14.4,17.5,29.2,26.5,29,18.9,28.8,30.2,,,,,,
1972/12,28.7,24.9,27.2,18.6,35.6,43.1,20,17.6,38.7,22.9,20.8,41.2,40.8,23.8,23.7,27,14.8,24.8,49.7,20.5,14.2,,75.7,228.1,100.5,70.3,28.8,79.5,15.5,30.4,26.7,45.2,26.3,31.1,29.1,34.2,46.7,33.8,32,41.3,46.6,53.7,30.8,43.4,20.9,45.2,125.9,19.4,20.4,27.7,,39.9,2048,37.4,19.3,23.8,29.5,19.4,69.8,19,17.6,14.2,19.6,18.5,22.2,17.1,29.4,26.6,29.5,19,28.8,30.4,,,,,,
1973/01,29.2,25.6,27.4,19.7,35.3,44,21.6,16.9,38.7,23.3,20.9,44.4,40.8,24.2,23.9,27.8,14.9,24.8,49.7,20.5,14.2,,76.7,228.1,100,70.3,28.9,80.3,18.6,31,26.4,45.5,25.9,34.4,33.5,35.7,46.7,33.9,32,41.3,46.6,53.7,30.8,44.4,22,45.2,125.9,19.4,20.4,27.7,,40,2050,37.1,19.6,23.9,29.7,19.8,69.8,19,17.6,14.2,21,20,25.1,16.4,29.8,27,29.9,19.2,29.2,30.7,,,,,,
1973/02,29.4,26,27.4,19.8,37.5,44.4,22.7,16.9,42.6,23.4,21,44.4,40.8,24.2,24.4,28.3,15.1,24.8,49.7,20.5,14.2,,76.7,227.7,100.9,70.3,29,80.3,18.6,31.2,26.3,46.4,25.6,34.6,33.9,35.7,46.7,34,34,41.3,46.6,53.7,30.8,44.7,22,46,125.9,19.4,20.4,27.7,,40.2,2048,37.8,19.7,23.9,29.6,19.8,65.5,19.6,17.6,14.2,20.6,20.2,23.3,16.4,30.1,27.7,30.2,19.5,29.7,31.1,,,,,,
1973/03,30.1,26.9,27.4,19.5,40,47.5,24.5,19.4,42.8,23.8,21.2,44.1,40.8,26.5,24.5,28.4,15.2,25.3,49.7,20.5,15,,77.9,231.4,102.8,72.3,29.6,80.3,18.6,32.1,27.1,47.5,26.4,34.6,33.9,35.9,49.7,34.7,34.7,41.4,46.7,53.7,30.8,45.5,22.8,46,125.9,19.9,20.4,31,,41,2048,41.5,19.6,23.8,30,20.5,65.5,20.2,17.6,14.2,22,19.5,27.8,18.9,30.7,28.4,30.9,19.6,29.9,31.7,,,,,,
1973/04,30.9,27.8,27.6,19.7,40.3,46.4,26.8,24.8,43,25,21.2,44.1,40.8,26.5,25.1,28.7,16.6,26.1,49.7,20.5,16.2,,79.7,230.2,104.5,84.5,29.6,80.9,18.6,33.1,27.5,49.3,26.6,34.8,33.9,36.2,50,35.2,35.2,41.4,46.7,53.7,30.8,45.6,22.8,46.3,125.9,21.5,22.6,31,,41.4,2027.5,40.6,19.7,25,30.1,20.6,65.5,20.2,17.6,14.2,24.3,19.6,31.9,24.4,31.2,28.6,31.7,20.5,30.1,32.2,,,,,,
1973/05,31,27.4,27.6,19.2,40.4,45.6,26.6,21.9,43.2,25.1,21.2,44.1,41,26.5,25.3,29,16.6,26.5,49.7,20.5,16.7,,81.5,245.7,105.4,80.8,29.9,80.9,18.6,34.8,30.2,50.5,29.9,30.9,27.1,36.8,50,35.8,36.9,41.4,46.7,53.7,30.8,45.7,22.8,46.6,125.9,21.5,22.6,31,,42.1,2050,42.9,19.7,25,30.7,21.9,65.5,20.5,17.6,14.2,23.1,18.8,31.2,21.5,31.6,28.6,31.9,20.7,30.4,32.6,,,,,,
1973/06,31.1,27.2,27.6,19.3,40.5,45.1,24,22,42.9,25.1,21.2,44.1,44.9,26.4,25.5,29.1,16.8,26.5,49.5,20.5,16.7,,81.7,244.1,105.3,80.8,30.8,80.9,18.6,35,30.9,54.8,29.9,30.9,27.1,36.8,50,35.9,36.9,41.4,46.7,53.7,30.8,45.8,22.8,47.1,125.9,21.5,22.6,31,,43,2050,39.8,19.8,27.8,30.8,21.9,65.5,20.6,17.6,14.2,21.4,18,26,21.7,31.9,29,32,20.8,30.5,33,,,,,,
1973/07,31.6,27.8,27.8,21.3,41.2,44.7,21.4,27.4,42.9,25.1,21,44.4,44.9,26.4,25.5,29.1,16.9,28.5,49.5,21.4,19.6,,82,243.3,106.3,80.8,31.4,82.1,18.6,35.4,31,55.7,29.9,32.1,27.1,40,50.8,35.9,36.9,41.4,46.7,55.3,30.8,46.2,22.8,48.5,125.9,21.5,22.6,31,,44.5,2050,42.1,22,27.8,30.9,21.9,65.5,20.9,17.6,17,23,20.8,21.2,27.1,32.3,29.3,32.5,21,30.5,33.4,,,,,,
1973/08,31.8,28.3,27.8,24.3,41.2,45.5,21.6,21.7,43.7,25.1,21.2,43.8,44.9,27,25.6,29.2,17,28.5,49.5,21.4,19.6,,82.4,244.1,109.9,81.7,31.4,82.1,18.6,34.7,30.1,58.3,28.3,30.6,24.7,40,50.8,36.3,36.9,41.5,47,55.3,30.8,46.2,22.8,48.6,125.9,21.5,22.6,31,,44.5,2097.1,40.6,22.2,27.8,31,21.9,65.5,21.4,17.6,17,23.9,24.8,21.7,21.4,32.3,29.6,32.7,21,30.6,33.4,,,,,,
1973/09,32.5,29.1,28,24.1,41.2,49,27.4,21.1,43.7,25.1,20.9,43.8,44.9,27.2,25.6,29.2,17.1,28.5,49.5,21.4,19.6,,83.2,244.5,108.7,84.2,32.4,82.1,18.6,37.7,31.7,60.6,29.9,41.8,42,41.4,50.8,37.9,36.9,41.5,47.2,55.3,30.8,46.4,22.8,48.9,125.9,21.5,22.6,31,,44.6,2097.1,39.2,23.1,27.8,31.1,21.9,65.5,22,17.6,17,26,24.3,31.9,20.6,32.9,29.9,33.5,21.1,30.6,34,,,,,,
1973/10,32.9,29.1,28.1,23.2,42.4,49.8,26,23.7,44,26.2,21.4,44,45.6,27.2,25.7,29.2,17.7,28.6,49.1,21.3,19.8,,87.1,253.9,114.1,88.8,33.8,88.5,18.6,39.9,33,61.7,31.3,46,48.5,42.2,52.6,39.2,39.2,36.6,47.2,55.3,25.8,46.5,22.8,49.4,125.9,21.5,22.6,31,,45.4,2099.2,42.4,23.1,27.8,31.8,22.5,65.5,23.3,17.6,17,24.8,22.5,28.6,23.3,33.4,30.3,33.9,21.5,30.6,34.6,,,,,,
1973/11,33.2,29.4,28.4,24.9,42.2,48.9,24.2,20.8,46.7,26.9,22.6,44,46.4,27.5,26.6,30.3,17.9,29,49.1,24.1,19.8,,89.8,256.8,116.6,91.2,34.1,102.1,18.6,39.7,32.6,61.2,31,46,48.5,42.2,53,39.2,39.3,36.8,47.2,59.7,25.8,46.9,22.8,51.1,125.9,21.5,22.6,31,,45.4,2101.2,42.8,23,27.8,31.8,23,65.5,22.8,17.6,17,24.6,24.9,25.3,20.4,33.8,30.8,34.2,22,31.8,35,,,,,,
1973/12,34.3,31,29.4,25.3,42.9,52.8,28,22.5,51.6,28.5,24.2,46.9,46.4,29,26.8,30.3,18.2,29.4,49.1,27.4,19.9,,95.1,265.8,118.7,91,34.8,126.7,18.6,40.3,33.5,61.8,32,46.2,48.6,42.4,53,41.8,39.3,37,47.2,64,25.8,48.3,22.8,55.2,125.9,21.5,22.6,31,,46.9,2201.6,46.5,23.5,27.8,31.8,23,65.6,22.9,17.6,17,26.7,25.2,31.6,22,34.7,32.2,35.4,22,31.5,35.9,,,,,,
1974/01,35.2,32.2,30.4,25.1,43.1,58.2,31.3,20.3,52.2,30.8,30.1,48.6,46.4,30.3,27.7,30.5,19.3,29.9,49.1,27.8,20.6,,99.1,276.8,131.5,91.6,36.5,133.6,18.6,40.6,33.1,61.8,31.5,48.2,48.6,47.9,56,41.8,40.4,37.4,47.9,71.4,25.8,49.4,23.7,55.8,125.9,21.8,22.6,33.4,,47.2,2222.1,47.7,23.4,27.9,32.4,23,69.8,24,17.6,17,26.9,24.5,35.8,19.7,35.7,33.7,36.3,22.8,31.6,37,,,,,,
1974/02,36.8,34.4,31.5,27.9,44.4,58.2,37.7,22.2,53.6,32.6,30.8,50.9,46.6,30.6,27.8,30.5,19.9,29.8,49.1,27.8,20.4,,106.6,323.9,135.6,93.9,41.9,117.9,18.6,40.8,32.2,61.8,30.3,48.4,48.7,47.9,57.4,42.8,45.3,42.2,48.2,75.8,30.6,51.1,24.8,57.9,125.9,21.8,22.6,33.4,,50.2,2496.5,50.7,24.8,28.9,33.5,25.2,69.8,24.4,17.6,17,30.7,25.9,46.3,21.5,36.9,35.2,38.1,23.1,31.6,38.4,,,,,,
1974/03,37,34.1,31.5,25.9,44.1,58.8,37.2,24,54.2,33.6,31.4,51.3,46.6,30.6,29.2,30.5,23.8,29.8,49.1,28.8,20.3,,106.5,328.9,135.6,93.9,42.6,109.4,18.6,41.4,32.7,61.8,30.9,49.2,48.9,49.7,59.5,43.3,45.4,43.4,49.8,100.4,30.6,51.6,24.8,58.3,131.7,21.8,22.6,33.4,,50.7,2496.5,52.5,25,28.7,34.8,27.9,69.8,24.7,17.6,17,30.4,25.1,45.1,23.4,37.3,34.9,38.4,25.5,31.2,38.8,,,,,,
1974/04,37.8,35,31.6,26.7,44.7,58.8,39.1,26,56.7,35.3,32.6,51.3,46.6,30.9,29.8,31.1,24.5,29.8,49.1,28.8,20.3,,111.2,349.3,138.3,94.3,43.6,111.4,21.4,40.5,30.5,62.7,27.9,49.3,49,49.8,62,45.9,46.6,43.5,50.3,100,30.6,52.2,23.7,63.9,131.7,23.8,25,33.4,,51.1,2543.6,47.9,25.2,30.6,34.9,28.1,70.2,24.8,17.6,17,32.5,26.4,48.8,25.5,37.8,35.4,39.1,26,31.6,39.3,,,,,,
1974/05,37.8,34.6,31.6,26.1,44.5,58.2,35.3,24.8,56.7,35.6,32.6,51.3,53.5,31.4,30.5,32,24.8,29.8,49.1,28.8,20.3,,112.4,345.7,143.3,94.4,43.7,114.5,25.8,42,36.6,63.7,35.6,39.8,33.9,49,62,45.9,46.6,43.4,49.7,98.2,30.6,52.3,23.7,64,131.7,23.8,25.2,33.4,,51.1,2553.9,48,25.1,30.6,34.9,28.1,70.2,24.9,17.6,17,29.9,25.3,41.9,24.2,38.2,35.9,39.1,26.3,32.2,39.7,,,,,,
1974/06,38,33.8,31.6,25.6,44.7,56.5,28,27,58,36.1,32.6,51.3,53.7,32.5,30.8,32.3,24.9,37,57.4,28.7,28.7,,112.3,344.8,143.3,94.4,43.6,114.5,25.8,43.1,38.5,64.9,37.9,39.8,33.9,49.3,62.6,45.9,46.6,43.4,50,98.2,30.6,52.5,23.7,64.9,131.7,23.8,25.2,33.4,,51.3,2553.9,48.3,25.2,30.8,34.9,28.1,70.2,24.9,17.6,17,26.7,24.7,28.5,26.5,38.9,36,39.3,26.5,32.4,40.4,,,,,,
1974/07,38.8,34.7,31.6,26.6,44.7,63.5,28.1,32.6,58.6,36.1,32.6,51.3,54.1,32.5,31.1,32.8,25,37.8,57.4,28.7,29.9,,112.9,342.8,148.7,94.4,44.1,118.4,25.8,41.6,35.7,64.9,34.4,39.8,33.9,49.3,62.6,45.9,46.7,43.4,50,98.2,30.6,52.5,23.7,64.9,131.7,23.8,25.2,33.4,,55.6,2594.8,52.5,32.3,30.8,36.9,28.5,70.6,32.1,17.6,17,29,26.2,28.8,32.4,39.5,36.3,40.2,26.7,32.8,41,,,,,,
1974/08,38.6,34.6,31.6,27.8,47,63.5,24.7,31.2,59.1,36.1,32.6,52.2,54.1,32.7,31.5,33.2,25.2,37.5,57.4,28.7,29.5,,113.3,346.5,151.6,94.4,43.7,117.9,25.8,38.8,31.6,64.9,29,37.6,30.9,47.9,62.6,45.9,46.7,43.3,49.6,97.7,30.6,52.5,23.7,64.9,131.7,23.8,25.2,33.4,,55.7,2594.8,52.6,32.8,30.8,37.2,29,70.9,32.1,17.6,17,28,28,22.4,30.9,39.4,36.6,39.8,26.9,33.1,40.8,,,,,,
1974/09,39.4,35.3,31.6,28.6,46.8,68.5,28,26.9,61,36.6,32.6,55.3,54.1,33.3,31.6,33.3,25.2,38,57.4,32.5,29.5,,116,365.3,156.4,93.8,43.7,116.2,25.8,42.9,35.2,62.7,34.1,47.8,47.3,48.4,63.7,45.9,47.8,43.2,49.6,95.4,30.6,52.7,23.9,65,131.7,23.8,25.2,33.4,,55.1,2601,49.8,32.7,30.8,38.7,32.4,71.2,32.1,17.6,17,29.2,29.2,28.5,26.5,40.1,37.2,40.7,27.1,33.4,41.7,,,,,,
1974/10,40.5,36.5,38,28.1,46.8,69,30.3,20.5,62.3,38.2,32.6,55.6,54.1,35.2,31.9,33.7,25.2,37.9,57.4,32.4,29.2,,116.6,363.3,156.4,93.8,44.1,120.1,25.8,43.4,35.8,62.7,35,50.3,50.9,49.4,63.7,45.9,47.8,48.2,50.9,95.4,35.5,54.5,25.5,65,134.5,25.5,25.2,45.3,,56.8,2601,56.7,32.9,30.8,38.8,32.8,71.3,32.2,17.6,17,28.3,28.7,32.2,19.9,41.5,39.1,41.8,27.2,33.7,43.2,,,,,,
1974/11,41.1,37.2,38.1,30.7,46.6,69.5,28.8,20.8,64.5,38.5,33.6,55.7,54.1,35.4,32.4,34.4,25.3,37.7,57.4,33.8,28.7,,117.7,365.3,156,100.4,44,120.1,25.8,43.5,35.9,62.7,35,50.3,50.9,49.4,63.9,45.9,48.2,48.3,51.5,95.4,35.5,59.6,29.8,67.7,134.5,25.5,25.2,45.3,,57,2601,54.4,32.8,31.9,38.9,32.8,71.3,32.6,17.6,17,29.8,32.5,29.8,20.2,41.9,39.4,42.4,27.4,34.1,43.5,,,,,,
1974/12,41.4,37.5,38.2,29,47.5,69.5,31.9,23.1,66.4,39.4,33.6,55.9,54.1,35.4,32.4,34.5,25.3,37.7,57.4,33.8,28.8,,117.1,362,154.9,100.4,44,119.8,25.8,43.9,36.6,62.7,36,50.4,51,49.4,63.9,45.9,48.2,48.4,52.1,95.4,35.5,61.9,31.9,67.7,134.5,25.5,25.2,45.3,,57,2598.9,53.8,33.3,31.9,39.4,33.7,71.4,32.6,17.6,17,30.5,30.2,35.4,22.6,42.2,39.6,42.7,27.4,34.1,43.9,,,,,,
1975/01,42,38.2,38.5,29.8,48.3,68.8,31.9,26.9,66.5,39.7,34.5,58.7,54.1,36.1,32.7,34.7,25.5,37.4,55.7,33.7,28.7,,119.7,374.7,153.1,101.4,45.3,119.4,25.6,43.3,36.8,63.1,36.1,46.6,45,49,63.4,45.4,48.5,48.4,52.2,94.1,35.5,63.5,34.3,67.8,134.5,26.7,26.6,45.3,,57.6,2601,55.4,33,32.6,40.5,34.4,72.4,33,17.6,17,31.9,31.9,35,26.4,42.6,40,43.4,28,35.8,44.3,,,,33.7,,
1975/02,42.2,38.5,38.6,29.9,48.7,68.8,32.6,28.5,67.2,39.7,34.7,60,54.1,36.1,33.5,35.7,25.6,37.4,55.7,33.7,28.5,,118.8,376.4,151.1,99.2,45.7,114.8,25.6,43.2,36.8,63.1,36.1,46.6,45,49,63.6,45.4,48.5,48.3,51.8,94.1,35.5,63.7,34.3,68.4,134.5,26.7,26.6,45.3,,57.4,2598.9,54.6,33,32.8,40.9,35.7,72.8,33,17.6,17,32.3,30.9,36.4,28.1,42.8,40.3,43.5,28.3,36.4,44.4,,,,33.7,,
1975/03,42.2,38.8,38.4,29,49.8,73.4,33.5,30.5,67.2,39.7,35.5,60,54.1,36.2,33.6,35.8,25.6,37.2,55.7,33.7,28.3,,118.2,374.7,148.5,99.2,45.7,113.7,25.6,42,33.9,63.1,32.5,47.2,45.2,50.3,66.5,45.4,49.8,48.3,51.7,94.1,35.5,63.8,34.3,68.6,134.5,26.7,26.6,45.3,,57.8,2598.9,56.1,33,32.8,41,36.5,72.8,33,17.6,17,32.6,29.1,38,30.2,42.7,40.6,43.6,28.3,36.5,44.3,,,,33.7,,
1975/04,42.5,38.7,38.4,27.9,50.1,71.1,32,32.1,67.2,39.7,36.5,60.1,54.2,36.9,33.8,36.4,25.4,37.2,55.7,33.7,28.3,,116.6,360.4,148.2,99.2,44.6,118.4,25.6,42.2,33.9,63.1,32.4,47.3,45.8,49.8,66.4,45.4,54.2,48.6,54.3,94.1,35.2,62.6,32,69.2,134.5,29.4,30.3,45.3,,61.3,2596.9,58.7,33,37.3,41.4,38,72.8,32.9,17.6,17,32.3,29,35.3,31.8,43.1,40.5,43.9,28.3,36.7,44.8,,,,37.1,,
1975/05,43.1,39,38.1,27.5,50.9,69.7,36.1,31.7,67.5,39.7,36.7,60.1,54.5,36.9,33.9,36.4,25.4,37.2,55.7,33.7,28.3,,117.1,365.7,148.2,99,44.1,117.8,25.6,45.1,38.6,63.1,38.4,47.3,45.6,50,66.4,45.8,56.6,49.4,57.6,94.1,35.2,62.7,32,69.3,134.5,29.4,30.3,45.3,,61.3,2596.9,59,33.1,37.3,41.6,38,74.2,33,17.6,17,33.7,28,42,31.4,43.6,40.4,44.4,28.3,36.8,45.3,,,,37.1,,
1975/06,42.7,38.2,38.4,28.1,53,65.7,30.4,28.6,67.3,39.7,35.1,60.4,55.2,36.9,34.4,37.2,25.8,37.1,55.7,33.4,28.3,,115.7,364.1,144.6,99,44.1,113,25.6,45.8,39.9,63.1,40,47.1,45.4,49.6,66.4,45.8,57.3,49.4,57.6,94.5,35.2,62.7,32,69.3,134.5,29.4,30.3,45.3,,59.9,2596.9,52.6,33.1,37.5,41.6,38,74.5,32.9,17.6,17,30.3,28.9,32.3,28.2,43.7,40.6,44,28.8,37.4,45.3,,,,37.1,,
1975/07,42.7,38.1,38.6,28,55.4,64.4,28.4,30,67.2,39.7,35.2,60.4,55.2,36.9,34.6,37.4,25.8,38,55.7,33.6,30.3,,115.4,361.6,145.2,99,44.1,111.1,27.6,44.8,38.1,63.1,37.8,47.1,45.4,49.6,66.4,45.8,57.3,49.8,57.7,94.2,35.7,62.8,32,69.5,134.5,29.4,30.3,45.3,,59.9,2594.8,51.8,33,38,41.6,38,74.5,32.9,17.6,17,29.8,28.7,29.1,29.8,43.7,40.7,43.9,28.8,37.5,45.3,,,,37.1,,
1975/08,42.3,37.8,38.6,29.7,56.9,64.4,24.7,24.5,65.8,39.8,37.2,60.4,55.9,37.5,34.6,37.4,25.8,38,55.7,33.6,30.3,,115.4,361.6,145.2,99,43.8,110.5,27.6,41.8,33,63.1,31.4,47.1,45.4,49.6,66.4,45.8,57.3,50.1,59.1,94.2,35.7,62.7,32,69.3,134.5,29.4,30.3,45.3,,61.3,2594.8,57.3,33.2,38,41.9,39.3,74.5,32.9,17.6,17,27.2,30.7,22.9,24,43.7,41.3,43.6,28.8,37.5,45.2,,,,37.1,,
1975/09,43.6,39.5,43.4,29.9,57,70.4,29.4,27.6,66.1,40.8,35.4,60.5,58,37.6,34.6,37.4,26,38,55.7,33.6,30.3,,115.4,362.4,145.2,99.2,43.8,110,27.6,46.8,40.7,63.1,41.1,47.7,46.2,49.9,67.7,47.8,57.3,50.1,59.1,94.7,35.7,62.8,32,69.5,134.5,29.4,30.3,45.3,,60.5,2594.8,54.6,33.2,37.7,41.9,39.3,74.7,32.9,17.6,17,30.4,30.7,30.8,27.1,44.6,42.4,44.9,29,37.6,46.3,,,,37.1,,
1975/10,44.2,40.5,43.4,29.5,57.6,69.7,33.4,34,66,40.9,37,60.1,58,37.6,35.3,38.1,26.3,39.2,55.7,33.6,30.4,,113.5,351.8,146,99.2,43.5,108.4,27.6,46.9,41,63.1,41.5,47.8,46.6,49.4,67.7,47.8,57.8,50.3,59.8,94.7,35.7,63.1,32,70.3,134.5,29.4,30.3,45.3,,60.6,2623.5,54.2,33.2,37.7,42.1,39.3,75.9,32.9,17.6,17,33.9,29.9,37.4,33.7,44.8,42.4,45.6,29.4,38.1,46.4,,,,37.1,,
1975/11,43.8,39.4,43.5,28.6,58.2,69.7,30.8,27.1,66,41.1,37.3,60.1,58,37.6,35.1,38,26.3,39.2,55.7,33.6,30.4,,113.9,351.8,146,99.2,43.5,110,27.6,46.8,40.6,63.1,41,47.8,46.7,49.3,67.8,47.8,57.8,50.3,59.8,94.7,35.7,63.7,32,71.6,134.5,29.4,30.3,45.3,,60.6,2611.2,54.7,33.1,37.7,42.7,41.5,75.9,32.9,17.6,17,29.7,28.2,32.9,26.6,44.9,42.6,45.1,29.3,38,46.6,,,,37.1,,
1975/12,43.8,39.7,43.5,30,57.4,68.7,31.9,24.7,66.4,41.1,39,60.1,58,37.8,35.3,38,26.4,39.4,55.7,33.6,30.7,,114.1,351.8,146,100.7,43.5,110,27.6,45.7,38.9,63.1,38.8,47.8,46.6,49.4,68.2,47.8,57.8,50.3,60,94.7,35.7,64.2,33,71.8,134.5,29.4,30.3,45.3,,61.3,2611.2,53.7,33.7,38.7,42.8,41.8,75.9,32.9,17.6,17,30.6,30.7,34.6,24.2,44.9,42.6,45.2,29.6,38.4,46.6,,,,37.1,,
1976/01,44.8,40.9,43.5,31.3,57.3,68.2,39.1,23.1,66.2,41.1,38.1,60.6,60.9,38,35.3,38,26.8,39.7,55.7,33.6,31.4,,115,362,146,96.9,43.5,109.7,27.6,45,37.4,63.1,37,48.1,47.2,49.4,68.2,47.8,57.8,50.3,60,94.7,35.7,65.5,34.4,72.9,134.5,29.5,30.3,45.3,29.1,61.1,2555.9,54.8,33.5,38.7,50.2,42.6,75.9,32.9,26.2,17,34.6,33.1,46.8,22.5,45.4,42.7,46.3,29.7,38.4,47.1,,,,37.1,,
1976/02,45.1,41.5,43.5,29.8,57.6,73.9,39.3,28.1,66.2,41.6,38.1,65,60.9,38.2,35.7,38.3,27.1,39.9,55.7,33.6,31.8,,115.4,365.7,146.2,97.6,43.5,109.4,27.6,44.6,36.9,63.6,36.2,47.5,46.3,49.4,68.2,47.8,57.8,50.2,60,94.1,35.7,66.3,34.4,72.9,140.5,29.5,30.3,45.3,29.1,61.4,2555.9,56.2,33.5,38.7,50.8,43.5,75.9,34.1,26.2,17,35.2,30.7,47.1,27.6,45.6,43.2,46.6,30,38.7,47.4,,,,37.1,,
1976/03,45.3,41.7,43.5,30,58,73.8,38.3,29.2,66,41.8,38.9,65,60.9,38.8,35.7,38.3,27.1,39.9,55.7,33.6,31.8,,115,363.7,146.7,96.3,43.7,108.9,27.6,44.9,37.4,63.6,36.9,47.5,46.3,49.4,69,47.8,57.8,50.2,60,94.1,35.7,66.3,34.4,72.9,140.5,29.5,30.3,45.8,29.1,62.2,2555.9,59,33.8,38.7,50.9,44,76,34.1,26.2,17,35.1,31,45.3,28.8,45.9,43.5,46.8,30,38.7,47.6,,,,37.4,,
1976/04,46.7,43,44.1,30.6,58.6,73.9,44,28.8,66.4,42.6,39.4,64.7,60.9,40.1,36.9,39.9,27.3,39.9,55.7,33.6,31.8,,114.4,358.3,149.5,96.3,43.7,108.9,27.6,45.9,38.7,63.6,38.4,48.7,47.1,51.2,70.1,48.1,57.8,52.6,60,94.1,38.8,65.5,33,73,140.5,38.3,42.6,45.8,35.6,62.6,2601,56.4,33.8,39.8,51.4,46,76,34.1,26.2,17,38,31.7,54.8,28.4,47,44.2,48.2,31.2,41.3,48.8,,,,46.6,,
1976/05,47.1,43.5,44.1,31.6,58.6,73.9,44.8,31.5,66.4,43,37.4,64.5,60.9,40.3,37.2,40,27.9,39.9,55.7,33.6,31.8,,117.1,376.4,149.5,95.9,43.7,110.7,27.6,47,40.2,63.8,40.4,49.4,48.8,50.6,70.1,48.7,57.8,52.5,60,93.8,38.8,65.4,33,72.7,140.5,38.3,42.6,45.8,35.6,62.4,2601,55.6,33.8,39.8,51.9,46,76,34.1,26.2,38.6,40,33.4,56.3,31.1,47.2,44.1,48.6,31.6,41.4,49,,,,46.6,,
1976/06,46.9,42.8,44.2,31.6,58.6,72.3,39,31.6,66.6,43.1,37.8,65.1,60.9,40.3,37.8,40.7,28.2,39.9,55.7,33.6,31.8,,115,357.1,151.9,98.1,43.2,111.4,27.6,47.1,40.3,63.8,40.6,49.6,49.1,50.6,70.1,48.7,57.8,52.5,60,93.8,38.8,65.4,33,72.7,140.5,38.3,42.6,45.8,35.6,63,2584.6,55.4,34,41.1,52,46,76.4,34.1,26.2,38.6,37.2,33.2,46.6,31.2,47.4,44.3,48.4,32,41.9,49.1,,,,46.6,,
1976/07,47.2,43,44.3,32.8,59.7,70.8,31.5,38.8,67.6,44,42.1,67.5,60.9,40.5,37.9,40.8,28.5,43.7,67.4,34.3,33.6,,115.7,357.1,159.6,98.1,43.7,111,27.6,47.2,40.3,63.8,40.5,50,49.1,51.6,70.1,48.7,57.8,52.6,60.1,93.8,38.8,66.4,33,75.2,140.5,38.3,42.6,45.8,35.6,62.8,2584.6,54.3,33.9,41.1,52.1,46.7,76.4,34.1,26.2,38.6,36.7,35,34.4,38.5,47.8,44.7,48.8,32.1,41.9,49.6,,,,46.6,,
1976/08,46.9,42.2,44.2,33.1,60.1,70.1,31.1,26.1,67.5,44.7,41.4,67.9,60.9,42,38,40.9,28.7,44.1,67.4,35.3,33.9,,115.9,357.9,159.6,98.9,43.7,111.4,27.6,45.7,38.7,65.8,38.1,45.9,42,51.6,70.9,48.7,57.8,53,60.2,94,39.2,66.4,33,75.2,140.5,38.3,42.6,45.8,35.6,64.2,2588.7,56.9,34.5,42,52.3,46.7,76.7,34.4,26.2,38.6,33.1,36,33.7,25.6,47.9,45.1,48.4,32.3,42,49.7,,,,46.6,,
1976/09,48.3,44.1,47.5,36.1,59.4,71,33.6,30.7,67.6,44.7,42.3,68,60.9,42.4,38.1,40.9,28.9,44.7,67.4,38.1,33.9,,117.1,359.6,159.6,98.9,44.8,114.6,27.6,50.9,45,66,46.2,54.1,55.8,51.7,71.6,48.7,59.2,53,60.2,94,39.2,66.4,33,75.3,140.5,38.3,42.6,45.8,35.6,63.7,2588.7,54.9,34.6,42,52.4,46.7,76.7,34.5,26.2,40.9,37.7,40.7,37.7,30.3,48.9,45.9,49.9,32.3,42.1,50.8,,,,46.6,,
1976/10,48.8,44.7,47.5,35.3,58.8,71,35.4,33.5,67.6,44,41.9,68,60.9,44,38.2,40.9,29.5,44.7,67.4,38.1,33.9,,118.8,369.4,164.1,101,44.8,113.7,27.6,51.7,45.7,66,47,53,53.5,52.2,75.3,48.4,59.2,53,60.5,94,39.2,68.4,36.5,75.3,140.5,38.4,42.7,45.8,35.6,64.3,2588.7,57.5,34.5,42,52.5,46.7,76.7,35.3,26.2,40.9,38.7,39.4,40.4,33.2,49.3,46.2,50.5,32.6,42.1,51.3,,,,46.8,,
1976/11,49.2,44.2,47.7,36,57.8,71,30.2,34.3,67.8,44.5,42.3,68,61,44,39.6,42.7,29.5,44.7,67.4,38.1,33.9,,120.3,368.6,166.2,103.4,46.4,115.6,27.6,51.8,45.7,66,47,53.7,54.7,52.2,75.3,48.4,59.2,54,63.6,96.2,39.2,71.8,42.6,75.3,140.5,38.4,42.7,45.8,35.6,65,2564.1,60.4,34.5,42,52.6,46.9,77.3,35.3,26.2,40.9,37,40.5,31.7,33.9,50,46.3,50.6,33.2,43.4,51.8,,,,46.8,,
1976/12,49.8,44.9,47.7,38.3,56.9,72.4,31.8,32.3,68.1,44.5,45.4,68.6,61,44,39.6,42.7,29.5,44.7,67.4,38.1,33.9,,120.7,368.6,166.2,104,46.4,117.4,27.6,50.8,43.7,66,44.4,54.4,55.6,52.9,75.4,48.5,59.2,54,63.6,96.2,39.2,79.8,43.9,75.3,199.3,38.4,42.7,45.8,35.6,65.5,2564.1,60.4,35.3,42.2,52.6,46.9,77.3,35.3,26.2,40.9,38,42.7,34.3,31.8,50.5,46.7,51.4,33.2,43.5,52.4,,,,46.8,,
1977/01,49.9,45.3,47.8,36.6,56.9,72.6,38.6,31.5,67.9,44.5,45.3,68.5,61,44,39.8,42.9,29.5,44.6,67.4,37.9,33.8,,119.8,366.5,166.2,98.1,46.4,119,27.6,48.7,41.6,75.9,40,50.7,49.6,52.4,75.4,48.4,59.2,53.9,63.4,96.2,39.2,79.8,43.9,75.4,199.3,38.4,42.7,46.1,35.6,65.5,2564.1,61.4,34.6,42.2,53.5,49.9,77.6,35.1,26.2,40.9,39.6,39.2,46,31,50.4,46.8,51.4,33.3,43.6,52.2,,,,46.8,,
1977/02,49.9,45.7,47.8,37.1,56.8,74.7,39.7,32.5,67.6,44.8,43.3,67.5,61,44,39.8,43,29.6,44.6,67.4,37.9,33.8,,121.8,366.5,163.2,104,46.5,125.2,27.6,47.1,39.4,75.9,37.2,47.5,44.2,52.4,75.4,50.5,59.2,54.2,63.8,98.5,39.2,79.7,43.9,75.2,199.3,38.4,42.7,46.1,35.6,65.3,2564.1,60.7,34.7,42.2,54.1,50.1,77.6,37.3,26.2,40.9,40.8,40.1,47.6,32.1,50.3,46.8,51.5,33.4,43.6,52.1,,,,46.9,,
1977/03,50.2,46.2,47.6,36,57.2,78.1,41.6,34.5,69.4,45,44.5,67.7,61,44.8,39.7,42.8,29.7,44.6,67.4,37.9,33.8,,121.8,366.5,163.2,104,46.8,124.3,27.6,48,40.5,75.9,38.6,47.7,44.2,53,76.5,50.7,59.2,54.4,64.6,98.5,39.2,79.7,43.9,75.2,199.3,38.4,42.7,46.1,35.6,65.1,2564.1,60.5,34.7,42.1,54.1,50.4,77.6,37.3,26.2,40.9,41,37.6,50.2,34,50.5,47.4,51.9,33.3,43.5,52.4,,,,46.9,,
1977/04,51.5,46.7,47.9,36.9,57.1,73.6,42,36,68.5,45,45.5,69.2,61,45.8,41.3,44.7,30.4,44.9,68.6,37.9,33.8,,123.8,359.6,166.2,107.8,47.5,124.1,37.2,49,41.2,65.3,41.4,50,48.6,52.3,77.2,53.8,60,54.5,66.1,96.2,39.2,82.6,42.6,76.5,225.1,43.1,49.2,46.1,38.9,69.1,2566.1,61.9,34.8,48,54.3,50.4,79.5,37.1,26.2,40.9,42.4,39.2,50.9,35.5,51.8,47.6,53.1,35.1,46.8,53.7,,,,52.9,,
1977/05,52.6,47.5,47.9,38,58,73.1,44.7,36.8,68.6,45.3,45.5,68.9,61,45.8,41.9,45.4,30.8,44.9,68.6,37.9,33.9,,124.1,361.2,168.3,107.8,47.5,124.1,37.2,53.6,47.6,75.9,47.7,55.5,56.4,54.2,77.2,53.8,60,54.5,66.1,96.2,39.2,82.6,42.6,76.7,225.1,43.1,49.2,46.1,38.9,70.2,2564.1,61.8,34.8,50,54.6,51.2,79.5,37.5,26.2,40.9,44.5,41,54.8,36.4,52.7,47.8,54.2,35.7,47.5,54.6,,,,52.8,,
1977/06,52.2,46.5,47.9,39.3,58,70.8,40.2,30.5,68.2,45.4,46.1,69.3,61,45.9,42.2,45.7,30.8,44.9,68.6,37.9,33.9,,123,353.4,172.4,108,47.2,122.9,37.2,53.5,48.2,76.4,48.4,52.8,51.5,55,77.5,53.8,60.1,55.6,66.1,106.2,39.2,83.3,43.7,76.8,225.1,43.1,49.2,46.1,38.9,70.3,2564.1,61.9,34.9,50,54.6,51.2,79.5,37.5,26.2,40.9,40.5,41.3,47.1,29.8,52.9,48.1,53.8,35.8,47.7,54.8,,,,52.9,,
1977/07,51.9,45.9,47.7,40.6,59.4,71.3,32,29.6,68.1,45.4,46.8,71.6,63.1,46,42.5,46,30.9,44.9,68.6,37.9,33.9,,124.1,353.4,172.4,117.3,46.9,122.9,37.2,52,45.7,76.3,45.2,52.8,51.5,55,77.5,53.8,60.1,55.6,66.1,106.2,39.2,83.3,43.7,76.8,225.1,43.1,49.2,46.1,38.9,70.5,2564.1,62.9,34.9,50,54.6,51.2,79.5,37.5,26.2,40.9,36.9,42.6,33.4,28.9,53,48.7,53.4,35.8,47.9,54.9,,,,52.9,,
1977/08,51.7,45.8,47.7,41.4,59.4,71.3,30.2,27.9,68.2,46,48,71.6,63.1,46.1,42.8,46.4,31,44.9,68.6,37.9,33.9,,124.7,353.8,172.4,117.3,48.4,122.5,37.2,49.5,43,76.1,41.8,46.9,41.4,55,77.5,53.8,60.1,55.7,66.8,106.2,39.2,83.4,43.7,76.9,225.1,43.1,49.2,46.1,38.9,71.5,2564.1,66.9,35.1,50,54.7,51.2,80.4,37.5,26.2,40.9,35.4,43.5,28.4,27.3,53,49.1,53.1,36,48.1,54.9,,,,52.9,,
1977/09,52.9,47.9,50.7,43.1,59.1,75.2,38.9,29.1,68.1,46,48,71.9,63.1,46.1,43.3,46.9,31,44.9,68.6,37.9,33.9,,124.1,355.5,165.5,116.8,48.4,121,37.2,52.6,46.4,76.3,46.1,53,53.5,52.3,77.5,53.8,60.1,55.7,66.8,106.2,39.2,83.5,43.7,77.1,225.1,43.1,49.2,46.1,38.9,70.7,2564.1,63.3,35.1,50,54.7,51.2,80.4,37.6,26.2,40.9,41.2,46.6,43,28.4,53.5,49.7,54.4,36.2,48.5,55.4,,,,52.9,,
1977/10,53.3,48.2,50.7,41.7,59.1,75.4,37.3,37.3,68.4,46.3,48,71.9,63.1,46.1,43.8,47.6,31.1,44.9,68.6,37.9,33.9,,125.4,364.5,165.5,116.8,49,121.3,37.2,54.4,48.3,76.3,48.5,56.6,59.7,52.3,78.5,52.9,60.1,55.7,66.8,106.2,39.2,83.4,43.4,77.2,225.1,43.1,49.2,46.1,38.9,70.4,2564.1,61.9,35,50,54.7,51.2,80.7,37.6,26.2,40.9,41.7,43.8,40.2,36.9,53.9,49.8,54.8,36.6,49.3,55.7,,,,52.9,,
1977/11,52.6,46.5,50.9,40.6,59.2,72.4,30.6,32.6,68.5,46.1,48,72.4,63.1,46.1,44,47.8,31.1,45.2,68.6,37.9,34.3,,126.3,369.8,165.5,116.8,49,121.7,37.2,54.5,48.2,76.3,48.5,56.6,59.7,52.3,78.9,53.2,60.1,55.8,67,106.2,39.2,83.5,43.4,77.3,225.1,43.1,49.2,46.1,38.9,70.4,2564.1,61.9,35.1,50,54.7,51.2,80.7,37.6,26.2,40.9,36.1,41.4,29.2,32.1,53.9,49.8,54.1,36.6,49.3,55.7,,,,52.9,,
1977/12,52.4,45.9,51.1,40.9,59.2,73.1,31.5,24.8,68.1,45.7,48.1,72.4,63.1,46.1,43.8,47.6,31.2,45.2,68.6,37.9,34.3,,125.7,367.8,164.4,116.8,49,120.3,37.2,53.8,47,76.3,46.8,57.1,60.3,52.4,78.9,53.5,60.1,55.8,67.1,106.1,39.2,84.4,45.2,77.3,225.1,43.1,49.2,46.1,38.9,71.4,2545.7,64.8,35.7,50.1,54.9,51.7,80.7,37.7,26.2,40.9,34.6,42.4,30.6,24.1,53.9,49.6,53.8,36.6,49.2,55.7,,,,52.9,,
1978/01,52.5,46.8,51,41.9,59.2,73.2,37.6,22.4,68.4,46,48.1,72.9,63.1,46.1,44.2,48.1,31.3,44.9,68.6,37.9,33.7,,125.6,367.8,164.4,116.8,48.8,120.3,37.2,50.8,42.8,75.8,41.6,54.1,55.3,52.4,78.9,53.5,60.2,56.5,67.1,106.1,40.2,84.4,45.2,77.3,225.1,43.1,49.2,46.1,38.9,70.5,2545.7,62.9,35.1,50,55.3,53.4,80.7,37.7,26.2,40.9,37.6,44.3,41,21.7,53.6,49.7,53.9,36.8,49.6,55.4,,,,52.9,,
1978/02,52.8,47.3,51,42.4,59.1,72.6,37.9,26.2,68,45.8,47.2,72.5,63.1,46.4,44.7,48.7,31.4,44.9,68.6,37.9,33.7,,125.4,365.7,164.4,116.8,48.7,121.4,37.2,50.2,42,75.8,40.6,52.3,52.3,52.4,79.8,53.5,60.3,60.1,67.1,106.1,45,84,45.2,76.4,225.1,43.4,49.2,48,38.9,71.5,2545.7,66.9,35.3,50,55.5,53.4,80.7,38.3,26.2,40.9,39.2,45,41.3,25.5,53.7,49.7,54.2,37,49.9,55.4,,,,53.2,,
1978/03,52.9,47.3,51,41.2,58.9,71.2,37.5,30.4,66.7,45.8,47.2,72.5,63.1,46.4,44.9,48.9,31.6,44.4,68.6,37.9,32.5,,126.3,369,165,116.8,48.7,123,37.2,50.3,42.3,75.9,40.9,50.8,49.8,52.4,83.5,53.5,61,60,66.5,106.1,45,82.6,43.6,75.3,225.1,43.4,49.2,48,38.9,73.2,2533.4,70.3,37.2,50,55.7,54.2,80.7,38.5,26.2,40.9,39.2,42.7,40.5,29.8,53.8,49.7,54.3,37.4,50.5,55.6,,,,53.2,,
1978/04,54.2,48.7,51.2,42.6,58.9,71.2,42,35.1,66.5,45.8,46.9,72.5,63.1,46.4,45.9,50,32.2,44.4,68.6,37.9,32.5,,125.9,365.3,166.2,116.8,48.7,123,37.2,51,43.2,75.8,42.2,50.8,49.8,52.5,83.4,54.4,61.4,59.8,65.6,106.1,45,82.6,43.6,75.3,225.1,49.3,57.3,48,45.3,75.1,2527.2,67.5,37.3,54.3,55.7,54.2,80.7,38.5,26.2,40.9,43,43,48.3,34.6,54.7,50,55.6,38.5,52.5,56.4,,,,59.7,,
1978/05,54.8,49,51.2,41.8,58.9,70.3,44,35.7,66.2,45.8,46.9,72.4,66.7,46.8,47.7,52.1,32.7,44.3,68.6,37.9,32.3,,125.7,365.3,166.2,114.5,49.1,123,37.5,53.1,44.7,76,44,58.2,60.7,54.5,83.4,54.4,61.4,60,66.5,106.1,45,82.3,43.6,74.7,225.1,49.3,57.3,48,45.3,75.9,2527.2,70.8,37.2,54.3,56,55,80.7,38.5,26.2,40.9,43.4,41.4,51.2,35.4,55.4,50.4,56.1,39.6,54.5,57,,,,59.7,,
1978/06,54.4,48.3,51.2,42.2,58.9,70.2,40.2,32.8,66.2,45.8,46.9,72.4,66.7,47,47.9,52.5,32.7,44.1,68.6,37.7,31.8,,125.3,362,166.2,114.6,49.5,122,37.5,53.1,45,76.5,44.4,56.2,57.3,54.9,83.4,54.4,61.4,59.8,66.5,104.7,45,82.3,43.6,74.4,225.1,49.3,57.3,48,45.3,75,2529.3,66.6,37.4,54.3,56,55,80.7,38.5,26.2,40.9,40.7,41.5,44.8,32.4,55.3,50.4,55.7,39.7,54.7,56.9,,,,59.7,,
1978/07,54.6,48.7,51.2,43.2,57.7,70.6,36.6,39.7,66.9,45.5,46.9,72.4,66.7,47,48.2,52.8,32.7,44.1,68.6,37.7,31.8,,125.3,364.9,166.2,114.6,49.5,119.7,37.5,53,44.9,76.6,44.2,56.2,57.3,54.9,83.4,54.4,61.4,59.9,66.6,104.7,45,82.8,45.6,73.2,225.1,49.3,57.3,48,45.3,75.2,2555.9,66.9,37.4,54.3,56.2,55.6,80.7,38.5,26.2,40.9,41.9,43.4,38.7,39.4,55.4,50.4,55.8,39.8,54.9,56.9,,,,59.8,,
1978/08,53.9,48.3,51.2,44.7,57.7,71.4,36.3,31.9,66.9,46.3,46.9,71.4,66.7,47.1,48.2,52.8,32.7,44.1,68.6,37.7,31.8,,125.3,364.9,166.2,114.6,49.5,119.8,37.5,46.5,36.5,76.2,33.5,47.4,42.4,54.9,83.4,54.4,61.4,59.9,66.6,104.7,45,82.2,45.6,71.4,225.1,49.3,57.3,48,45.3,77.5,2555.9,75.5,37.5,54.7,56.2,55.6,80.7,38.5,26.2,40.9,40.5,46,38.3,31.4,54.8,50.5,55.1,39.8,54.9,56.3,,,,59.8,,
1978/09,54.8,49,51.2,43.7,57.8,71.4,41,34.6,67.2,45.8,46.9,71.6,66.7,47.2,48.2,52.8,32.8,44.1,68.6,37.7,31.8,,126.2,368.2,166.2,115.6,49.5,121.3,37.5,52.8,45.5,76.3,45,53,53.5,52.4,84.5,54.5,62.2,59.9,66.6,105.2,45,81.6,45.6,70.1,225.1,49.3,57.3,48,45.3,77.1,2555.9,72.9,37.5,55,56.1,55.6,80.7,38.4,26.2,40.9,42.5,43.9,45.7,34.1,55.5,50.7,56.1,39.8,54.7,57,,,,59.8,,
1978/10,55,48.9,51.2,43.5,57.8,71.5,38.8,36.1,67.2,47.2,46.9,71.6,66.7,47.2,48.2,52.8,32.9,42.7,64.8,37.7,31,,126.9,376.4,166.2,115.6,49.3,120.7,37.5,54.6,47.2,76.3,47.2,56.8,60.3,51.9,85,53.6,62.2,60,67.1,105.3,45,82.8,48,69.7,225.1,49.3,57.3,48,45.3,76.7,2555.9,71,37.7,55,56.2,55.8,80.7,38.4,26.2,40.9,41.9,43.7,42.4,35.7,55.8,50.8,56.3,39.8,54.7,57.4,,,,59.8,,
1978/11,54.7,48.2,51.2,43.2,57.8,70.4,35.4,34.9,67.3,47.1,47.3,71.6,66.7,47.2,48.2,52.8,32.9,42.7,64.8,37.6,31,,128,379.6,166.2,119.7,49.5,120.7,37.5,54.8,47.6,76.3,47.7,56.8,60.3,51.9,85,53.6,62.2,60.1,67.4,105.3,45,83,48,69.9,225.1,49.3,57.3,48,45.3,75.9,2555.9,67.4,38,55,56.2,55.8,80.7,38.4,26.2,40.9,39.4,42.6,36.5,34.4,55.8,50.9,55.9,39.8,54.7,57.4,,,,59.8,,
1978/12,54.5,48,51.2,43.5,57.8,71,35.7,30.9,67.1,47.1,47.3,71,66.7,47.3,48.2,52.8,33,42.4,64.8,37.6,30.1,,127.6,376,165,119.7,49.5,120.7,37.5,54.4,46.7,76.3,46.5,56.8,60.3,51.9,85,54.3,62.3,60.1,67.4,105.3,45,83,48,69.9,225.1,49.5,57.3,48.8,45.3,76.3,2553.9,67.4,38.9,55,56.3,56.3,80.7,38.4,26.2,40.9,38.6,43.2,37.1,30.2,55.7,50.9,55.8,39.8,54.7,57.3,,,,59.8,,
1979/01,54.7,48.9,51.2,44.7,57.8,75,40.1,29.8,67.1,46.8,47.3,71.1,66.7,47.3,48.2,52.8,33,42.2,64.8,37.6,29.7,,126.8,374.3,158.5,119.7,49.5,121.1,37.5,52.3,43.1,76.3,41.9,56.6,59.9,51.9,85,54.3,62.3,60.1,67.4,105.3,45,83.7,49.7,69.3,225.1,49.5,57.3,48.8,45.3,75.6,2553.9,65.3,38.2,55,56.3,56.3,80.7,38.4,26.2,40.9,41.2,45.2,44.4,29.1,55.6,51,55.9,39.8,54.7,57.1,,,,59.8,,
1979/02,54.7,49,52.6,45.4,57.8,75,37.8,30.6,67.2,47.1,47.3,71.1,66.7,47.3,48.2,52.8,33,42.2,64.8,37.6,29.7,,127.1,374.3,158.5,119.7,50,121.1,37.5,51.8,42.6,76.3,41.3,55,57.3,51.9,85,54.3,62.3,60.2,67.7,105.3,45,83.7,49.7,69.3,225.1,49.5,57.3,48.8,45.3,75.6,2553.9,65.3,38.2,55,57.1,57.2,80.9,40.6,26.2,40.9,41.2,47.2,40.5,29.9,55.6,51.1,56,39.9,54.7,57.1,,,,59.8,,
1979/03,54.8,49.1,52.6,44.5,57.8,72.9,39.2,33.2,66.9,46.8,47.3,71.1,66.7,47.6,48.1,52.6,33.3,42.2,64.8,37.6,29.7,,126.9,373.1,159.6,119.7,50,120.7,37.5,51.4,42.8,76.8,41.5,51.2,50.9,51.9,85.3,54.4,63,60.2,68,105.3,45,83.2,48,70.1,225.1,49.5,57.3,48.8,45.3,78.2,2590.7,75.4,38.2,55,57.1,57.2,80.9,40.6,26.2,40.9,41.9,45.4,42.8,32.6,55.6,51.1,56.1,40,54.5,57.2,,,,59.8,,
1979/04,55.7,50,52.6,43.2,57.8,73.1,44.4,36.9,67.2,46.8,47.5,71.3,66.7,48.6,48.3,52.7,33.5,43.1,68.6,37.6,29.7,,127.3,364.1,160.1,119.7,50.1,120.7,44,51.4,43,76.8,41.6,50.9,50.8,51.1,85.3,55.4,63.1,61.1,69.2,100.1,46.5,84.6,48,73.8,225.1,54.4,64.7,48.8,45.3,77.7,2590.7,69.7,38.2,56.6,57.1,57.2,80.9,40.6,26.2,40.9,45.4,45,51.7,36.4,56.1,51,57.1,40.2,54.8,57.8,,,,64.7,,
1979/05,56.4,50.5,52.6,42.6,57.8,72.7,45.4,41.5,67.2,46.9,47.5,71.1,66.7,48.6,48.5,53,34,43.3,68.6,37.6,30.3,,128.3,372.3,160.1,119.7,50.1,121.1,44,55.3,47.4,77.8,47.2,58.4,61.9,53.4,85.3,55.4,63.1,61.1,69.2,100.1,46.5,85.4,48,75.7,225.1,54.4,64.7,48.8,45.3,78.3,2590.7,71.3,38.2,56.9,57.1,57.2,80.9,40.6,26.2,40.9,47.6,45.8,53.2,41.1,56.6,50.7,57.9,40.5,55,58.3,,,,64.7,,
1979/06,56.4,49.6,52.6,44.3,58.1,72.7,37.6,38.2,67.2,47,47.8,71.5,66.7,48.6,48.7,53,34.2,46.9,68.6,37.6,38.5,,127.6,365.7,159.6,119.7,49.9,122,44,55.4,48,78.1,47.9,57.6,57.3,58.3,85,55.4,63.1,61.1,69.2,100.1,46.5,88.4,49.8,80.8,225.1,54.4,64.7,48.8,45.3,77.8,2590.7,70.3,38.2,56.6,57.1,57.2,80.9,40.7,26.2,40.9,43.2,46.7,40,37.8,57.2,51.2,57.8,40.6,55,58.9,,,,64.7,,
1979/07,56.9,50.6,52.6,45.9,58.1,72.7,37.7,46.1,67.2,47,47.8,71.5,66.7,48.6,48.7,52.9,34.5,47.7,68.6,37.6,40.7,,126.9,359.6,159.6,119.7,50,123.3,44,55.4,47.9,78.1,47.8,57.6,57.3,58.3,85.5,55.4,63.1,61.1,69.1,100,46.5,89,49.8,82.1,225.1,54.4,64.7,48.8,45.3,77.2,2590.7,68.1,38.2,56.5,57.3,57.5,80.9,41,26.2,40.9,46.8,49.4,40.1,45.8,57.3,51.1,58.4,40.7,54.9,59,,,,64.7,,
1979/08,55.8,48.6,52.6,45.3,58.1,72.9,31.4,34.9,67.3,47,47.8,71.5,66.7,48.6,48.7,52.9,34.6,50.5,68.6,39.3,46.1,,127.3,360.8,159.6,119.7,50,123.3,44,51.9,43.5,78.1,42.1,51.7,47.4,58.3,85.5,55.4,63.3,61.1,69.3,100,46.5,90,50.8,83.1,225.1,54.4,64.7,48.8,45.3,77.2,2590.7,65.9,38.4,57.2,57.3,57.5,80.9,41,26.2,40.9,39.8,48.2,29.2,34.4,57,51.2,57.3,40.7,54.8,58.7,,,,64.8,,
1979/09,57,49.3,52.6,45.9,58.2,75.7,37.5,30,67.4,47.2,48.4,71.5,66.7,48.6,48.8,53.1,34.7,51.3,68.6,41.1,47.1,,128,364.1,163.2,119.7,50.4,123.3,44,58.7,52.2,78.4,53.2,61.4,65.3,55.8,86.5,55.4,63.8,61.1,69.3,100.1,46.5,90,50.8,83.3,225.1,54.4,64.7,48.8,45.3,77.9,2588.7,69.7,38.2,56.9,57.9,57.5,80.9,43.5,26.2,40.9,41.3,48.2,39.8,29.3,58.1,51.6,58.6,40.8,55,60,,,,64.8,,
1979/10,58.2,51.2,52.6,46.2,58.2,75.7,37.4,46.6,67.2,47.2,50.6,71.5,66.7,50.4,49.5,53.9,34.8,53.5,68.6,42.9,51.3,,131,384.1,156.5,122.4,51.3,124.2,44,58.5,52.2,78.5,53.2,60.5,64.2,55.3,86.5,54.3,63.9,61.1,69.5,100.1,46.5,91.1,52.5,83.7,225.1,54.4,64.7,48.8,45.3,78.2,2588.7,70.5,38.3,56.8,58.3,58.9,80.9,43.5,26.2,40.9,46.7,49.3,39.4,46.3,58.7,52,59.7,41.1,55.5,60.5,,,,64.8,,
1979/11,58,50.6,52.8,46,57.7,78.2,40.9,34.3,67.3,47.4,51.2,71.6,66.7,50.4,49.5,53.9,34.8,53.8,68.6,42.9,52.1,,130.3,382.1,156.5,120.7,50.9,123.8,44,58.5,52.2,78.5,53.1,60.5,64.2,55.3,86.6,54.8,63.9,61.2,69.8,100.1,46.5,91.2,52.5,83.8,225.1,54.4,64.7,48.8,45.3,78.9,2590.7,72.5,38.3,57.3,58.3,58.9,80.9,43.5,26.2,40.9,44.8,49.6,45.4,33.8,58.8,52,59.6,41.2,55.7,60.6,,,,64.8,,
1979/12,58.5,51.3,52.8,47.5,57.2,81.9,45.7,26.4,67.9,47.6,51.3,71.6,66.7,51.5,49.7,54.1,34.8,57,68.6,44.2,59,,133.5,386.2,155.7,128.9,50.9,131.3,44,57.6,50.4,78.8,50.8,60.2,63.6,55.3,86.6,54.8,63.9,61.2,70,99.6,46.5,92.1,52.5,85.9,225.1,54.4,64.7,48.8,45.3,79,2590.7,72.5,39.1,56.9,58.5,59.8,80.9,43.5,26.2,40.9,45.4,51.5,53.2,25.6,59.2,52.7,60.2,41.6,56.5,61.1,,,,64.8,,
1980/01,59.5,53,52.7,49.8,57.4,79.1,54.3,29.3,68.6,48.2,51.6,72.2,66.8,51.3,49.8,54.2,35.3,59.6,68.1,46.2,59,,131.5,363.3,155.9,129.3,51.9,133.2,44.9,56.8,48.2,79.1,48,62,65.9,56.1,87.5,55.1,63.9,61.5,70.1,98.8,47,93.3,54.8,85.8,224.9,55,65.8,48.8,45.3,78.7,2594.8,70.8,39.2,56.9,59.7,59.8,80.9,45.8,26.3,40.9,52.5,56,68.2,28.4,59.5,52.6,61.2,41.6,56.1,61.2,,,,65.6,77.3,
1980/02,60,53.7,54.7,49.3,57.4,78.2,56.8,32.2,68.5,48.2,51.6,72,66.8,51.3,49.8,54.2,35.4,62.1,68.1,47.2,64.9,,132.3,364.9,155.9,129.3,51.9,136.4,44.9,57,48.4,79.1,48.2,62.1,66.1,56.1,87.5,55.1,63.9,61.5,70.1,98.8,47,94.2,54.8,87.7,224.9,55,65.8,48.8,45.3,78.8,2603,71.3,39.2,56.8,60.5,61.2,80.9,47.6,26.3,40.9,54,54.8,72,31.6,59.9,53,61.8,41.6,56.2,61.7,,,,65.7,77.4,
1980/03,60.4,54,54.7,47.2,57.6,79.7,59.4,33.3,69,48.2,51.7,72.1,69.4,52.2,50,54.5,35.5,63.3,68.1,51.6,64.9,,134.1,374.3,153.6,129.3,53.3,138,44.9,55.7,47.9,79.1,47.5,57.1,57.5,56.4,88.9,55.7,64.4,61.9,70.1,98.8,47.4,94.6,55.3,88,224.9,55.1,65.8,49.8,45.3,79.7,2584.6,74.3,39.1,56.9,60.7,61.7,80.9,48.3,26.3,40.9,54.5,52.3,76.4,32.6,60.2,53.2,62.1,41.7,56.2,62,,,,65.7,78.3,
1980/04,61.1,53.5,55.4,46.8,57.6,80,50.9,35.9,69.6,48.7,51.7,71.6,70.3,54,50.7,55.1,35.8,73.4,98.3,54.3,70.1,,135.1,371.9,155.9,129.9,54.5,140.2,45,57.2,48.5,79.1,48.4,60.5,63.1,56.6,92.9,56.1,65.5,61.9,70.4,99.2,47.4,93.3,52.6,88.9,224.9,59.3,71.4,49.8,47.7,81,2584.6,72.1,39.5,60,60.7,61.7,80.9,48.3,26.3,40.9,50.5,50.9,61.5,35.4,61.5,53.9,62.9,42.2,56.9,63.5,,,,68.9,79.2,
1980/05,61.6,53.4,56,46.3,58.1,80,45.8,37,69.7,49.9,52.1,72.7,73.9,55,51,55.4,36.7,73.5,97.9,55,70.1,,135.4,373.1,155.9,130.3,54.5,141.5,45,58.2,51.8,82.5,51.9,57.5,58.4,56.2,92.9,56.1,65.5,62.9,70.8,102.7,48,93.7,53.3,89,225.1,59.3,71.4,49.8,47.7,81.5,2555.9,71.3,39.6,61.3,64.6,61.7,80.9,48.3,31.8,40.9,47.8,50,52.3,36.7,62.3,54.6,63.4,42.8,57.4,64.5,,,,69,79.9,
1980/06,61.8,52.4,56.1,44.7,58.5,77.2,42.6,33.2,71.2,50.1,52.5,73.5,73.9,55,52,56.6,36.8,74,97.9,57.1,70.1,,135.9,371.5,155.9,131.8,55,143.1,45,61.7,54.5,82.4,55.2,67.2,74,57.2,92.9,56.1,65.5,63,70.8,104.4,48,93.4,53.3,88.2,225.3,59.3,71.4,49.8,47.7,83.2,2555.9,72.3,43.5,61.2,64.6,61.7,80.9,48.3,31.8,40.9,43.5,46.5,46.7,32.8,63,54.8,63.5,43.2,58.1,65.3,,,,69,81.4,
1980/07,62,52.7,56.1,46.6,58.6,77.2,39.5,35.7,71.6,50.2,52.6,73,73.9,55,52.1,56.6,37,74.4,98.5,57.1,70.6,,136.3,371.9,155.9,131.8,55,144.4,45,61.7,54.5,82.4,55.2,67.2,74,57.2,92.4,56.1,65.5,63.6,71.5,109.1,48,92.9,53.3,86.8,225.3,59.3,71.4,49.8,47.7,83.5,2555.9,71,45.2,61.1,65.4,64,81.1,48.7,31.8,40.9,44.5,50.4,41.2,35.4,63.2,54.8,63.7,43.3,58.2,65.4,,,,69,81.6,
1980/08,60.8,51.7,56.1,46.4,58.6,79.1,35.5,29.5,74.2,50.2,53,73.4,73.9,55,52.1,56.6,37,74.4,98.5,57.1,70.6,,137.1,371.9,155.9,131.8,55.2,149,45,52.5,42.3,82.4,40.3,53.4,50.9,57.2,93.3,56.1,65.5,63.5,71.5,109.1,48,92.6,53.3,86.1,225.3,59.3,71.4,49.8,47.7,84.8,2555.9,74.7,45.4,61.4,65.4,64,81.1,48.7,31.8,40.9,40.4,50.2,34.1,28.8,62.4,54.9,62.3,43.3,58.1,64.5,,,,69,82.7,
1980/09,62.2,53.3,56.4,45.1,58.6,79.1,43.8,37.3,75.5,50.3,53.4,72.6,73.9,55,52.3,56.9,37.1,74.2,98.5,56.5,70.6,,137.7,371,155.9,135.5,55.6,149.6,45,60.7,52.4,82.5,52.6,66.6,71.9,58.9,93.7,56.4,66,63.8,72.7,109.1,48,92.1,53.3,84.7,225.3,59.3,71.4,49.8,47.7,84.1,2557.9,72.5,45.4,61.2,65.4,64,81.1,48.7,31.8,40.9,45.5,47.1,48.3,37.1,63.3,55.2,63.9,43.4,58.2,65.4,,,,69,82.1,
1980/10,62.5,54,57.2,45.8,59.1,83,43.8,40.8,76,51,53.4,72.9,73.9,55,51.8,56.2,37.1,72.9,98.5,56.5,66.9,,140.4,393.6,156.2,133,55.9,149.8,45,60.3,51.2,82.5,51.3,65.8,70.4,59.1,94.2,56.7,66,63.8,72.7,109.1,48,93.1,54.9,84.7,225.7,59.3,71.4,49.8,47.7,84.9,2478.1,76,45.3,61.3,65.5,64,81.8,48.7,31.8,40.9,46.6,48.4,46,40.8,63.5,55.8,64.3,43.3,57.8,65.8,,,,69,83.4,
1980/11,62,52.9,57.8,45.7,59.1,83,40.4,32.9,75.9,51.2,53.7,73,73.9,54.8,51.8,56.2,37.2,71.9,98.5,56.9,64,,143,391.5,156.2,134.4,58,150.3,53,60.8,52.2,82.5,52.5,65.9,70.5,59.1,94.2,56.7,66,63.7,72.5,109.1,48,92.8,55,84.2,225.7,59.4,71.4,51.8,47.7,85.5,2498.6,77.1,45.3,61.7,65.6,64,82.4,48.7,31.8,40.9,42.4,48.7,39.9,32.2,63.5,55.8,63.8,43.3,57.8,65.8,,,,69.2,83.9,
1980/12,62.3,53.5,57.9,46.3,59.1,83,43.2,33,75.9,51.2,53.1,73.5,73.9,55,51.8,56.3,37.2,71.5,98.5,57.2,62.9,,143,391.9,155,134.4,58,150.6,53,60.8,52.2,82.5,52.5,65.9,70.5,59.1,94.2,56.7,66,63.7,72.5,109.1,48,92.3,55,83.9,220.2,59.4,71.4,51.8,47.7,85.6,2484.2,76.2,46.2,61.7,65.7,64.6,82.4,48.8,31.8,40.9,44.2,49.6,44.7,32.3,63.5,55.9,64,43.3,58,65.8,,,,69.2,84,
1981/01,62.9,54.9,58,47.1,59.5,83.7,51.6,33.6,75.3,52,53.3,73.5,73.9,55.4,52,56.5,37.2,71.4,98.5,57.2,62.7,,142.7,393.6,149.6,135.8,58,150.5,53,59.7,51,82.5,50.9,63.4,66.3,59.1,94.6,57.4,66,64.1,74,109.1,48,93.9,57.8,83.8,220.2,59.4,71.4,51.8,47.7,85.5,2527.2,75.9,45.5,61.9,65.7,64.6,82.4,48.8,31.8,40.9,49,50.5,59.1,33,63.7,56.3,64.8,43.4,58.1,65.9,,,,69.2,83.9,
1981/02,62.9,55.3,58.1,46.5,61,84.6,54.3,34.3,75.5,51.2,55.1,73,73.9,55.4,52.1,56.5,37.6,71.4,98.5,57.2,62.7,,142.7,393.6,148.7,135.8,58,151.5,53,57.1,46.6,85.2,45,62,64.3,58.5,94.6,57.4,66,64.1,74,109.1,48,94.3,57.8,83.8,223.6,59.4,71.4,51.8,47.7,86.5,2527.2,78.7,45.5,62.3,65.7,64.6,82.4,48.3,31.8,40.9,50.6,50.2,63.8,33.7,63.5,56.4,64.8,43.6,58.1,65.7,,,,69.2,84.8,
1981/03,63.2,55.6,58.1,47.2,61.5,85.4,55.1,32.4,75.5,51.4,55.1,75.5,74,55.6,52.4,56.7,38,71.4,98.5,57.2,62.7,,142.2,392.7,149,135.8,58,149.5,53,57.4,47.2,85.2,45.8,62,64.3,58.5,94.2,57.4,66,63.8,74.6,109.1,47.5,94.4,57.8,84.2,223.6,59.4,71.4,51.8,47.7,86.9,2527.2,79.9,45.6,62.3,65.7,64.6,82.5,48.3,31.8,40.9,50.9,51.5,65.2,31.6,63.7,56.6,65,43.9,58.2,65.9,,,,69.3,85.1,
1981/04,63.6,55.6,58.3,46.6,61.8,82,53.5,35.9,75.2,51.4,55.1,78.3,74,55.8,52.5,56.9,38.1,71.4,98.5,57.2,62.7,,143.6,402.6,149.3,135.8,58,149.2,53,58.9,47.6,85.3,46.4,67.2,72.5,59.5,95.2,57.5,66,64.1,76.2,109.1,47.5,93.3,55.1,85.4,225.9,68.2,82.4,56.1,49,87.2,2527.2,77.9,45.8,63.7,65.7,64.6,82.5,48.8,31.8,40.9,50.5,49.5,62.4,35.5,64.3,56.8,65.5,43.9,58.2,66.5,,,,76.3,85.3,
1981/05,64.5,55.9,58.3,45.7,62,78.1,50.4,42.5,75.3,51.4,55.1,78.3,79.1,56.4,52.8,56.9,39.2,73.1,98.5,57.2,67,,143.5,402.6,149.3,136.3,58.1,148.2,53,61.8,52.5,85.1,52.4,68.6,75,59.5,95.2,59.1,66,64.3,76.7,109.1,47.5,98.5,61,88.4,226.1,68.2,82.4,56.1,49,87.7,2527.2,77.7,45.6,64.8,65.7,64.6,82.5,48.8,31.8,40.9,50.1,47.5,56.7,42.4,65.3,57.2,66.5,44.5,58.2,67.6,,,,76.5,85.9,
1981/06,64.3,55.5,58.3,45.8,61.9,75.2,47.3,42.4,76.2,51.6,55.1,78.3,79.1,56.8,53,57.4,38.7,73.1,98.5,57.2,67,,143.3,398.1,149.3,136.3,58.2,150.3,53,61.8,53.8,85.2,54.1,65.4,69.5,59.6,95.2,59.3,66,65.9,76.7,109.1,49.5,98.5,61,88.5,226.1,68.2,82.4,56.1,49,87.2,2527.2,75.4,45.5,65,65.8,64.6,82.6,48.8,31.8,40.9,48.7,48.4,51,42.2,65.3,57.1,66.3,44.5,59,67.6,,,,76.5,85.4,
1981/07,64.3,55.3,59.6,46.1,61.7,74.1,45.4,41.3,75.6,51.6,55.1,78.1,79.1,56.9,53.2,57.4,39.1,73.1,98.5,57.2,67,,143.2,396.8,149.3,136.3,58.3,150.3,53,60.9,53.9,85.3,54.1,61.3,62.4,59.6,95.2,59.3,66,66.3,76.8,112.9,49.5,99.3,62.6,87.8,226.1,68.2,82.4,56.1,49,87.8,2527.2,77.7,45.5,65,65.9,64.6,83.2,48.8,31.8,40.9,47.5,48.8,47.5,41.1,65.4,57.3,66.2,44.8,59.1,67.7,,,,76.5,86.7,
1981/08,64.3,55.5,60,47.8,61.8,74.1,42.4,43.7,76,51.6,55.1,78.1,79.1,56.9,53.2,57.5,39.1,75.4,98.5,57.2,73.1,,143.3,397.7,149.3,136.3,58.3,149.8,53,55.4,45.4,85.3,43.7,56.2,53.9,59.6,95.2,59.3,66,66.5,78,112.9,49.5,100.1,62.6,91.4,219.6,68.2,82.4,56.1,49,90.3,2519,86,45.7,65.3,65.7,64.6,83.2,47.7,31.8,40.9,47.9,51.7,42.2,43.6,65.3,57.4,66.1,44.8,59.2,67.6,,,,76.5,88.9,
1981/09,65,56.7,60.2,48.4,62.1,81.8,50.3,41.1,76.2,51.6,55.1,78.1,79.1,56.9,53.4,57.7,39.2,75.7,98.5,57.2,73.7,,143.9,404.6,149.3,136.7,58.5,148.3,53,58.5,48.3,85.2,47.3,63,65.6,59.2,95.2,59.3,66,66.5,77.9,112.9,49.5,100.2,62.6,91.7,219.6,68.2,82.4,56.1,49,88.6,2496.5,80,45.8,65.1,65.7,64.6,83.2,47.7,31.8,40.9,51.6,52.9,55.7,40.9,65.6,57.8,67,45.2,60,68,,,,76.5,87.3,
1981/10,65.7,57.7,60.3,48.9,62.1,84,44.5,59.5,76.3,52,55.1,78.5,79.1,57,53.4,57.7,39.1,75.4,98.5,57.2,73.2,,145.6,396.8,149.3,159.1,59,149.3,53,61.7,53.4,85.2,53.6,65.5,69.2,60.1,95.2,60,66,66.5,78,112.9,49.5,100.2,62.6,91.8,219.6,68.2,82.4,56.1,49,87.1,2496.5,74.7,45.9,65.1,66.6,67.1,84.2,47.7,31.8,40.9,55.5,54.5,45.4,60.5,66,57.9,67.8,45.2,60,68.4,,,,76.5,86,
1981/11,65.1,56.1,60.5,49.2,61.9,81.5,42,40.6,76.1,52.5,55.5,78.5,79.1,58.1,53.4,57.8,39.2,75.2,98.5,57.2,72.7,,146.3,402.2,149.3,159.5,58.9,149.3,53,62,53.4,85.2,53.6,66.8,71.5,60.1,95.2,60,66,66.6,78.4,112.9,49.5,100.2,62.6,91.8,219.6,68.2,82.4,56.1,49,87.7,2496.5,76.8,46,65.1,66.6,67.1,84.2,47.7,31.8,40.9,48,55.1,41.2,40.5,66.2,58.2,67.1,45.2,60,68.6,,,,76.5,86.6,
1981/12,65.5,57,60.8,48,61.6,85.4,49.7,41.1,75.7,52.5,55.5,78.7,79.1,58.1,53.4,57.6,39.2,75.2,98.5,57.2,72.7,,146.5,402.2,149.3,159.5,59.6,149.3,53,61.7,53,85.2,53,66.8,71.5,60.1,95.2,60,66,66.6,78.4,113.3,49.5,100.2,62.6,91.8,220,68.2,82.4,56.1,49,88.6,2496.5,78.7,46.7,65,67,68.3,84.3,47.7,31.8,40.9,51.4,52.9,54.6,41.2,66.3,58.3,67.6,45.2,60,68.7,,,,76.5,87.3,
1982/01,65.6,57.5,60.8,48.4,61.5,82.4,50.1,45.8,76.3,53,55.9,79.1,79.1,58.1,53.4,57.7,39.2,75.2,98.5,57.2,72.7,,146.5,403.8,149.3,159.5,59.2,149.3,53,59.7,47.7,85.2,46.5,66.8,71.5,60.1,95.2,60,68.6,66.8,79.3,113.3,49.5,102.3,65.8,91.8,220,68.2,82.4,56.1,49,88.2,2496.5,78.3,45.9,65.3,67,68.3,84.3,47.7,31.8,40.9,53.2,53.2,55.1,45.9,66.2,58.4,67.8,45.2,60,68.7,,,,76.6,87,
1982/02,65.4,57.4,60.8,48.2,61.5,80.1,50.2,45.6,75.8,53,55.9,79.1,79.1,58.1,53.5,57.9,39.2,75.2,98.5,57.2,72.7,,146.5,403.8,149.3,159.5,59.2,148.7,53,57.6,44.6,85.2,42.7,64.2,67.1,60.1,95.2,60,68.6,66.8,79.3,113.3,49.5,102.5,66,91.9,220,68.2,82.4,56.1,49,88.4,2496.5,79.3,46,65,67,68.3,84.3,47.9,31.8,40.9,52.5,52.3,54.5,45.8,66.1,58.4,67.5,45.3,60.1,68.4,,,,76.6,87.3,
1982/03,65.2,56.7,60.8,47.6,61.5,78.2,49.6,39.7,76.3,53,55.9,79.1,79.1,58.1,53.6,57.9,39.2,75.2,98.5,57.2,72.7,,146.6,403.8,149.3,159.8,59.2,149.8,53,58.2,45.6,85.2,43.9,65.5,69.2,60.1,93.8,60,68.6,66.8,79.3,113.3,49.5,102.5,66,91.9,220,68.2,82.4,56.1,49,88.4,2496.5,79.5,45.9,65,67,68.3,84.3,47.9,31.8,40.9,50.1,51.9,53.5,39.5,66.1,58.3,67.3,45.3,60.2,68.4,,,,76.6,87.3,
1982/04,65.6,57,61.8,48.6,61.6,78.2,49.4,38.4,76.3,53.1,55.9,78.7,79.1,58.8,54.2,58.8,39.4,75.2,98.5,57.2,72.7,,148,413.2,149.8,159.8,59.3,149.3,53,58.5,44.8,85.3,42.9,67.4,71.5,61.5,94.8,61.4,68.8,67,79.3,113.3,49.7,100.7,63,92.1,219.6,70.9,85.9,56.1,50,88.9,2486.3,79.3,46,66.1,69.5,68.3,97.6,47.9,31.8,40.9,50.2,54,52.7,38.1,66.6,58.6,67.6,46,61.6,69,,,,80.1,87.8,
1982/05,66.1,57,61.7,49,61.7,74.9,48.2,41,76.3,53.1,55.9,78.7,79.1,58.8,54.3,58.8,39.4,75.2,98.5,57.2,72.7,,148.6,413.2,149.8,159.8,59.3,153.1,53,62.5,52.5,85.3,52.4,67.7,71.9,61.6,94.8,61.4,68.8,67.2,79.3,114.6,49.7,101.4,64.2,92.1,219.8,70.9,85.9,56.1,50,89.1,2478.1,79.8,46,66.2,69.4,68.3,97.6,47.7,31.8,40.9,50.7,54.7,50.6,40.8,67,58.5,68.1,46,61.6,69.5,,,,80.1,88.4,
1982/06,66.5,56.7,62.1,48.9,61.7,73.7,46.4,39.2,76.3,53.1,56.7,78.3,79.1,58.8,54.4,58.9,39.5,77.6,98.5,57.2,73.7,,149.5,409.9,159.5,159.8,59.8,153.5,53,66.2,58,83.9,59.3,70.8,77.5,61.1,94.8,61.4,68.8,67.2,79.3,114.6,49.7,101.3,64.2,91.9,219.8,70.9,85.9,56.1,50,89.9,2478.1,82.3,46,66.2,69.4,68.3,97.6,47.7,31.8,40.9,48.7,53.5,47.4,38.9,67.7,58.7,68.6,46,61.6,70.2,,,,80.1,89,
1982/07,66.1,55.9,62.5,50.8,61.3,73.2,38.8,36.4,75.5,53.7,57.5,79,79.1,58.9,54.4,58.9,39.5,77.6,98.5,57.2,73.7,,148,407.5,149.8,159.8,59.8,152.1,53,65.9,58,83.9,59.3,70.8,77.5,61.1,94.8,61.4,68.8,67.2,79.3,114.6,49.7,101.4,64.4,91.9,219.8,70.9,85.9,56.1,50,89.6,2400.3,81.1,46,66.8,69.4,68.3,97.6,47.7,31.8,40.9,44.8,56.6,33.2,36,67.7,59,68.2,46.1,61.6,70.2,,,,80.1,88.6,
1982/08,65.5,56.1,62.7,53.3,62.1,73.6,38,32.3,76.2,53.7,57.5,78.9,79.1,58.8,54.5,59,39.5,79.7,98.5,57.2,79.1,,148,407.1,149.8,160.4,59.8,152.4,53,55.5,44.6,83.7,42.9,55,50.9,61.1,94.8,61.4,68.8,67.2,79.3,114.6,49.7,102.4,64.4,94.2,219.8,70.9,85.9,56.1,50,90.9,2400.3,84.3,46.2,67.1,69.4,68.3,97.6,47.7,31.8,40.9,44.8,61,31.8,31.6,67,59.1,67.4,46.1,61.8,69.5,,,,80.1,89.7,
1982/09,66.8,57.9,62.7,54,62.1,73.3,44.3,43.1,75.5,53.6,57.5,79.6,79.1,58.8,54.6,59.1,39.5,79.7,98.5,57.2,79.1,,147.9,411.6,149.8,156.1,59.8,151.2,53,60.5,49.7,83.7,49.2,65.2,67.9,61.2,94.8,61.4,68.9,67.2,79.3,114.8,49.7,102.2,64.3,93.9,219.8,70.9,85.9,56.1,50,91,2400.3,84.1,47,66.8,69.6,68.3,98.3,47.7,31.8,40.9,52.2,61.9,42.9,43.1,67.6,59.2,68.9,46.4,62.3,70,,,,80.2,89.7,
1982/10,67.2,58.1,62.8,53.6,62,73.2,45,45.3,75.3,53.7,57.5,79.6,79.1,58.8,54.6,59.1,39.5,79,98.5,57.2,77.5,,146.5,400.5,149.8,157.4,59.8,150.3,53,64,56,84.4,56.9,66.7,70.5,61.2,94.8,60.9,68.9,67.5,80.4,116.2,49.7,103.1,66,93.5,219.8,70.9,85.9,56.1,50,90.7,2351.1,83.5,47.1,67,69.6,68.3,98.2,47.7,31.8,40.9,53,61.3,44.1,45.3,67.9,59.2,69.3,46.4,62.3,70.5,,,,80.2,90.2,
1982/11,66.4,56.3,63.1,50.7,62,75.6,40.3,35.9,75.5,53.7,57.5,80.5,79.1,58.9,54.6,59.1,39.6,79,98.5,57.2,77.5,,146.6,400.1,149.8,158.5,60.1,150.3,53,64.1,56.2,84.4,57,66.7,70.5,61.2,94.8,60.9,68.9,67.5,80.3,116.2,49.7,103.1,66,93.5,219.8,70.9,85.9,56.1,50,90.4,2351.1,82.9,47,66.9,69.6,68.3,98.2,47.7,31.8,40.9,45.7,57.3,36,35.4,67.9,59.2,68.4,46.4,62.3,70.4,,,,80.2,89.9,
1982/12,66.9,57.1,63.1,50,62,78.3,46.5,36.9,75.5,53.8,57.5,80.3,79.1,59.1,54.7,59.3,39.7,79,98.5,57.2,77.5,,146.5,399.3,149,158.5,59.8,150.3,53,63.9,55.8,84.4,56.6,66.7,70.5,61.2,94.8,60.9,68.9,67.6,80.7,117,49.7,105.2,69.1,93.5,220,70.9,85.9,56.1,50,90.9,2351.1,82.9,48,66.8,70,69.7,98.2,48,31.8,40.9,47.8,54.2,45.8,36.5,68.2,59.6,69,46.5,62.6,70.8,,,,80.2,90.4,
1983/01,67.1,58.3,63.1,52.4,62,75.3,53.5,36.1,75.5,53.7,57.5,80.5,79.1,59.1,54.8,59.3,40,77.9,98.5,57.2,74.3,,146.5,399.3,149,158.5,59.7,150.3,53,60.8,50.8,84.4,50.4,64.8,67.2,61.2,94.8,60.5,67.3,67.3,81.3,117,49.2,104.6,69.1,92.5,220,70.9,85.9,56.1,50,91,2414.6,83.8,47.1,66.9,70,69.7,98.2,48,31.8,40.9,53,58.8,58.3,35.5,67.8,59.5,69.2,46.7,62.6,70.3,,,,80.4,90.5,
1983/02,66.8,58.2,63.1,52.8,62,73.1,52.7,35.4,75.4,53.7,57.5,80.5,79.1,59.1,54.8,59.3,39.9,77.2,98.5,57.2,72.7,,146.5,398.9,149,158.5,60.1,149.8,53,59.3,48.8,84.4,47.9,62.2,63,61.2,94.8,60.5,67.3,67.5,81.9,117,49.3,103.9,69.1,90.7,220,70.9,85.9,56.1,50,90.3,2316.3,82.5,47.2,66.9,70,69.7,98.2,48,31.8,40.9,52.8,59.7,56.8,34.9,67.5,59.4,68.8,46.7,62.6,69.9,,,,80.4,89.9,
1983/03,67,58.7,63.1,52.5,61.7,76.5,54.8,38.1,75.3,53.7,57.5,80.3,79.1,59.1,54.9,59.3,40,76,98.5,57.2,69.5,,146.6,397.7,152.1,158.5,60.1,150.6,53,59.7,49.8,84.4,49.2,61.8,63,60.3,93.9,60.5,67.3,67.6,82,117,49.3,103.2,69.1,88.9,220,70.9,85.9,56.1,50,91.3,2310.1,86.8,47.1,66.5,70.5,71.3,98.2,48.7,31.8,40.9,54.2,58.3,60.1,37.8,67.6,59.6,69,46.7,62.6,70,,,,80.4,90.7,
1983/04,66.9,58.6,63.2,51.7,61.7,75.3,55.5,36.8,75.2,53.7,57.5,80.6,79.1,59.3,55.6,60.4,40,74.3,98.5,57.2,65.2,,148.2,408.7,152.1,159.9,60.1,150.6,53,60,50.3,84.4,49.8,61.8,63,60.3,96.8,60.9,67.3,67.6,82,117.1,49.3,100.4,66.1,87,219.8,72.7,88.3,56.1,50.8,91.2,2316.3,83.7,47.2,67.9,71,71.3,98.8,48.7,31.8,51.2,53.5,56.8,61.4,36.4,67.6,59.7,68.9,48,65.7,70,,,,81.6,90.7,
1983/05,67.4,59,63.2,50.7,60.8,75.1,57.9,41.1,75.1,53.7,57.5,80.3,79.1,59.3,56,60.7,40,74.1,98.5,57.2,64.7,,148.3,408.7,152.1,161.2,60.1,150.6,53,62.1,52,84.3,51.8,66.8,71.1,60.7,96.8,60.9,67.3,67.6,82,117.1,49.3,100.4,66.1,87,219.8,72.7,88.3,56.1,50.8,91.2,2316.3,83.8,47.1,67.9,73.6,71.3,98.8,48.7,35.6,51.2,55.2,54.5,65.6,40.9,67.9,59.6,69.5,48.1,66.1,70.3,,,,81.6,90.7,
1983/06,67.4,57.6,64.1,50.9,60.8,72.8,46.5,39.8,75.3,53.7,57.2,80.3,81.5,59.4,56,60.7,40.1,74.1,98.5,57.2,64.7,,148.5,410.8,152.1,161.2,60.1,149.8,53,67.2,59.2,83.8,60.9,73.2,81.9,60.4,97.2,60.9,67.3,67.6,82,117.1,49.3,101.3,66,89.2,219.8,72.7,88.3,56.1,50.8,90.8,2316.3,82.1,47.1,67.9,73.8,71.3,99.5,48.8,35.6,51.2,48.7,54.5,45.4,39.5,68.6,59.9,69.4,48.2,66.1,71.1,,,,81.6,90.3,
1983/07,67.4,57.9,64.1,52.8,61,72.8,45.9,39.4,76.3,53.7,57.2,80.3,81.5,59.4,56.4,61.3,40.2,74.1,98.5,57.2,64.7,,147.9,406.3,152.1,161.2,60.1,149,53,67.4,59.2,83.8,60.9,73.2,81.9,60.4,97.6,60.9,67.3,67.6,82,117.1,49.3,101,66.1,88.1,219.8,72.7,88.3,56.1,50.8,90.3,2265.1,81,47.1,67.9,73.8,71.3,99.5,48.8,35.6,51.2,49.8,58.2,44.3,39.2,68.6,59.9,69.5,48.4,66.5,71.1,,,,81.6,89.9,
1983/08,66.9,58.6,64.9,52.2,61,75.6,46.9,45.9,75.2,53.6,57.2,80.3,81.5,59.6,56.4,61.3,40.1,74.1,98.5,57.2,64.7,,147.4,404.2,152.1,161.2,59.8,149,53,58.1,46.6,83.7,45.4,60.3,60.3,60.4,97.6,60.9,67.3,68.1,84.2,118.6,49.3,100.5,67.2,86.8,214.8,72.7,88.3,56.1,50.8,91.2,2265.1,83.2,47.3,68.3,73.8,71.3,99.5,48.8,35.6,51.2,52,56.8,46.1,46,67.7,60.2,68.9,48.3,66.5,70,,,,81.6,90.7,
1983/09,67.1,58.2,65.2,50.8,61.3,77.5,47.6,40.1,76.7,53.6,57.5,80.3,81.5,60,56.4,61.3,40.1,74.1,98.5,57.2,64.7,,148,409.1,151.9,161.2,60.1,149,53,62,50.5,84.3,50.1,68.2,73.7,60.1,97.6,62.2,67.3,68.1,84.2,118.6,49.3,100.1,67.1,86.2,214.6,72.7,88.3,56.1,50.8,90.7,2175,83.4,47.2,68,73.8,71.3,99.5,48.7,35.6,51.2,49.8,55.5,47.2,39.9,68.2,60.3,69,48.4,66.6,70.6,,,,81.6,90.2,
1983/10,67.4,57.9,65.2,49.9,61.3,77.5,47.5,38.8,76,53.5,57.5,81.2,83.1,60,56.4,61.3,40,74.1,98.5,57.2,64.7,,147.1,400.9,151.9,161.2,60.1,149,53,66.1,58.1,84.3,59.4,69.1,75.3,60.2,98.3,61.3,67.3,68.1,84.2,118.6,49.3,102.4,68.7,89,214.6,72.7,88.3,56.1,50.8,90.7,2172.9,83.2,47.3,67.9,73.9,71.8,99.5,48.7,35.6,51.2,49,54,47.8,38.5,68.7,60.2,69.5,48.4,66.6,71.2,,,,81.6,90.9,
1983/11,67.2,57.3,65.9,49.3,61.3,77.5,45,35.4,76,53.3,57.5,81.2,84.8,60.3,56.4,61.3,40,74.1,98.5,57.2,64.7,,146.8,400.1,151.9,161.2,60.4,147.6,53,65.5,57.3,84.3,58.4,69.8,76.3,60.2,98.3,61.4,67.3,68.3,84.7,118.5,49.3,102,68.6,88.3,214.6,72.7,88.3,56.1,50.8,90.6,2172.9,83,47.3,68,73.9,71.8,99.5,48.7,35.6,51.2,45.9,52.7,43.4,34.8,68.7,60.4,69.1,48.4,66.6,71.2,,,,81.6,90.8,
1983/12,67,57.1,65.6,46.9,61,77.8,49.2,32.9,76.3,53.3,57.5,80.4,84.8,60.3,56.4,61.3,40.1,72.4,98.5,57.2,59.9,,147.1,400.1,151.9,161.2,60.8,147.6,53,65.1,56.5,85.1,57.4,69.8,76.3,60.2,98.3,61.4,67.3,69.3,90,118.5,49.3,102.9,71.8,85.6,214.8,72.8,88.3,56.8,50.8,91.1,2172.9,83.3,48.4,67.9,74,72,99.8,48.7,35.6,51.2,46.6,50.9,51.3,32.2,68.5,60,69,48.4,66.6,70.9,,,,81.7,91.2,
1984/01,67.2,58.4,65.6,48.3,61,78.1,54.6,34.8,77.2,53.3,57.8,81.2,84.8,60.4,56.4,61.3,40.2,72.4,98.5,57.2,59.9,,146.9,399.3,151.9,161.6,60.8,147.6,53,60.6,49.4,85.1,48.6,66.9,72.5,58.9,98.3,60.6,67.3,69.3,89.9,118.7,49.3,103.4,71.8,86.7,214.8,72.8,88.3,56.8,50.8,90.9,2175,83.6,47.4,67.9,74,72,99.8,48.7,35.6,51.2,51.3,53.7,60.7,34.3,68.1,60.1,69.2,48.4,66.7,70.5,,,,81.7,91.1,
1984/02,67.9,60.1,66.5,49.7,61.5,78.9,65,34.3,77.2,53.3,57.8,81,84.8,60.4,56.4,61.3,40.2,73.3,98.5,57.2,62.4,,147.4,399.3,151.9,161.6,61,148.9,53,58.8,47.6,85.1,46.4,62.7,65.3,58.9,98.3,60.6,67.3,69.3,89.9,118.7,49.3,103,71.8,85.9,214.8,72.8,88.3,56.8,50.8,91.2,2175,84.7,47.5,67.9,74,72,99.8,48.7,35.6,51.2,57.2,56.4,77.1,33.8,68.2,60.5,69.9,48.4,66.7,70.5,,,,81.7,91.3,
1984/03,67.9,60.2,66.5,49.5,61.5,78.9,65.4,35.7,77.2,53.3,57.8,81,84.8,60.6,56.3,61.2,40.1,73.3,98.5,57.2,62.4,,148.2,403,151.9,161.6,61.9,148.9,53,58.9,47.9,87.8,46.4,62.7,65.3,58.9,98.3,60.6,67.3,68.9,90,118.7,48.7,101.7,68.7,87.2,214.8,72.8,88.3,56.8,50.8,91.7,2172.9,86.5,47.4,67.9,74,72,99.8,48.7,35.6,51.2,57.6,55.8,77.7,35.3,68.2,60.5,69.9,48.4,66.6,70.5,,,,81.7,91.8,
1984/04,67.9,59.7,66.6,47.7,61.8,76.1,66,33.4,77.4,52.1,58.6,80.4,84.8,60.9,56.4,61.4,40.2,73.3,98.5,57.2,62.4,,149.4,411.6,151.9,161.9,62.1,148.9,53,60.4,50.4,103.6,47.3,63,65.9,58.9,99.8,60.9,67.3,69.2,90,118.7,49.1,101.6,68.7,87.2,214.6,74.5,90.6,56.8,51.4,92.3,2172.9,82.9,47.5,70.5,74.1,72,100,48.7,35.6,51.2,55.7,52.6,78.3,32.8,68.5,60.5,70,48.9,67.7,70.8,,,,83,92.2,
1984/05,68.3,59.6,66.6,47.8,61.6,75.5,57.5,42,77.4,51.9,59.4,80,90.6,60.9,56.5,61.4,40.2,72.9,98.5,57.2,61.3,,149.4,411.6,151.9,161.9,62.1,148.9,53,63.4,53.3,103.3,50.8,68.9,75.7,58.9,99.7,61.9,67.3,69.2,90,118.7,49.1,102.7,70.5,87.3,214.6,74.5,90.6,56.8,51.4,93.5,2172.9,86.7,47.5,70.8,74.1,72,100,48.7,35.6,51.2,53.9,52,63.6,41.9,69,60.8,70.4,48.9,67.7,71.5,,,,83,93.9,
1984/06,67.7,58.2,66.6,47.7,61.3,74.7,51,34.9,77.3,52.4,59.7,80,90.6,61.4,56.5,61.5,40.3,72.9,98.5,57.2,61.3,,148.5,406.3,151.9,161.9,62.1,147.9,53,65.5,58.5,103.6,57.1,66.9,72.2,59.2,99.7,60.9,67.3,69.4,90,118.7,49.3,101.5,70.3,84.5,214.6,74.5,90.6,56.8,51.4,92.3,2138.1,83.1,47.4,70.7,74.3,72.7,100,49,35.6,51.2,48,52,52,34.4,69.1,60.9,69.8,49,67.8,71.6,,,,83,92.8,
1984/07,68.4,59.6,66.7,50.2,61,73.8,51.2,45.3,77.3,52.3,59.9,80.4,90.6,61.4,56.6,61.6,40.4,72.9,98.5,57.2,61.3,,149.8,403.8,151.9,162.2,62.2,147.4,60.6,65.5,58.5,103.6,57.1,66.9,72.2,59.2,99.7,60.9,67.3,69.4,90,118.7,49.3,101.6,70.5,84.5,214.6,74.5,90.6,56.8,51.4,92.4,2121.7,83.8,47.3,70.7,74.3,72.7,100,49,35.6,51.2,53.1,55.4,52.5,45.5,69.3,61.1,70.5,49.1,68,71.7,,,,83,92.9,
1984/08,67.5,58.9,66.7,51.9,61.2,72.8,44.7,42.8,77.3,52.3,59.9,80.4,90.6,61.4,56.7,61.6,40.4,72.9,98.5,57.2,61.3,,150,404.2,151.9,162.2,62.2,147.9,60.6,59.4,49.5,103.6,46.1,60.2,60.9,59.2,99.7,60.9,67.3,69.4,90,118.7,49.3,102,70.6,86.5,209.8,74.5,90.6,56.8,51.4,92.7,2119.7,84.1,47.5,71,74.3,72.7,100,49,35.6,51.2,49.8,57.7,41,43,68.7,61.2,69.5,49.1,68,71.1,,,,83,93.3,
1984/09,68.3,59.9,66.7,51.6,61.1,76.9,51.1,44,77.5,51.7,59.8,81.2,90.6,61.4,56.7,61.6,40.4,72.6,98.5,57.2,60.8,,150.4,412,156.4,155.4,62.2,146,60.6,63.3,56.8,103.2,55.1,59.8,60.4,59,99.6,62.9,67.3,69.4,90,118.7,49.3,102.6,70.4,88.5,209.8,74.5,90.6,56.8,51.4,92.5,2121.7,83.8,47.5,70.7,74.8,72.7,100,49,35.6,71.7,53,56.5,52.3,44.1,69.2,61.5,70.5,49.2,68.2,71.7,,,,83,93,
1984/10,69.3,61,67.1,52.5,61.3,78.1,49.6,58,77.4,51.6,59.6,81.2,90.6,61.4,56.7,61.6,40.3,72.6,98.5,57.2,60.8,,150.3,411.6,156.4,154.5,62.2,146,60.6,67.7,61,103.2,60.3,70.4,78.1,59.1,99.6,61.9,67.3,72.2,90.3,118.7,52.8,102.1,70.5,87.1,209.8,74.5,90.7,56.8,51.4,92.3,2099.2,83.4,47.4,70.7,74.8,72.8,100.1,49,35.6,71.7,58,58.5,49.8,59,69.7,61.4,71.5,49.2,68.3,72.3,,,,83,92.8,
1984/11,68,58.1,67.3,50.5,62.3,73.7,42.7,38.8,77.6,51.4,59.7,81.2,90.6,61.4,56.7,61.6,40.3,72.5,98.5,57.2,60.4,,150.4,410.8,156.4,154.5,62.7,146,60.6,68,61.8,103.3,61.1,70.4,78.1,59.1,99.6,61.9,67.3,72.2,90.3,118.8,52.8,101.8,70.4,86.4,209.8,74.5,90.7,56.8,51.4,91.7,2091,81.4,47.5,70.8,75.2,72.8,101.9,49,35.6,71.7,46.1,54.6,37.6,38.5,69.6,61.4,70,49.2,68.3,72.2,,,,83,92.3,
1984/12,68.8,59.7,67.2,49.5,62.3,72.5,48.2,52,77.7,51.5,59.7,81.2,90.6,61.5,56.7,61.6,40.4,71.6,98.5,57.2,57.9,,150.6,412,156.4,154.5,62.7,146,60.6,67.5,60.7,103.3,59.9,70.4,78.1,59.1,99.6,61.9,67.3,72.2,90.3,118.8,52.8,102.7,72,86.3,209.8,74.5,90.7,56.8,51.4,92.5,2052.1,83.2,48.7,70.7,75.2,72.8,101.9,49,35.6,71.7,53,53.1,47.3,52.6,69.7,61.3,70.9,49.3,68.3,72.2,,,,83,93.7,
1985/01,69,60.6,67.3,51.3,62.3,75.9,56.1,45.8,77,51.3,60.1,80.9,90.6,61.6,56.8,61.8,40.4,71.7,98.5,57.2,58,61.4,150.9,411.6,159.3,154.5,62.8,145.8,60.6,64,54.2,103.5,52.1,69.4,76.5,59.1,99.4,62.6,67.2,73.2,90.4,123.2,53.4,104.8,74.6,87.2,209.8,73.8,89.6,56.8,51.4,93.5,2031.6,85.9,47.6,72.1,75.2,73,101.2,49.5,35.6,71.7,55.8,55.5,60.1,45.8,69.6,61.6,71.2,49.5,68.7,72.2,,,,82.4,94.5,
1985/02,68.8,60.6,67,50.7,62.3,75.6,56.5,47.5,77,51.3,60.5,81.1,90.6,61.6,57,62,40.4,70.6,98.5,57.2,55.4,61.4,151.2,412,159.3,154.5,63.2,145.8,60.6,62.2,52.9,103.5,50.7,64.8,68.9,59.1,99.4,62.6,67.2,73.2,90.4,123.2,53.4,105.2,74.5,88.1,209.8,73.8,89.6,57.2,51.4,92.7,2031.6,84,47.7,71.4,75.2,73,101.4,49.4,35.6,71.7,56,54.2,60.8,47.7,69.4,61.6,70.9,49.5,68.9,71.9,,,,82.5,93.7,
1985/03,69.1,60.8,67.8,50.4,62.3,74,56,50.9,77.6,51.3,60.8,81.4,90.6,61.6,57,62,40.5,70.6,98.5,57.2,55.4,61.4,151.5,413.6,159.3,154.5,63.5,145.8,60.6,64.1,56.4,103.5,54.6,64.6,68.7,59.1,99.4,62.6,67.7,74.3,90,123.2,54.9,105.3,74.6,88.1,209.8,73.8,89.6,57.2,51.4,93.1,2039.8,86,47.8,71.3,75.3,73,101.4,49.5,35.6,71.7,56.8,54.8,59.8,51,69.6,61.6,71.3,49.6,68.9,72.2,,,,82.6,94.2,
1985/04,69,60.5,67.8,49.8,62.3,74.2,58.1,43.3,77.6,51.3,60.7,81.4,90.6,61.6,56.8,61.7,40.5,70.2,98.5,57.2,54.3,61.4,151.9,412.8,165.9,154.5,63.4,145.8,60.6,65,56.9,103.5,55.1,66.9,72.4,59.1,100.1,62.6,67.7,74.5,90,123.2,55.1,103.7,71.9,88.2,209.8,75.8,92.4,57.2,51.4,94,2029.6,88.4,47.7,71.7,75.1,73,101.4,49.1,35.6,71.7,55.8,54.7,63.8,43,69.6,61.5,71.3,49.8,69.4,72.2,,,,84.3,94.9,
1985/05,69.3,60.3,67.8,48.9,62.1,74.2,53.5,51.7,77.6,51.3,60.7,82.1,90.6,61.6,58.1,63.5,40.5,70.2,98.5,57.2,54.3,61.4,151.8,412.4,165.9,154.5,63.4,145.4,60.6,66.5,58.9,103.5,57.3,69.2,76.1,59.1,100.1,62.6,67.7,74.5,90,123.9,55.1,105.4,73.2,90.3,209.8,75.8,92.4,57.2,51.4,92.6,2037.8,82.9,47.7,71.7,75.1,73,101.1,49.1,35.6,71.7,55.1,52.8,56.2,51.8,70.1,61.5,71.3,50.2,70.4,72.4,,,,84.4,94.2,
1985/06,69.5,60.2,67.8,48.9,61.3,74.7,52.5,52.2,77.4,51.3,60.7,82.1,90.6,61.6,58.2,63.5,40.5,72.5,98.5,57.2,53.8,78.1,151.6,411.6,164.5,154.5,63.4,145.3,60.6,66.7,58.4,103.7,56.7,71.4,79.7,59.1,100.1,62.6,67.7,74.5,90,124.2,55.1,105.3,73.1,90.3,209.8,75.8,92.4,57.2,51.4,93.2,2052.1,85,47.7,71.8,75.5,73.4,101.1,50.3,35.6,71.7,54.5,52.5,54.1,52.3,70.4,61.5,71.6,50.3,70.6,72.8,,,,84.4,94.7,
1985/07,69.3,59.9,67.8,49.4,60.9,75.4,52,44.9,77.3,52.1,60.8,82.7,90.6,61.6,58.3,63.8,40.5,72.5,98.5,57.2,53.8,78.1,152.1,411.6,164.5,154.5,64.4,145.3,60.6,66.5,58,103.5,56.3,71.1,79.3,59.1,100.1,62.6,67.7,74.5,90,124.2,55.1,104.2,73.3,87.6,209.8,75.8,92.4,57.2,51.4,93.1,2052.1,83.3,47.7,72.2,75.6,73.4,101.3,50.3,35.6,71.7,51.9,52.7,52.9,44.6,70.4,61.8,71.3,50.3,70.7,72.7,,,,84.4,94.6,
1985/08,68.8,59.4,67.8,50.3,60.8,73.7,46.9,45.1,77.8,52,60.8,82.7,90.6,61.6,58.3,63.8,40.6,72.5,98.5,57.2,53.8,78.1,151.9,410.8,164.5,154.5,64.4,145.3,60.6,61.7,52.2,103.7,49.8,64.6,68.6,59.1,100.1,59.6,67.7,74.5,90,124.2,55.1,104.3,73.4,87.6,209.8,75.8,92.4,57.2,51.4,94.1,2052.1,85,48.8,72.5,75.3,73.4,101.3,49.1,35.6,71.7,50.1,54.9,44.3,44.8,69.9,61.7,70.8,50.3,70.7,72.3,,,,84.4,95.6,
1985/09,69.2,60,67.8,49.6,60.8,75.9,49.3,49.8,78.6,52.3,61.5,82.7,90.6,61.5,58.5,63.9,40.5,72.3,98.5,57.2,53.2,78.1,151.2,404.2,164.5,154.5,64.4,144.7,60.6,64.3,54.7,103.9,52.6,69.9,77.4,58.9,101.3,60.1,67.7,74.7,90.7,124.2,55.1,104.3,73.1,87.9,209.8,75.8,92.4,57.2,51.4,93.6,2052.1,84.2,48.6,72.3,75.4,73.4,101.3,49.4,35.6,71.7,52.1,53.2,48.1,49.8,70.2,61.9,71.2,50.4,70.9,72.6,,,,84.4,95,
1985/10,69.9,61.1,67.8,49.7,61,78.1,50.1,63.5,78.8,52.4,61.8,82.7,90.6,61.5,58.3,63.7,40.6,72.1,98.5,57.2,52.7,78.1,151.3,405,165.5,154.5,64.4,144.7,60.6,67,57.8,106.1,55.9,74.3,84.8,58.9,101.6,61.6,68,74.8,91.5,124.2,55.1,104.5,73.5,88,209.8,75.8,92.4,57.2,51.4,94,2074.6,84.8,48.6,72.5,75.3,74.1,101.3,48.4,35.6,71.7,56.6,53,49.3,64.3,70.6,62,72,50.3,70.8,73,,,,84.5,95.3,
1985/11,69.6,59.9,67.8,49.4,61,78.1,48.5,44.5,78.8,52.4,61.8,82.7,90.6,62.7,59.2,64.9,40.6,71.8,98.5,57.2,52.1,78.1,151.2,404.2,165.5,154.5,64.4,144.7,60.6,67.8,59.6,106.1,57.9,73.4,83.3,58.9,101.6,61.6,68,74.8,91.5,124.2,55.1,104.8,73.4,88.9,209.8,76,92.4,57.2,52.9,94,2060.3,84.8,48.7,72.5,75.3,74.1,101.3,48.4,35.6,71.7,49.6,52.3,46.7,44.2,70.9,62.4,71.5,50.7,71.7,73.2,,,,84.7,95.3,
1985/12,69.9,60.2,68.4,49,61,78.1,54,39.9,78.4,52.5,61.7,83.3,90.6,62.7,59.3,64.9,40.6,71.8,98.5,57.2,52.1,78.1,151.3,404.2,165.7,154.5,64.4,144.7,60.6,68.4,60.7,106.1,59.1,73.4,83.3,58.9,101.6,61.6,68,74.8,91.5,124.2,55.1,105.2,73.4,89.6,209.8,76,92.4,57.2,52.9,94.3,2062.3,85,49.9,72.2,75.1,74.1,101.3,47.9,35.6,71.7,51.2,52.5,55.9,39.3,71,62.4,71.8,50.7,71.7,73.4,,,,84.7,95.6,
1986/01,70.3,61.5,68.4,50.2,61,78.8,63.3,40.1,78.4,52.5,62.3,82.7,90.6,62.8,59.6,65.3,40.6,71.8,98.5,57.2,52.1,78.1,151.2,404.2,165.7,154.5,64.4,144.7,60.6,66.3,57.1,106.1,55.1,73.2,82.9,58.9,101.8,60.3,68,75.1,91.9,124.2,55.3,106.6,76.3,89.1,209.8,76,92.4,57.2,52.9,94,2072.6,85,48.8,72.2,75,74.1,101.3,47.1,35.6,71.7,57.1,55,70.7,39.5,71,62.5,72.3,50.8,71.8,73.2,,,,84.7,95.3,
1986/02,70.5,61.9,68.9,51.8,60.9,76.6,62.7,42.7,78.4,52.6,62.3,83.3,90.6,62.8,59.4,65,40.6,72.6,98.5,57.2,53.9,78.1,151.6,407.9,165.7,154.5,64.5,144.7,60.6,66,56.4,106.1,54.4,73.2,82.9,58.9,101.8,59.7,68,75.1,91.9,124.2,55.3,106.4,76.3,88.8,209.8,76,92.4,57.2,52.9,94.6,2068.5,87.2,48.7,72.5,75,74.1,101.4,47,35.6,71.7,57.3,54.1,69.9,42.3,71.2,62.9,72.5,50.7,71.7,73.5,,,,84.7,95.9,
1986/03,70.4,61.7,68.9,51.6,60.9,75.3,60.5,44.1,78.7,52.6,62.3,83.7,90.6,62.8,59.3,65,40.6,71.7,98.5,57.2,52,78.1,151.8,408.7,165.7,154.5,64.5,144.7,60.6,67,59.4,110.7,57.3,70.7,78.8,58.9,101.8,59.9,68,75.1,91.9,124.2,55.3,106.3,76.5,88.2,209.8,76,92.4,57.2,52.9,94.7,2068.5,87.2,48.8,72.5,75,74.1,101.4,47,35.6,71.7,56.2,53.4,66.1,43.8,71.2,63,72.5,50.7,71.6,73.6,,,,84.7,96,
1986/04,70.4,61.4,68.9,48.9,60.9,75.3,59.7,45.5,78.7,54.1,62.3,83.7,90.6,62.8,59.5,65.2,40.6,70.7,98.5,57.2,49.5,78.1,151.6,407.5,165.7,154.5,64.5,144.7,60.6,68.1,60.3,110.1,58.3,72.9,82.3,58.9,102.6,61,68,76,91.9,124.2,56.6,104,73.6,86.7,209.8,78.1,94.6,57.2,55.8,95.5,2060.3,84.4,50,74.4,75,74.1,101.4,47,35.6,71.7,55.2,51,64.6,45.5,71.2,62.8,72.4,50.8,72,73.5,,,,86.4,96.6,
1986/05,70.4,60.9,68.9,47.8,60.7,75.1,56.3,47.2,78.7,54.1,62.5,83.7,90.6,62.8,59.6,65.4,40.7,69.2,98.5,57.2,46,78.1,151,402.6,165.7,154.5,64.4,144.7,60.6,70,62.4,113.8,60.4,76.1,87.6,58.9,102.6,61,68,76,91.9,124.2,56.6,103.8,73.5,86.2,209.8,77.9,94.4,57.2,55.8,96.6,2054.1,87.6,51,74.5,77.1,74.1,101.4,47,39.6,71.7,53.1,48.8,59.2,47.2,71.5,62.7,72.4,50.9,72,73.8,,,,86.2,97.6,
1986/06,70.4,61.2,68.9,51.6,60.7,74.9,50.4,52.6,78.7,54,62.5,83.7,90.6,62.8,59.6,65.4,40.7,67.4,90.7,57.2,46,78.1,151,402.6,165.7,155.1,64.4,144.7,60.6,69.9,62.4,113.6,60.4,76,87.5,58.9,102.6,61,68,76,91.9,124.2,56.6,103.2,73.4,85,209.8,77.9,94.4,57.2,55.8,95.8,2076.7,83.7,51,74.4,77.2,74.1,101.9,47,39.6,71.7,52.4,50.8,49.4,53,71.4,63.4,72.3,50.9,72.1,73.7,,,,86.2,96.8,
1986/07,70.1,61.1,68.9,53.8,60.7,74.9,49.2,46.5,77.7,54,62.3,83.7,90.6,62.8,59.6,65.4,40.7,65.3,90.7,54.5,42.8,78.1,151.3,404.6,165.7,155.1,64.4,144.7,60.6,69.9,62.4,113.6,60.5,76,87.5,58.9,102.6,61,68,76.2,93.2,124.2,56.6,102.7,73.6,83.8,209.8,77.9,94.4,57.2,55.8,95.7,2072.6,83.4,51.1,74.4,77.2,74.1,101.9,47,39.6,71.7,51.8,55.2,47.5,46.7,71.3,63.3,72,51,72.3,73.5,,,,86.2,96.8,
1986/08,69.4,60.5,68.8,55.8,60.7,74.8,47.4,36.5,77.7,54,62.3,83.4,90.6,62.8,59.6,65.4,40.7,65.3,90.7,54.5,42.8,78.1,151.3,404.2,165.7,155.7,64.4,144.7,60.6,64.7,55.6,113.6,52.8,69.5,76.9,58.9,102.6,59,68,76.2,93.2,124.2,56.6,101.9,73.7,82,207.9,77.9,94.4,57.2,55.8,96.1,2072.6,83.9,51.3,74.9,77.2,74.1,101.9,47,39.6,71.7,48.9,58.2,44.5,36.1,70.8,63.5,71.3,51,72.3,73,,,,86.2,97.2,
1986/09,70,61.6,68.8,56.3,60.7,74,46.8,52.8,77.4,54,62.3,83.4,90.6,62.8,59.7,65.5,40.7,64.3,90.7,53.8,40.8,78.1,151.5,402.6,165.9,156.4,65.1,144.7,60.6,66.9,59.1,113.3,56.8,70.5,78.3,59.2,102.6,59.7,68,76.4,93.7,124.2,56.6,102.3,75,81.4,207.9,77.9,94.4,57.2,55.8,95.9,2072.6,83.8,51.1,74.6,77.2,74.1,101.9,47,39.6,71.7,53.9,58.8,43.5,53.2,70.9,63.4,71.9,51.1,72.5,73.2,,,,86.3,97.4,
1986/10,70,61.5,68.7,56.9,59.2,75.2,46.5,50.8,77.4,54,62.7,83,90.6,62.8,59.7,65.5,40.7,62.4,90.7,53.8,36.4,78.1,150.6,400.9,165.9,146.2,65.1,144.7,60.6,69.3,61.9,113.3,59.9,73.9,83.8,59.2,102.6,62.1,68,76.5,94.4,124.2,56.6,102.4,75.1,81.5,207.9,77.9,94.4,57.2,55.8,95.9,2062.3,83.6,51.1,74.8,77.1,74.1,101.6,47,39.6,71.7,53.5,59.7,43.1,51,71,63.4,72,51.1,72.5,73.2,,,,86.3,97.5,
1986/11,70.2,61.5,68.8,56.2,59.1,75.2,46.5,48,77.4,54,62.4,83,90.6,64.3,59.7,65.5,40.7,61.6,90.7,53.7,34.8,78.1,150.9,401.8,165.9,146.2,65.1,145.7,60.6,71.3,65.1,113.3,63.5,74.1,84.2,59.2,104.8,62.1,68,76.5,94.4,124.2,56.6,103.2,75,83.2,207.9,77.9,94.4,57.2,55.8,96.3,2050,84.3,51.2,75.2,77.1,74.1,101.6,47,39.6,71.7,52.1,58.4,43,48,71.3,63.8,72.2,51,72.5,73.7,,,,86.3,97.9,
1986/12,69.9,60.8,68.8,53.7,59.2,77.1,50.4,38.6,76.3,54,62.2,83,90.6,64.2,59.8,65.7,40.7,60.9,90.7,53.7,33.1,78.1,151,403.8,165.9,146.2,65.1,145.4,60.6,71.3,65.1,113.3,63.5,74.1,84.2,59.2,104.8,62.1,68,76.2,93.1,124.2,56.6,102.5,75.1,81.7,207.9,77.9,94.4,57.2,55.8,96.5,2050,83.9,52.4,75.1,77.1,74.1,101.6,47,39.6,71.7,49.9,55,49.5,38.2,71.3,63.6,71.8,51.1,72.7,73.5,,,,86.3,98,
1987/01,69.7,61.1,68.8,53.7,59,74.4,53.3,38.5,76.7,54.1,62.4,83.1,90.6,64.3,59.4,65,40.7,60.1,88.3,53.7,32.3,78.1,150.9,403.8,165.9,146.2,65.1,145,60.6,68.6,60.3,113.3,58.1,74.1,84.2,59.2,104.8,60.3,68,76.8,93.1,124.2,57.3,104,78,81.3,207.9,77.9,94.4,57.2,55.8,96.1,2062.3,83.9,51.2,75,77.1,74.1,101.6,47,39.6,71.7,51.7,55.9,54.4,38.1,70.8,63.4,71.7,51,72.2,73.2,,,,86.3,97.7,
1987/02,69.6,60.8,68.8,53.7,58.1,74.4,51.7,37.4,76.3,54,62.4,83.1,90.5,64.3,59.6,65.3,40.7,60.6,88.3,53.2,33.9,78.1,150.9,404.6,165.9,146.2,65.1,144.4,60.6,67,57.2,113.3,54.7,74.1,84.2,59.2,104.8,60.3,68,76.8,93.1,124.2,57.3,105.5,77.9,85,207.9,77.9,94.4,57.2,55.8,96,2027.5,83.8,51.3,75.1,77.1,74.1,101.6,47,39.6,71.7,50.6,55.9,51.9,36.9,70.8,63.4,71.5,51.3,73,73.1,,,,86.4,97.5,
1987/03,69.9,60.8,68.6,51.8,57.8,68.5,52.3,38.6,76.3,53.9,62.9,82,90.5,65.8,59.6,65.2,40.8,61.6,88.3,53.2,36.1,78.1,150.9,403.8,165.9,145.9,65.1,144.4,60.6,69.1,62.3,113.6,60.3,71.2,79.4,59.2,104.8,60.9,68,76.8,93.1,124.2,57.3,106.1,78.1,86,207.9,78,94.4,58.4,55.8,96.6,2027.5,86.1,51.3,75.1,77.2,74.1,101.6,47.3,39.6,71.7,49.7,52,52.8,38.1,71.3,63.6,71.9,51.2,72.8,73.6,,,,86.6,98.1,
1987/04,70.5,61.5,68.6,52.1,58,67.3,57.1,41.4,76.3,53.8,62.2,81.8,90.5,65.9,60,65.8,40.8,61.3,88.3,52.6,35.9,78.1,151.6,408.3,165.9,144.2,65.3,144.2,61.9,70.3,63.5,113.4,61.7,73.9,83.7,59.4,103.7,62.3,68,77.1,93.1,124.2,57.7,104.9,75.3,87,207.9,80.1,97.5,58.4,55.8,97.9,2025.5,88.2,51.4,76.4,76.9,74.1,101.6,46.3,39.6,71.7,53.6,53.2,60.7,41.1,71.5,63.4,72.5,51.2,72.7,73.8,,,,88.3,99.3,
1987/05,70.6,61.6,68.6,51.1,57.8,65.2,56.2,46.6,76.2,55.1,62.2,81.8,90.5,65.9,59.2,64.8,40.8,61.3,88.3,52.3,35.9,78.1,150.6,399.7,165.9,144.2,65.3,144.2,61.9,71.9,64.9,113.7,63.2,78.2,90.8,59.4,103.7,62.3,68,77.3,93.9,124.2,57.7,104.7,75.3,86.7,207.9,82,100.1,58.4,55.8,97.8,1982.5,88.2,51.3,76.6,76.9,74.1,101.6,46.2,39.6,71.7,53.8,51.1,59.1,46.6,71.5,63.5,72.7,51,72.2,74,,,,89.8,99.2,
1987/06,70,60.7,68.6,49.6,57.5,64.7,50.5,45.4,76.2,56.1,62.5,81.8,90.5,65.9,59,64.5,40.8,61.3,88.3,52.3,35.9,78.1,149.7,392.3,165.9,144.2,65.3,143.4,61.9,71.8,64.9,113.3,63.2,78.1,90.7,59.4,103.7,62.3,68,77.3,93.9,124.2,57.7,104.4,75.1,86.1,207.9,82,100.1,58.4,55.8,96.4,1972.2,83,51.3,76.6,76.9,74.1,101.6,46.2,39.6,71.7,49.2,48,49.8,45.3,71.3,63.6,72,50.9,72,73.8,,,,89.8,97.9,
1987/07,69.6,59.9,68.6,49.9,57.3,64.4,46.1,41.8,76.2,54.6,62.5,81.8,90.5,65.9,59,64.5,40.8,61,88.3,52.3,35.4,78.1,149.4,390.3,165.9,144.2,65.3,143.4,61.9,71.6,64.5,113.3,62.7,78.1,90.7,59.4,103.7,62.3,68,77.3,93.9,124.2,57.7,104.2,75.3,85.4,207.9,82,100.1,58.4,55.8,96.2,1951.7,83,51.3,76.6,76.9,74.1,101.7,46.2,39.6,71.7,45.8,48.2,42.5,41.6,71.3,63.5,71.6,50.9,72,73.7,,,,89.8,97.9,
1987/08,69.2,59.9,68.6,51,57.5,64.4,48.3,36.4,76.2,54.5,62.5,81.8,90.5,65.9,59.2,64.7,40.9,60.8,88.3,52.3,35,78.1,149.4,390.7,165.9,144.2,65.3,143.4,61.9,66.6,57.9,113.3,55.4,72.3,81,59.4,103.7,60,68,77.3,93.9,124.2,57.7,104.5,75.5,85.8,207.9,82,100.1,58.4,55.8,96.5,1925.1,83.2,51.6,77.1,76.9,74.1,101.7,46.2,39.6,71.7,46.1,50.3,46,35.8,70.8,63.5,71.2,51.1,72.2,73.2,,,,89.8,98.1,
1987/09,70.1,61.5,68.6,51.5,57.2,64.7,54.4,51,76.2,54.5,62.5,81.8,90.5,65.3,59.2,64.7,41,60.8,88.3,52.3,34.8,78.1,149.1,387,167,143.7,65.3,143.4,61.9,69.1,61.6,118.7,59.1,74.4,84.9,58.9,101.3,61.2,68,77.3,93.9,124.2,57.7,104.1,75.1,85.3,207.9,82,100.1,58.4,55.8,96.3,1925.1,83.2,51.5,76.7,76.9,74.1,101.6,46.2,39.6,71.7,54.5,51.9,56.1,51.2,70.9,63.2,72.1,51.1,72.2,73.3,,,,89.9,97.8,
1987/10,70.5,62.1,68.6,50.8,57,64.7,54.1,63.1,76.2,54.5,62.8,81.7,90.5,65.3,59.2,64.7,41,60.8,88.3,52.3,34.8,78.1,150.4,398.5,167.8,143.7,65.1,143.4,61.9,70.6,63.9,118.4,61.6,75.2,86.2,58.9,102.2,62.5,68,77.3,93.9,124.2,57.7,104.2,75.3,85.4,207.9,82,100.1,58.4,55.8,96.3,1904.6,83.2,51.6,76.9,77,74.7,101.3,46.2,39.6,71.7,57.5,50.4,55.5,63.9,71.1,63.1,72.6,51.1,72.2,73.5,,,,89.9,97.9,
1987/11,69.7,60.2,68.5,50.6,56.4,66.6,49.4,41.5,76.1,54.5,62.8,81.7,90.5,65.3,59.3,64.8,41,59.4,88.3,52.3,31.6,78.1,149.5,396,161.6,143.8,65.1,143.4,61.9,72.4,66.1,118.6,64.1,77.5,89.5,59.8,102.2,62.5,68,77.3,93.9,124.2,57.7,104,75.1,85.2,207.9,82,100.1,58.4,55.8,96.4,1904.6,83.2,51.7,76.9,77,74.7,101.3,46.2,39.6,71.7,48.2,50.2,47.8,41.2,71.2,63.2,71.8,51.1,72.3,73.6,,,,89.9,97.9,
1987/12,69.8,60,68.4,49,56.6,66.9,57.2,31,75.8,54.5,62.8,81.7,90.5,65.3,59.3,64.8,41,59.6,88.3,52.3,32.2,78.1,148.8,389.1,161.4,144.3,65.1,143.4,61.9,72.4,66.1,118.6,64.1,77.6,89.6,59.8,102.2,62.5,68,77.3,93.9,124.2,57.7,104,75.2,85.1,207.9,82,100.1,58.4,55.8,97.5,1914.9,86.1,52.9,76.8,77,74.7,101.3,46.2,39.6,71.7,47.7,46.8,60.6,30.1,71.3,63.2,71.8,51.2,72.3,73.7,,,,89.9,98.9,
1988/01,69.8,60.7,67.7,50.2,56.4,66.1,61.8,30.6,75.6,54.5,63.1,81.7,90.5,65.3,59.3,64.9,41,58.8,85.4,52.3,31.6,78.1,148.6,387.8,161.4,144.6,65,143.4,61.9,69.5,60.6,118.6,58.1,77.5,89.5,59.6,102.6,62.5,68,77.3,93.9,124.2,57.7,105.4,78.1,84.3,207.9,82,100.1,58.4,55.8,96.9,1882.1,85.9,51.7,76.7,76.9,74.7,101.3,45.6,39.6,71.7,50.9,49.1,68.1,29.7,71,63.1,71.8,51.2,72.5,73.3,,,,89.9,98.4,
1988/02,69.7,61.2,67.7,51.2,56.4,66.1,60.1,37.7,75.6,54.4,63.1,81.7,90.5,65.3,59.4,64.9,41,57.3,85.4,51.7,28.8,78.1,146.8,387.8,161.4,122.2,65.1,142.9,61.9,67.6,57.1,117.2,54.2,77.5,89.5,59.7,102.6,62.5,68,77.3,93.9,124.2,57.7,105.1,78,83.6,207.9,82,100.1,58.4,55.8,96.9,1880.1,85.8,51.8,76.7,76.9,74.7,101.3,45.9,39.6,71.7,53.5,52,65.4,37.3,70.6,63,71.6,51.2,72.5,72.9,,,,90,98.3,
1988/03,69.9,61.5,67.7,50.6,56,66.1,62.4,41.2,75.6,54.4,63.1,81.7,90.5,65.3,59.3,64.9,40.9,57.2,85.4,51.7,28.4,78.1,147.4,391.1,161.4,125.2,65.1,142.9,61.9,70.3,62.8,117.2,60.5,76.6,88,59.7,102.6,60.3,68.8,77.3,93.9,124.2,57.7,104.3,78.2,82.8,204.1,82,100.1,58.4,55.8,97,1857.5,86.7,51.7,76.7,76.9,74.7,101.3,45.6,39.6,71.7,54.9,49.4,69.8,41,70.8,63,72,51.2,72.5,73.2,,,,89.9,98.5,
1988/04,70.1,61.4,67.7,50.6,56,65.4,60.1,44.1,75.3,54.4,63.1,81.7,90.5,65.3,59.3,64.9,40.8,57.2,85.4,51.7,28.4,78.1,148,392.3,161.4,124.7,66.6,142.1,61.9,71.5,64.3,117.8,62.2,76.9,88.8,59.2,102.9,62.9,68.8,77.1,93.9,124.7,57.4,102.9,75.3,83.3,204.1,84.4,103.5,58.4,55.8,97.2,1851.4,86.8,51.7,77.1,76.9,74.7,101.3,45.6,39.6,71.7,54.5,48.9,66.1,44.2,70.9,63.1,72.1,51.2,72.6,73.3,,,,91.9,98.6,
1988/05,70,61,67.7,50.9,55.4,63.1,54,49.2,75.3,54.1,63.1,81.7,90.5,65.3,59.3,65,40.4,57,85.4,50.6,28.4,78.1,149.4,409.5,161.4,124.5,66.4,139.4,61.9,72.9,65.6,119.4,63.6,80.2,94.2,59.2,102.9,62.9,68.8,76.9,93.9,122.5,57.4,102.9,75.3,83.1,204.1,84.7,104,58.4,55.8,96.8,1849.3,84.7,51.7,77.3,76.9,74.7,101.2,45.7,39.6,71.7,53,49.5,56,49.5,71,62.9,72,51,72.7,73.4,,,,92.2,98.3,
1988/06,69.6,60,67.5,49.1,55.2,61.9,49.7,47,75.4,54.1,62,81.7,90.5,65.6,59.1,64.8,40.4,56.8,85.4,50.6,28.1,78.1,148.9,407.5,161.4,124.7,66.4,138.3,61.9,73.1,65.5,119.7,63.3,80.5,94.5,59.6,105.4,62.9,68.8,77.1,93.9,122.5,57.7,102.6,75.1,82.9,204.1,84.7,104,58.4,55.8,97.2,1849.3,87.1,51.7,77,76.8,74.7,100.7,45.7,39.6,71.7,48.2,45,48.9,47.2,71,63,71.5,51.1,73,73.4,,,,92.2,98.6,
1988/07,69.6,60.4,67.5,50,55.2,61.9,49.6,44.1,75.4,54.4,61.9,81.7,90.5,67.5,59.2,64.9,40.4,56.8,85.4,50.6,28.1,78.1,148.9,405,161.4,125.6,66.7,138.3,61.9,71.8,63.9,131.2,60.7,78.7,91.5,59.6,105.4,62.9,68.8,77.1,93.9,122.5,57.7,102.7,75.3,83,204.1,84.7,104,58.4,55.8,96.7,1818.6,86.2,51.7,76.9,76.8,74.7,100.7,45.7,39.6,71.7,48,46.8,48.8,44.1,71.1,63.6,71.6,51.1,73,73.5,,,,92.2,98.2,
1988/08,69.1,59.7,67.5,50.6,55.1,61.9,47.6,35.2,75.6,54.4,61.7,81.7,90.5,67.5,59.2,64.9,40.4,56.8,85.4,50.6,28.1,78.1,148.8,403.8,161.4,125.8,66.7,138.3,61.9,68.3,60.8,131.2,57.3,71.3,79.3,59.6,105.4,60.2,68.8,77.2,93.9,122.5,57.8,103.1,75.5,83.5,204.1,84.7,104,58.4,55.8,97.5,1818.6,87.6,51.9,77.6,76.8,74.7,100.7,45.7,39.6,71.7,44.7,47.9,45.6,34.7,70.8,63.6,71,51.1,73,73.2,,,,92.2,99,
1988/09,69.9,61.4,67.5,50.4,55.1,62.6,54.1,49.1,75.6,54.2,62.2,81.7,90.5,67.5,59.3,65,40.4,56.5,85.4,50.6,27.6,78.1,148.8,400.5,161.4,129.9,66.7,138.3,61.9,71.2,63.4,131.9,60,76.8,88.2,59.7,105.4,61.9,68.8,77.2,93.9,122.5,57.8,102.7,75.1,83.2,204.1,84.7,104,58.4,55.8,96.7,1826.8,85.5,51.8,77.1,76.8,74.7,100.7,45.8,39.6,71.7,52.3,47.6,56.2,49.4,71,63.6,71.9,51.1,73.1,73.4,,,,92.2,98.2,
1988/10,70.2,61.5,67.5,50.8,55.2,66.2,55.5,46.3,75.6,54.2,62.2,81.7,90.5,67.5,59.3,65,40.4,56,85.4,50.6,26.3,78.1,148.9,401.8,161.4,131,66.7,138.3,61.9,73.8,66.6,131.2,63.7,79.7,93,59.7,105.4,63.8,68.8,77.2,93.9,122.5,57.8,102.9,75.3,83.2,204.1,84.7,104,58.4,55.8,96.7,1810.4,85.5,52,77.2,76.8,74.7,100.7,45.8,39.6,71.7,52.4,48.5,58.4,46.4,71.3,63.7,72.2,51.1,73.2,73.7,,,,92.2,98.2,
1988/11,70.1,60.9,67.5,50.5,55.2,66.5,60,31.6,75.6,54.3,62,81.7,90.5,67.5,59.3,65,40.4,56,85.4,50.6,26.3,78.1,149.5,402.6,161.4,138.1,66.7,138,61.9,75.9,70.6,131.2,68.2,79.6,92.9,59.7,105.4,63.8,68.8,77.2,93.9,122.5,57.8,102.7,75.2,83.2,204.1,84.7,104,58.4,55.8,96.6,1812.5,85.5,51.8,77.1,76.8,74.7,100.7,45.8,39.6,71.7,50,47.9,65.7,30.8,71.5,63.7,72.2,51.1,73.1,73.9,,,,92.3,98.1,
1988/12,70.3,61.1,67.1,48.7,55.2,68.4,62.4,34.3,75,54,62,81.7,90.5,67.5,58.9,64.4,40.4,55.8,85.4,50.6,25.6,78.1,148.6,402.6,161.4,131,66.7,136.4,61.9,76,70.8,134.9,68.2,79.6,92.9,59.7,105.4,63.8,68.8,77.2,93.9,122.5,57.8,104.4,78.1,83.2,204.1,84.7,104,58.4,55.8,98,1812.5,89.3,53.1,77,76.8,74.7,100.7,45.8,39.6,71.7,51.3,45,70.3,34.1,71.5,63.5,72.4,50.9,72.6,74,,,,92.3,99.3,
1989/01,70.2,61.8,67.1,50.5,55,67.2,64.4,38.1,75,54.3,62,80.8,90.5,67.5,59.4,65.2,40.4,56.4,85.4,50.6,27.2,78.1,147.7,399.7,161.4,131,66.7,133.5,61.9,71.4,64,134.9,60.6,74.9,85.2,59.7,105.4,63.8,68.8,77.2,93.9,122.5,57.8,104.3,78.2,82.9,204.1,84.7,104,58.4,55.8,96.8,1814.5,85.9,51.9,77.1,76.8,74.7,100.7,45.8,39.6,71.7,55,48.8,73.7,37.6,71.1,63.5,72.3,51.2,73.3,73.5,,,,92.3,98.3,
1989/02,69.9,61.2,66.9,50.1,55.2,66.8,59.9,37,75.1,54.4,62,81.1,90.5,67.5,59.4,65.2,40.4,56.3,85.4,50.6,26.9,78.1,146.8,391.9,161.4,131,66.7,133.5,61.9,71,63.9,134.9,60.4,74.9,85.2,59.7,105.4,60.1,68.8,77.2,93.9,122.5,57.8,104,78,83.2,200.3,84.7,104,58.4,55.8,97.3,1783.8,85.9,54.1,77.1,76.6,74.7,100.7,45.1,39.6,71.7,51.7,47.8,66,36.5,71.1,63.5,71.9,51.2,73.3,73.4,,,,92.2,98.7,
1989/03,70.3,61.4,66.9,50.1,55.2,66.7,60.3,39.6,75.1,54.5,62,81.1,90.5,67.5,59.7,65.5,40.4,56,85.4,50.6,26.3,78.1,146.5,390.3,161.4,131,66.7,132.8,61.9,73.1,67.5,134.9,64.4,74.9,85.2,59.7,105.4,61.6,68.8,77.2,93.9,122.5,57.8,102.5,75.3,83.2,200.7,84.7,104,58.4,55.8,98.8,1773.6,91.9,53.9,77.1,76.7,74.7,100.7,45.7,39.6,71.7,52.6,47.5,66.4,39.3,71.3,63.5,72.3,51.3,73.6,73.7,,,,92.4,100,
1989/04,71.3,62,68.2,49,56.9,68.2,60.3,42.2,77,55.6,62.8,83.3,92.9,67.7,60.5,66.2,41.9,55.6,83.5,50.9,26.3,78.1,148.2,392.7,166,132.1,68.2,130.7,63.5,75.7,70.2,138.4,67.2,77.6,88.6,61.4,108.1,65.3,69.7,78.5,94.7,126.1,58.7,104.1,76.6,84.1,205.1,89.3,110.5,60.1,55.8,99.1,1716.2,87.1,55.4,79.5,77.7,76.5,102.2,45.9,39.6,71.7,52.1,44.7,66.1,42,72.5,64.5,73.2,52.4,74.2,74.9,,,,96.8,100.6,
1989/05,71.5,61.9,68.2,48.5,56.9,67.5,59.4,43.6,76.9,55.5,62.8,83.3,92.9,67.7,61.1,66.9,41.9,55.8,82.7,52,26.5,78.1,148.3,393.6,166,132.1,68.4,130.9,63.5,76.7,70.8,138.8,67.8,80.9,93.9,61.4,108.1,65.5,69.7,78.5,94.7,126.1,58.7,104.2,76.6,83.8,207.2,89.3,110.5,60.1,55.8,100.8,1710.1,91.8,55.4,80.2,77.7,76.7,102.2,45.7,39.6,71.7,51.6,43.9,64.3,43.5,72.8,64.5,73.5,52.8,75.2,75.2,,,,96.7,102.1,
1989/06,71.6,61.5,68.2,49.1,56.9,68.4,55.9,42.9,77,55.8,62.8,83.3,92.9,67.5,61.1,66.9,41.9,56.2,82.7,52,26.5,80.4,148.5,394,166,132.1,68.9,129.9,63.5,77.6,71.1,138.4,68.2,83.8,98.9,61.2,109.4,65.5,69.7,78.5,94.7,126.1,58.7,106.8,79.5,86.1,207.2,89.3,110.5,60.1,55.8,99.8,1714.2,88.3,55.4,80.2,77.3,76.7,102.2,44.3,39.6,71.7,49.9,44.9,58.5,42.7,73,64.5,73.6,52.8,75.2,75.5,,,,96.8,101.1,
1989/07,71.3,61.3,68.1,49.3,56.9,70,52.2,44.1,77,55.6,62.8,83.1,92.9,67.7,60.4,65.9,42,57.1,82.7,52,28.7,80.4,148.6,394.8,166,132.1,69,129.9,63.5,75.3,68.7,138.4,65.4,79.4,91.7,61.2,108.8,65.6,69.8,78.8,96.6,126.1,58.7,107,79.7,86.2,207.2,89.3,110.5,60.1,55.8,99.7,1691.6,88.2,55.4,80.2,77.3,76.7,102.2,44.3,39.6,71.7,48.2,44.5,52.5,43.9,72.8,64.7,73.3,52.5,74.4,75.3,,,,96.8,101.1,
1989/08,71.1,61.2,68.1,51.5,56.9,69.6,48.1,43.9,77,55.7,62.8,83.1,92.9,67.7,60.4,66,42,57.1,82.7,52,28.7,80.4,148.6,394.8,166,132.1,69.2,130,63.5,72.5,65.6,138.4,62,73.9,82.6,61.2,108.7,65.6,69.8,78.8,96.6,126.4,58.7,107,79.9,86,207.2,89.3,110.5,60.1,55.8,101.6,1699.8,93.6,55.6,80.7,77.5,77.4,102.2,44.3,39.6,71.7,47.7,48.7,45.6,43.8,72.7,64.7,73.2,52.6,74.5,75.3,,,,96.8,102.8,
1989/09,72,62.9,68.1,51.5,57.2,71.6,56.4,53.3,77,55.7,62.8,82.6,92.9,67.7,60.7,66.2,42.1,57.4,82.7,52,29.4,80.4,148.8,396.8,166,131.3,69.2,130,63.5,76,69.2,138.5,66,80.7,93.5,61.5,108.7,66.9,69.8,78.8,96.6,126.4,58.7,106.8,79.6,86,207.2,89.5,110.8,60.1,55.8,100.5,1683.5,91.3,55.5,80.2,77.5,77.4,102.2,44.3,39.6,71.7,55,48.7,59.4,53.6,73,64.8,74.2,52.7,74.7,75.6,,,,97,101.8,
1989/10,72.7,64.1,68.1,51.9,57.2,72.2,62.5,60.2,77.1,55.5,62.8,83.1,92.9,67.7,60.7,66.2,42.1,57.4,82.7,52,29.4,80.4,148.8,398.1,161.8,131.3,69.6,130,63.5,77.6,71.2,138.5,68.3,82.7,96.9,61.5,108.7,67.2,69.8,78.8,96.6,126.4,58.7,106.8,79.6,85.8,207.2,89.5,110.8,60.1,55.8,100.8,1673.2,91.7,55.6,80.4,77.5,77.4,102.2,44.3,39.6,71.7,60.7,49.6,69.3,61,73.2,64.8,75,52.7,74.7,75.8,,,,97,102,
1989/11,71.8,61.7,68.4,51.2,57,72.2,52.9,42.4,77.1,55.4,62.8,83.1,92.9,67.7,60.7,66.2,42.1,58.4,82.7,52,31.7,80.4,148,394.4,161.8,131.3,69.6,128.3,63.5,78.8,73.6,138.5,70.9,82.5,96.9,61.1,108.7,67.2,69.8,78.6,96.5,124.8,58.7,106.6,79.6,85.4,207.2,89.5,110.8,60.1,55.8,99.7,1638.4,88.5,55.6,80.3,77.5,77.4,102.2,44.3,39.6,71.7,49.4,48.2,53.4,42.1,73.3,64.8,73.9,52.7,74.7,75.8,,,,97,101,
1989/12,72,61.8,68.3,51.5,57,71.9,56.1,37.8,77.1,55.5,62.8,83,92.9,67.9,60.8,66.4,42.1,58.5,82.7,52,31.9,80.4,148,394.4,161.8,131.3,69.6,128.3,63.5,78.9,73.7,138.9,71,82.5,96.9,61.1,108.7,67.2,69.8,78.6,96.5,124.8,58.7,106.6,79.6,85.4,207.2,89.5,110.8,60.1,55.8,100.7,1638.4,90.7,57.2,80.2,77.5,77.4,102.2,44.3,39.6,71.7,50.2,49.3,58.7,37.3,73.4,64.8,74.1,52.8,74.9,76,,,,97,101.9,
1990/01,72.3,62.9,68.1,51.9,57.6,69.8,63.5,40.7,77.3,55.5,62.7,83.1,92.3,67.5,61.6,66.1,46.5,58.4,82.7,51.9,31.5,80.1,148.7,398.5,160.6,131.3,70.7,129,61.3,74.9,67.7,139,64.7,78.4,88.3,63.9,108.5,67.3,70,78.1,96.6,119.5,58.8,108.1,82.4,85.9,207.6,88.7,109.5,60.1,55.8,100.9,1639,91.3,55.8,80.7,77.9,77.4,102.2,45.8,39.6,71.7,56,50.9,71.4,40.3,73.3,64.5,74.5,55.2,74.5,75.8,,,,96.4,102,
1990/02,72.6,63.7,68.1,52.1,57.6,70.4,67.7,46.6,77.3,55.4,62.7,83.1,92.3,67.5,61.6,66.1,46.5,59,82.7,51.9,33.2,80.1,145.5,373.9,160.6,131.3,70.7,128.7,61.3,75.5,68.7,139,65.7,80,88.3,68.6,108.7,64.1,70.7,78.1,96.6,119.7,58.8,108.3,82.3,86.4,207.6,88.7,109.5,60.8,55.8,100.3,1676.7,88.8,56.5,80.3,77.9,77.4,102.2,45.8,39.6,71.7,59.6,50.8,78.3,46.6,73.3,64.6,74.9,55.2,74.5,75.8,,,,96.7,101.3,
1990/03,72.7,63.6,68.2,52.3,57.6,69.8,64.1,50.2,77.3,55.4,62.7,83,95.2,67.5,61.9,66.4,46.6,59,82.7,51.9,32.9,80.1,145.5,373.9,160.6,131.3,70.7,128.7,61.3,76.7,71.1,139,68.2,80,88.3,68.6,108.7,63.7,70.7,78.3,96.6,120.4,58.8,107,79.5,86.4,207.6,88.7,109.5,60.8,55.8,100.3,1676.7,88.8,56.4,80.4,78.2,77.4,102.2,46.9,39.6,71.7,59.4,52.1,72,50.4,73.4,64.6,74.9,55.3,74.8,75.9,,,,97,101.3,
1990/04,73.5,63.5,68.2,50.9,57.6,70,65.2,49.5,77.7,55.3,63.5,82.6,95.2,67.5,64.1,68.7,48.8,59,82.7,51.9,32.9,80.1,145.3,370.9,160.6,131.3,70.7,129.6,61.3,78.6,73.2,138.9,70.5,82.1,91.6,68.6,108.7,66.3,70.7,79,96.6,120.8,59.9,106.6,79.5,86.5,203.5,98.1,122.3,60.8,58.7,101.8,1711.1,88.7,56.4,82.8,78.2,77.4,102.2,46.9,39.6,71.7,58.7,49.8,74,49.5,74.3,64.6,75.6,57.3,76.7,76.8,,,,104.4,102.7,
1990/05,74,64.3,68.2,50.7,57.6,69,66.8,55,77.6,55.1,63.5,83,95.2,69.1,63.7,68.4,47.9,59.2,82.7,53,32.9,80.1,146.7,371.2,164.5,131.6,70.7,129.7,64.8,80.5,74.7,138.9,72,87,99.3,68.6,108.7,66.3,71.5,78.9,96.6,120.1,59.9,106.7,79.5,86.7,203.5,98.1,122.3,60.8,58.7,102.3,1740.2,89,56.5,83.1,78.1,77.4,102.2,46.5,39.6,71.7,60.9,49.7,76.6,55.3,74.7,65,76.2,56.8,76.6,77.1,,,,104.4,103.1,
1990/06,73.7,63.6,68.2,49.9,58,69,58.9,60.4,77.3,55.2,63.5,83,95.2,69.2,63.3,68.1,46.9,59.4,82.7,54,32.9,80.1,146.8,371.2,164.9,131.6,70.7,130,65,81,74.7,138.9,72,89,102.5,68.6,108.9,67.4,71.5,78.9,96.6,120.1,59.9,106.5,79.3,86.5,203.5,98.1,122.3,60.8,58.7,102.2,1740.2,89,56.5,82.9,78.1,77.4,102.2,46.5,39.6,71.7,57.6,48.2,62.9,61,74.7,65,75.9,56.2,76.4,77.2,,,,104.4,102.9,
1990/07,73.3,62.9,68.5,51.8,58.4,69,54.3,46.5,78.1,55.3,64.6,83,95.4,69.3,63.1,67.8,47,59.4,82.7,54,32.9,80.1,146.8,370.1,164.9,131.6,70.6,130.5,65,78.4,71.4,138.9,68.6,84.9,95.9,68.6,108.9,67.5,71.5,78.9,96.6,120.1,59.9,106.6,79.5,86.4,203.5,98.1,122.3,60.8,58.7,103,1745.4,91.6,56.5,83,78.1,77.4,102.2,46.5,39.6,71.7,53.3,52.4,54.9,46.2,74.5,65.2,75.4,56.1,76.2,77.1,,,,104.4,103.7,
1990/08,73.1,62.9,68.5,54.1,58.4,69.7,51.6,43.7,79.2,55.3,64.8,83,95.4,69.3,63.1,67.8,47,59.4,82.7,54,32.9,80.1,145.5,370.1,164.9,131.6,70,125.5,65,75.4,67.2,138.9,64.2,81.1,90,68.6,108.7,67.5,71.5,78.9,96.6,120.1,59.9,106.6,79.6,86.4,203.5,98.1,122.3,60.8,58.7,103.5,1745.4,91.6,56.8,83.6,78.1,77.4,102.2,46.5,39.6,71.7,52.7,55.9,50,43.2,74.3,65.4,75.1,56.2,76.2,76.8,,,,104.4,104.1,
1990/09,74.4,64.8,69.4,53.7,58.9,74,59.4,56.5,79.6,55.6,65,83.4,95.4,69.4,63,67.6,47.1,61.1,82.7,54,35.4,84.3,148.1,386,164.9,133.8,70,127.3,65,81,73.4,138.9,70.5,89.5,102.9,69,108.7,72.4,71.5,78.8,96.6,120,59.9,106.5,79.3,86.4,203.5,98.1,122.3,60.8,58.7,103.1,1736.8,91.3,56.8,83.1,78.5,78.7,102.2,46.5,39.6,71.7,59.1,53.2,63.5,56.8,75.2,66.1,76.7,56.1,76.1,77.9,,,,104.5,103.7,
1990/10,75.4,65.5,69.4,53.5,59,72.7,61.4,67,79.9,55.7,65.1,83.6,95.4,69.4,63.2,67.9,47.2,64.5,82.7,54,43.6,84.3,148.3,384.1,164.9,133.8,70.6,128.3,65,82.8,76,138.9,73.4,90.8,104.8,69,110,72.6,71.5,79.1,97.6,120,59.9,108.9,81.3,89.3,203.5,98.1,122.3,60.8,58.7,103.3,1723.1,92.1,56.9,83.2,78.8,79.5,102.2,46.5,39.6,71.7,62.9,52.9,67,67.9,75.9,66,77.8,56.3,76.3,78.7,,,,104.5,104.5,
1990/11,75.3,64.5,70.1,52.4,59,73.9,60.2,50.9,81.3,55.6,65.7,84.8,95.4,69.4,63.2,67.9,47.3,66.7,82.7,55.3,48,84.3,149.3,392.1,164.9,133.8,70.6,128.4,65,84.5,79.2,138.9,76.7,90.8,104.8,69.5,110.2,72.6,71.5,79.1,97.6,119.7,59.9,109.3,81.2,90.3,203.5,98.1,122.3,60.8,58.7,103.5,1731.7,92.4,56.9,83.3,78.8,79.5,102.2,46.5,39.6,71.7,57,51.5,64.6,50.8,76.4,66.3,77.7,56.4,76.3,79.2,,,,104.6,104.5,
1990/12,75.4,64.8,71.1,55.5,59.3,73.9,61.2,43.5,82.4,55.7,65.8,83.3,95.4,69.4,63.2,67.9,47.7,66.8,82.7,56.1,48,84.3,148.3,383.4,164.9,133.8,70.8,128.6,65,84.2,78.5,138.9,76,90.8,104.8,69.5,110.8,72.8,71.6,79.1,97.6,119.7,59.9,109.5,81.2,90.5,203.7,98.1,122.3,60.8,58.7,103.4,1728.2,90.2,59.1,83.1,78.8,79.5,102.2,46.4,39.6,71.7,57.6,55.8,66.6,43,76.4,66.5,77.9,56.5,76.2,79.3,,,,104.6,104.5,
1991/01,75.7,66.2,71.1,54.8,59.3,73.4,70.9,50.5,82.4,56,66.5,83.3,95.4,69.4,63.6,68.2,47.7,65.9,82.7,56.8,45.3,84.3,147.5,381.9,163.7,133.8,70.8,125.9,65,79.2,72.1,138.9,69.3,84.3,94.5,69.5,110.9,71,71.6,78.7,97.6,117.2,59.9,110.4,84.2,89.6,203.7,98.1,122.3,60.8,58.7,104.5,1742,92.8,57.1,84.5,78.8,79.5,102.3,46.4,39.6,71.7,64,54.6,83.5,50.4,76.1,66.5,78.1,56.8,76.7,78.8,,,,104.6,105.5,
1991/02,75.7,66.4,71.2,54.5,59.3,73,74.7,49.6,82.3,55.9,66.5,82.1,95.4,69.4,63.7,68.5,47.8,65,82.7,56.8,43.2,84.3,148,383.4,164.7,133.8,70.8,127.2,65,80.1,73.1,138.9,70.3,84.3,94.5,69.5,115.5,71,71.6,78.7,97.6,117.2,59.9,110.1,84.1,89,204.5,98.3,122.3,65.7,58.7,103.9,1760.8,92.8,57.3,83.3,79.2,80.4,102.8,46.4,39.6,71.7,64.6,54.6,86.3,49.4,76.2,66.7,78.2,56.8,76.8,78.9,,,,105.2,104.8,
1991/03,76.3,67.5,71,56.3,59.3,77.5,76.1,54.8,82.3,55.9,66.7,82.1,96.1,70,63.7,68.4,47.9,64.2,82.7,56.8,41.2,84.3,148,382.6,164.7,133.8,70.8,127.2,65,82.1,76.6,138.9,73.9,83.9,93.5,70.1,114.3,74,71.6,78.8,98.1,117.2,59.9,109.8,84.2,88.3,204.5,98.3,122.3,65.7,58.7,104.6,1778,94.4,57.3,83.3,79.4,80.4,103.7,46.4,39.6,71.7,67,55.4,88.2,54.9,76.6,67.5,78.8,56.8,76.7,79.4,,,,105.2,105.4,
1991/04,76.2,67.1,71.2,53.5,59.3,76.6,73.9,59.4,82.7,55.6,66.8,82.5,97.1,70,63.7,68.4,48.3,63.4,82.7,56.6,39.5,84.3,149.4,392.5,165.2,133.8,71.3,127,65,84.2,79.3,138.9,76.8,86.9,98.4,70.1,114.3,75.1,71.6,79,98.5,117.6,59.9,107.3,81.3,87.5,199.2,100.1,125,65.7,58.7,104.8,1724.8,94.4,57.9,84,79.6,80.8,103.7,46.4,39.6,71.7,66,53.4,84.2,59.4,76.6,67.1,78.7,57,76.7,79.3,,,,106.7,105.5,
1991/05,76.3,66.8,71.2,53.2,59.3,74.3,69.3,63.8,82.9,55.7,66.8,82.6,97.3,70.1,64.3,68.7,50.6,63.3,82.7,56.1,39.5,84.3,150,391.3,165.2,133.8,72.2,129.1,65,86.4,81.9,138.9,79.5,90.5,104,70.1,114.6,75.1,71.6,79,98.5,117.6,59.9,107.3,81.3,87.5,199.2,100.1,125,65.7,58.7,104.8,1635.6,96.1,58.1,84,79.6,80.8,103.7,46.4,39.6,71.7,64,51.3,76.5,64.1,76.9,67.3,78.8,58.2,76.9,79.7,,,,106.8,105.5,
1991/06,76.1,66.3,71.2,51.2,60.3,73.4,64.8,67,82.9,56.1,66.6,84,97.3,70.2,64.5,68.9,50.6,62.9,82.7,56.1,38.4,84.3,148,374.7,165.2,133.8,71.8,130.2,65,86.8,81.9,138.9,79.5,92.5,107.3,70,114.6,75.1,71.6,79,98.5,117.6,59.9,107.2,81.1,87.4,199.2,100.1,125,65.7,58.7,104.6,1632.1,94.6,58.1,84.4,79.6,80.8,103.7,46.4,39.6,71.7,61,47.9,69,67.5,76.9,67.4,78.5,58.3,77,79.6,,,,106.8,105.3,
1991/07,75.5,65.4,71.3,53.9,60.3,72.2,61.9,49,82.9,56.6,67.5,84,97.3,70.2,64.6,68.9,50.7,62.9,82.7,56.1,38.4,84.3,147.2,368.2,165.2,133.8,71.7,131,65,83,76.9,138.9,74.3,86.7,97.9,70,114.6,75.1,71.6,78.9,98.6,117.3,59.9,107.6,81.3,87.9,199.2,100.1,125,65.7,58.7,104.6,1623.5,94.5,58.1,84.4,79.6,80.8,103.7,46.4,39.6,71.7,57.2,53.8,63.8,48.4,76.6,67.4,77.8,58.3,77,79.2,,,,106.8,105.3,
1991/08,75.6,66,71.3,55.3,60.3,74.3,65.1,47.8,82.9,56.5,67.6,84,97.3,70.2,64.6,68.9,50.8,62.9,82.7,56.1,38.4,84.3,147.4,367.8,165.2,133.8,71.7,131.8,65,81.1,74.4,138.9,71.6,84.2,94.1,70,114.6,75.1,71.6,78.9,98.6,117.3,59.9,107.6,81.4,87.8,199.2,100.1,125,65.7,58.7,104.9,1623.5,94.1,58.3,85.2,79.5,80.8,103.5,46.4,39.6,71.7,59.6,56.6,68.4,47.2,76.5,67.5,77.9,58.3,77,79.2,,,,106.8,105.6,
1991/09,75.9,66,71.4,53.4,60.3,74.3,64.3,51.6,83.1,56.5,68.1,84.1,97.3,70.8,64.6,68.9,50.8,62.7,82.7,56.1,38.2,84.3,147.8,367.1,169.1,134.2,71.8,131.8,65,85.8,78.5,138.9,75.9,95.3,109.5,73.9,114.6,76.4,71.6,78.9,98.6,117.3,59.9,107.5,81.2,87.8,199.2,100.1,125,65.7,58.7,103.9,1668.2,91.1,58.2,84.7,79.5,80.8,103.5,46.4,39.6,71.7,58.6,53,67.4,51.2,76.9,67.7,78.2,58.3,77,79.6,,,,106.8,104.6,
1991/10,76.4,67,71.7,52.4,60.3,75.3,69.3,61.1,83.1,57,68.1,84,97.3,71,64.5,68.9,50.9,62.2,82.7,56.1,36.9,84.3,147.2,363.3,169.1,134.2,71.8,131.8,65,87.7,81.5,139.6,79,96.7,111.5,74.2,115.1,76.9,71.6,78.8,99.2,117.3,59.6,107.5,81.3,87.7,199.2,100.1,125,65.7,58.7,103.4,1707.6,91.7,58.2,83.1,80.3,82.8,103.7,46.4,39.8,71.7,63.2,51.7,75.8,61.3,77,67.8,78.8,58.3,77,79.8,,,,106.8,104.2,
1991/11,77.1,68.1,71.9,53.6,60.3,75.6,73.5,67.5,83.2,56.8,68.1,84.1,97.3,71,64.5,68.8,50.9,62.4,82.7,56.1,37.5,84.3,146.7,358.7,169.1,134.2,71.8,131.4,65,89.5,84.7,139.6,82.3,96.7,111.5,74.2,115.1,76.9,71.6,78.8,99.2,117.3,59.6,107.8,81.2,88.3,200,100.1,125,65.7,58.7,104.7,1707.6,95.2,58.4,83.2,80.3,82.8,103.7,46.4,39.8,71.7,67.9,53.1,83.3,68,77.3,68,79.6,58.2,76.7,80.2,,,,106.8,105.3,
1991/12,77.1,67.8,72.2,55.2,60.3,75.5,69.5,64.9,83.2,56.7,68.1,84,97.5,71,64.1,68.4,51,62.6,82.7,56.1,37.9,84.3,146.5,358,169.1,134.2,72,131.4,65,89.5,84.9,139.6,82.5,96.7,111.5,74.2,115.6,76.9,71.6,78.7,99.2,116.8,59.6,107.9,81.2,88.3,200,100.1,125,65.7,58.7,106.1,1707.6,98.1,60.5,83.1,80.3,82.8,104.2,46.3,39.8,71.7,65.3,53.4,76.3,65.2,77.5,68.3,79.6,58.1,76.4,80.5,,,,106.8,106.6,
1992/01,76.4,67.6,72.3,56.1,60.3,70.4,69.9,59.7,83.6,56.6,68.4,84,97.5,71,63.9,68.2,50.8,62.9,82.7,57.4,37.9,84.3,146.1,353.8,169.1,134.4,72,131.4,65,82.5,74.7,139.4,71.9,89,99.2,74.2,114.4,76.9,71.6,78.6,99,114.9,60.5,109.2,84.2,88.3,200,100.1,125,65.7,58.7,105.6,1707.6,94.1,62.9,83.2,80.3,82.8,104.3,46.3,39.8,71.7,65.9,57.3,77.4,59.7,76.8,67.8,78.9,58,76.2,79.6,,,,106.8,106.2,
1992/02,76,67.7,72.3,56.2,60.3,70.3,70.9,58.6,83.6,56.7,68.3,84,97.5,71,63.9,68.2,50.9,62.4,82.7,57.8,36.5,84.3,146.1,353.8,169.1,134.4,72,131.4,65,78.7,70.1,139.6,67.2,84.3,91.9,74.2,114.4,73.8,71.6,78.2,99,113.5,60.5,107.7,81.1,88,200,100.1,125,65.7,58.7,105.9,1712.8,94.3,63.3,83.2,80.3,82.8,104.3,46.3,39.8,71.7,66.1,57.4,79,58.5,76.3,67.8,78.5,58,76.2,79.1,,,,107,106.4,
1992/03,76.4,67.9,72.3,54.6,60.8,70.2,70.5,65.9,83.3,56.9,69.4,84.5,97.5,71,63.9,68.2,51,61.8,82.7,57.8,35.1,84.3,147.7,354.2,169.3,136.6,75.1,132.6,65,82.1,76.6,139.6,74,84.3,91.9,74.2,115.4,73,71.6,78.1,99.1,112.9,60.5,107.6,81.3,87.6,200,100.1,125,65.7,58.7,106.2,1711.1,95.3,63.3,83.2,81,82.8,104.2,48.9,39.8,71.7,66.7,54.7,78.3,66.3,76.7,68,78.9,58,76.2,79.5,,,,107.1,106.7,
1992/04,77,67.8,72.5,52.9,60.9,70.2,73.3,60,83.4,57.2,70,89,97,71.2,64,68.1,51.5,62,82.7,58.4,35.1,84.3,147.2,344.7,169.4,143.6,75.1,132,65,87.1,80.6,139.4,78.1,93.7,106.8,74.2,116.4,79.7,71.6,79.6,99.1,113.2,63,107.2,81.3,87.1,200,104.4,131.4,65.7,58.7,106.7,1664.7,96.5,63.4,84,81.2,82.8,103.3,50.1,39.8,71.7,64.9,51.5,83,59.7,77.5,68.4,79.6,58.3,76.2,80.5,,,,110.9,107.1,
1992/05,77.3,67.6,72.6,53,60.9,70.1,65.4,66.4,83.4,56.6,70.7,89.3,97,72.3,64.5,68.4,53.4,61.7,82.7,58.4,34.4,84.3,148.4,338.7,173.4,143.2,79.9,131.4,65,89.8,84.2,139.4,81.8,97.6,112.9,74.2,116.4,79.7,71.4,79.6,99.1,113.2,63,107.3,81.3,87.2,200,104.4,131.4,65.7,58.7,107.7,1699.1,98.9,63.4,84.1,81.3,82.8,103.3,50.6,39.8,71.7,61.6,49.7,69.1,66.5,78.1,69,79.9,59.3,76.5,81.2,,,,110.9,108,
1992/06,77.2,67.3,72.5,53.1,60.9,70.2,63.6,63.5,84,56.5,70.7,89.5,97,72.6,64.6,68.5,53.4,61.7,82.7,58.4,34.2,84.3,147.8,334.9,173.4,144.3,79.7,130.8,65,90.2,84,139.4,81.6,99.9,116.6,74.2,116.3,79.7,71.4,80.1,99.1,115.8,63,107.2,81.1,87.2,200,104.4,131.4,65.7,58.7,107,1699.1,96.5,63.6,84.1,81.4,82.8,103.3,51,39.8,71.7,60.6,51.4,65.8,63.4,78.1,68.9,79.8,59.3,76.6,81.1,,,,110.9,107.4,
1992/07,76.3,66.3,72.5,52.5,60.9,68.8,59.7,54.2,84.3,56.7,70.7,89.4,97,72.9,64.4,68.2,53.5,61.7,82.7,58.4,34.2,84.3,147.4,333.7,171.7,144.3,79.6,130.8,65,85.3,78,139.4,75.5,91.5,103.3,74.2,116.3,79.7,71.4,80.1,99.1,115.8,63,106.5,81.3,87.2,193.7,104.4,131.4,65.7,58.7,106.3,1695.6,94,63.6,84.1,81.4,82.8,103.3,51,39.8,71.7,55.5,50.3,59.1,53.6,77.5,69,78.7,59.3,76.4,80.5,,,,110.9,106.8,
1992/08,76.3,66.5,72.6,55,60.9,68.8,59.5,50.7,84.3,56.9,70.7,89.4,97,72.8,64.3,68.2,53.6,61.7,82.7,58.4,34.2,84.3,148.4,334.5,181.2,144.3,79.6,130.8,65,82.8,76.1,139.4,73.4,86.8,95.8,74.2,116.3,76,71.4,80.1,99.1,115.8,63,106.6,81.4,87.2,193.7,104.4,131.4,65.7,58.7,107.4,1681.9,97.2,63.8,84.5,81.4,82.8,103.3,51,39.8,71.7,55.6,52.6,59,49.8,77.5,69.2,78.7,59.2,76.3,80.5,,,,110.9,107.8,
1992/09,77.6,68.2,72.6,55.7,61.1,72.2,63.9,62.8,84.3,56.9,70.7,89.6,97,73.5,64.4,68.2,53.6,62.6,82.7,59.1,36.1,84.3,148.7,334.9,181.2,146,79.6,130.6,65,89.9,82.9,139.4,80.4,100.8,116.8,76.1,116.3,80.5,71.4,80.1,99.1,115.8,63,106.9,81.2,88.2,193.7,104.4,131.4,65.7,58.7,107.4,1681.9,97.6,63.9,84.2,82.1,84.5,103.3,51.4,39.8,71.7,62.3,54.9,66.3,62.7,78.4,69.5,80.2,59.3,76.4,81.5,,,,111,107.7,
1992/10,77.2,67.3,73,55.7,61.1,71.7,59.6,55.3,84.3,56.9,71.7,89.6,97,73.5,64.3,68.1,53.7,63.2,82.7,59.1,37.8,84.3,147.8,327.7,181.2,146,79.6,131,65,92.2,86.1,139.4,83.8,102.1,118.7,76.5,116.9,82.8,71.4,79.8,99.1,114,63,107,81.3,88.2,193.7,104.4,131.4,65.7,58.7,104.8,1681.9,93.5,64,81.6,82.1,84.5,103.3,51.4,39.8,71.7,56.4,51.2,59.5,54.7,78.5,70,79.8,59.1,76,81.6,,,,111,105.4,
1992/11,76.8,66.3,73.2,53.7,60.1,72.7,58.1,47.3,84.4,57.4,71.7,89.6,97,73.5,64.3,68.1,53.7,62.8,82.7,59.1,36.7,84.3,147.2,326.5,177.1,146.1,79.8,130.6,65,92,85.6,139.4,83.2,102.1,118.7,76.5,119.4,83.1,71.4,80,99.2,115,63,106.9,81.2,88.1,193.9,104.4,131.4,65.7,58.7,105.7,1743.7,95.4,64.1,81.7,82.1,84.5,103.4,51.4,39.8,71.7,52.5,49.7,56.7,46.2,78.5,69.8,79.5,59.2,76,81.6,,,,111.1,106.2,
1992/12,77.3,67.1,73.3,54.6,60.1,73,58.7,49.5,84.4,57.2,71.7,89.6,97,75.2,64.4,68.2,53.8,62.6,82.7,59.1,36.1,84.3,146.5,325.8,177.1,150,77.2,129.7,65,92.2,85.8,139.4,83.5,102.1,118.7,76.5,119.4,83.1,71.4,79.5,99.4,111.6,63,106.9,81.2,88,193.9,104.4,131.4,65.7,58.7,107,1772.9,96.7,66.9,81.5,83.1,87.6,103.5,51.4,39.8,71.7,54.4,51.8,57.5,48.6,78.7,70.3,79.9,59.3,76.1,81.9,,,,111.1,107.3,
1993/01,77.2,68.7,73.4,55.3,60.1,73,69.8,55,84.3,57.3,71.7,89.6,97,75,64.4,68.2,53.9,62.8,82.7,59.1,36.7,84.3,146.7,323.1,181.2,144.4,80.2,127.8,65,83.4,74.6,151.6,71.4,89,99.8,73.6,119.4,81.7,71.4,79.5,99.4,111.6,63,108.2,84.2,87.9,193.9,104.4,131.4,65.7,58.7,105.5,1712.8,96.2,63.6,81.5,83.2,87.6,103.5,51.4,39.8,83.6,62.3,53.6,75.8,54.3,77.9,70.2,79.8,59.3,76.1,80.9,,,,111.1,106,
1993/02,77.2,69.1,73.5,57.9,60.1,73.2,69.9,52.8,84.7,57.5,71.7,89.6,97,75,64.3,68.1,53.9,62.6,82.7,59.1,36.1,84.3,146.7,323.9,181.2,144.4,80.2,127.8,65,80.6,72.6,151.6,69.2,84.3,92.2,73.6,119.4,76.8,71.4,79.5,99.4,111.6,63,106.8,81.1,87.9,193.9,104.4,131.4,65.7,58.7,108,1778,102.8,64.3,81.4,83.3,87.6,103.5,51.9,39.8,83.6,63.6,57.9,75.6,52,77.8,70.3,79.8,59.3,76,80.9,,,,111.3,108.3,
1993/03,77.5,68.9,73.5,55.9,60.3,71.6,69.1,57.4,84.7,57.5,71.7,89.6,97,75,64.7,68.4,54.5,62.6,82.7,59.1,36.1,84.3,146.2,326.9,181.9,144.4,77.8,127.8,65,85,78.5,151.6,75.5,87.9,98,73.8,119.5,79.9,72.3,79.5,99.4,111.6,63,106.9,81.3,87.9,193.9,104.4,131.4,65.7,58.7,107.5,1778,100.9,64.4,81.4,83.4,87.4,103.5,52.7,39.8,83.6,63.3,55.4,74.1,56.9,78.2,70.1,80.1,59.7,76.3,81.2,,,,111.9,107.6,
1993/04,77.9,68.9,73.4,55.7,60.3,71.2,70.5,53.4,84.7,57.7,71.9,89.7,97,75.6,64.7,68.5,54.5,62.4,82.7,59.1,35.9,84.3,145.8,317.8,181.9,144.4,80.6,126.4,65,88.2,81,151.6,77.9,94,107.6,73.3,119.5,85.2,72.3,79.7,99.4,111,63.5,106.7,81.3,87.4,193.9,111.7,135.8,65.7,79.3,106.3,1633.8,96.5,64.4,83.1,83.5,87.4,103.9,52.7,39.8,83.6,61.7,52.6,76.9,52.7,78.7,70.6,80.6,59.9,76.7,81.9,,,,117.4,106.6,
1993/05,78,68.2,73.4,54.9,60.3,70.5,65.6,53.6,84.7,57.8,72.1,89.7,97,75.6,65.4,69.1,55.7,62.3,82.7,59.1,35.3,84.3,144.9,315.6,181.9,144.4,80.2,124.5,65,91.3,85.3,151.6,82.5,99.1,115.8,73.3,117.9,83.4,72.3,79.7,99.4,111,63.5,106.7,81.3,87.4,193.9,111.9,135.8,69.5,79.3,106.7,1652.7,96.7,64.5,83.5,82.8,87.4,103.9,50.2,39.8,83.6,59.1,52.6,68.1,52.9,79,70.5,80.6,60.7,77.3,82.2,,,,117.7,106.8,
1993/06,77.6,67.5,73.4,53.5,60.3,70.7,63.6,51,84.5,57.2,72.1,90.1,97,75.5,65.2,68.9,55.7,62.3,82.7,59.1,35.3,84.3,144.3,317.1,176.1,144,79.6,124.5,65,90.5,85,151.6,82.1,97.3,114.2,71,116.9,82.3,72.3,79.4,99.4,109.3,63.5,106.6,81.1,87.4,193.9,111.9,135.8,69.5,79.3,107.3,1654.4,98.4,64.5,83.6,82.7,87.4,104.8,49,39.8,83.6,56.1,49.7,65,50.2,79,70.4,80.2,60.6,77.1,82.1,,,,117.7,107.2,
1993/07,77.4,68.2,73.1,53.2,60.3,70.6,69.2,51.9,84.5,57.2,72.1,90.1,97,75.5,65.2,68.9,55.7,62.3,82.7,59.1,35.3,84.3,143.3,314.4,173.2,140.6,79,125.5,65,84.7,79.1,151.6,76,88.2,99.9,70.8,114.4,77.6,72.3,79.3,99.4,108.6,63.5,106.7,81.3,87.6,193.9,111.9,135.8,69.5,79.3,107.4,1628.7,99.2,64.6,83.5,82.7,87.4,104.9,49,39.8,83.6,59.1,49.5,74.8,51,78.4,70.3,79.9,60.6,77.1,81.4,,,,117.7,107.3,
1993/08,77.6,68.9,73.1,52.9,59.8,70.5,77.2,50.6,84.5,57.4,72,90,97,75.5,65.4,69.1,55.7,62.3,82.7,59.1,35.3,84.3,144.2,314.4,181,139.7,79,126.1,65,82,76.2,151.6,73,83.8,92.9,70.8,115.6,74.5,72.3,79.2,99.2,108.6,63.5,106.7,81.4,87.5,193.9,111.9,135.8,69.5,79.3,108.7,1635.6,102.6,65,83.6,82.7,87.4,104.9,48.7,39.9,83.6,62.5,48.7,88.5,49.7,78.4,70.3,80.1,60.7,77.3,81.3,,,,117.7,108.5,
1993/09,77.9,68.4,73.2,52.3,59.4,70.9,75.5,48.8,84.1,57.3,71.8,89.8,97,75.5,65.4,69.1,55.7,61.8,82.7,59.1,34.4,84.3,144.7,313.7,190.4,131.7,80.2,127.5,65,88.9,82.9,151.4,80,93.7,107.6,72.4,121.9,81.4,72.3,79.1,98.7,108.6,63.5,106.5,81.2,87.3,193.9,111.9,135.8,69.5,79.3,107.3,1633.8,99,64.9,83.4,83.5,87.4,104.9,51.5,39.9,83.6,60,46.8,84.7,47.8,78.9,70.5,80.4,60.7,77.3,81.9,,,,117.7,107.2,
1993/10,77.9,67.7,73.1,54.5,59.7,72.2,66.5,44.9,85.3,57.4,72.5,89.7,97,75.2,65.4,69.1,55.7,61.3,82.7,59.1,33.3,84.3,145.9,325,190.4,142.8,76.4,126.5,65,92.2,86.2,152.3,83.4,98.3,114.2,74,117.6,88.1,72.3,79.2,98.7,108.8,63.5,106.6,81.3,87,195.3,111.9,135.8,69.5,79.3,107.7,1618.4,99.4,64.8,84,83.5,87.4,105.3,51.2,39.9,83.6,56.2,50.8,69.2,43.6,79.2,70.5,80.4,60.7,77.3,82.3,,,,117.7,107.5,
1993/11,77.7,67.7,78.3,54,59.7,71.5,61.2,49,85.3,57.5,72.5,89.7,97,75.2,65.2,68.8,56.1,60.9,81.2,58.7,33,84.3,146.1,325.4,190.4,131.5,80.4,126.5,65,93.4,87.8,152.3,85.1,99.2,115.5,74,118.6,88.7,72.5,79.1,98.5,108.9,63.5,104.9,81.2,86.9,182.6,111.9,135.8,69.5,79.3,107.1,1640.7,97.1,64.8,83.9,83.6,87.4,105.5,51.6,39.9,83.6,54,49.7,60.1,48,79.3,71,80.3,60.7,77,82.4,,,,117.7,106.9,
1993/12,77.9,68.5,78.4,53.5,59.7,73.2,68.8,48.5,85.4,58.7,72.5,89,97,75.2,65.2,68.8,56.1,61.4,81.2,58.7,34.4,84.3,145.6,324.7,190.4,131.5,81.4,123.4,65,91.1,84,152.9,81.1,98.4,114,74.5,118.6,87.5,72.5,79.1,98.5,108.6,63.5,104.8,81.2,86.7,182.6,111.9,135.8,69.5,79.3,107.4,1640.7,98.2,65.2,83.6,83.6,87.4,105.5,51.7,39.9,83.6,57.7,49.7,72.9,47.5,79.1,71.1,80.6,60.7,77,82.2,,,,117.7,107.2,
1994/01,78.2,70,78.5,55,59,69.8,78.8,47.9,85.3,58.8,72.5,89.5,97,76.2,65.2,68.8,56.2,61.4,81.2,58.7,34.4,84.3,146.1,326.5,190.4,131.6,81.5,123.4,65,84.7,76.6,152.9,73.3,88.2,99.1,72.4,118.6,85.3,72.5,79.2,99.3,108,63.5,106.9,85.8,86.7,182.6,111.9,135.8,69.5,79.3,108.2,1640.7,98.3,67.9,83.7,83.6,87.4,105.5,51.7,39.9,83.6,63.7,51.7,90.1,46.8,78.9,71.4,80.9,60.8,77,82,,,,117.7,108,
1994/02,78.1,70.7,78.5,55.4,59,72.3,81.3,53.3,85.6,58.8,72.4,89.5,97,76.4,65.2,68.8,56.2,61.4,81.2,58.7,34.4,84.3,142.5,307.6,190.4,122.1,81.5,123.6,65,80.7,72,153,68.6,83.8,92.5,71.7,118.8,79.6,72.5,79.2,99.3,108,63.5,107.1,85.7,86.6,185.1,111.9,135.8,69.5,79.3,108.1,1633.8,97.8,68.3,83.5,83.6,87.4,105.5,51.7,39.9,83.6,66.9,52.6,94.6,52.6,78.5,71.5,80.7,60.8,77,81.5,,,,117.6,107.9,
1994/03,78.2,70.3,75.4,55.8,59,72.3,79.4,52.5,83.2,59,72,89.5,97,76.4,65.2,68.8,56.2,61.4,81.2,58.7,34.4,84.3,142.1,305.3,190.4,120.9,81.5,123.6,65,84.7,78.5,153,75.2,87,97.1,72.5,117,80.1,72.5,79.2,99.3,108.2,63.5,107.1,85.9,86.6,185.1,111.9,135.8,69.5,79.3,107.9,1630.4,97.2,68.6,83.5,83.7,87.4,105.5,52,39.9,83.6,66.2,53.6,91.4,51.7,78.7,71.1,80.9,60.8,77,81.8,,,,117.8,107.8,
1994/04,78.5,69.3,75.3,55.9,59,71.5,70.6,53.8,82.5,58.8,72,89.6,97,76.4,65.1,68.5,56.3,61.3,81.2,58.5,34.4,84.3,143.6,314.8,191.5,120.9,81.5,124.1,65,88.6,81.8,152.9,78.8,92,104.5,73.6,123.5,85.5,71.5,80,99.3,108.2,64.9,107.1,85.9,86.4,186.1,119.5,142.6,69.5,93.9,108.6,1640.7,97.2,68.8,84.2,83.7,87.4,105.5,52,39.9,83.6,61.7,53.4,75.4,53.1,79.3,71.1,81.2,60.7,76.7,82.6,,,,124.2,108.4,
1994/05,78.7,68.7,75.2,55.3,58.9,70.7,65.4,53.6,82.3,58.8,72,89.6,99.7,76.4,65.2,68.7,56.3,61.3,81.2,58.5,34.4,84.3,143.6,315.6,191.5,124.1,81.5,122,65,92.5,83.4,153,80.4,105.3,115.1,92,124.3,86.5,71.5,80.2,99.3,108.2,65.1,107.2,85.9,86.7,186.1,120.2,143.8,69.5,93.9,110.4,1645.9,99.1,68.8,86.4,83.9,87.4,105.9,52.3,39.9,83.6,58.6,52.4,66.6,52.9,79.9,71.2,81.5,60.7,76.9,83.2,,,,124.8,109.1,
1994/06,78.3,67.8,75.2,53.5,59.4,70.2,62.9,48.6,83.4,58.8,72,89.6,99.7,76.6,65.2,68.7,56.3,61.3,81.2,58.5,34.4,84.3,143.1,315.2,191.5,121.9,81.4,121.7,65,92.5,83.4,152.7,80.4,105.3,115.3,91.8,124.3,86.5,71.5,80.1,99.3,108,65.1,107.2,85.7,86.7,186.1,120.2,143.8,69.5,93.9,109.5,1558.3,97.7,69.2,86.4,83.9,87.4,105.9,52.2,39.9,83.6,54.7,50.1,61.9,47.5,79.9,71.2,81,60.7,76.9,83.1,,,,124.8,108.3,
1994/07,77.5,67.1,75.2,51.4,59.4,69.7,59.8,48.3,83.2,58.8,72,89.6,99.7,77,64.9,68.5,56.3,61.3,81.2,58.5,34.4,84.3,143.3,313.7,203.6,119,81.4,119.2,65,86.3,75.9,152.7,72.7,94.9,98.9,91.8,122.7,85.7,71.5,80.1,99.3,108,65.1,107.2,85.9,86.6,186.1,120.2,143.8,69.5,93.9,109,1542.9,96.3,69.2,86.3,83.7,87.4,105.9,51.6,39.9,83.6,51.3,46.7,56.4,47.2,79.3,71.2,80.1,60.7,76.8,82.5,,,,124.8,107.8,
1994/08,78.2,69.1,75.1,52.6,59.4,69.7,70.1,58.5,82.1,58.9,72,89.6,99.7,77,65,68.5,56.3,61.3,81.2,58.5,34.4,84.3,143.3,312.9,203.6,120.1,81.4,119.2,65,84.5,75,152.7,71.7,93,95.8,91.8,124.4,77.5,71.5,80.1,99.3,108,65.1,107.1,86,86.2,186.1,120.2,143.8,69.5,93.9,110.1,1532.6,98.9,69.8,86.6,83.6,87.4,105.8,51.5,39.9,83.6,60.5,49.1,73.8,58,79.2,71.2,80.9,60.7,76.8,82.3,,,,124.8,108.9,
1994/09,78.2,68.2,62,53.1,59.4,73.3,70.2,58.9,83.2,58.9,72,89.6,99.7,76.5,65.1,68.5,56.6,61.1,81.2,58.5,33.8,84.3,143.1,315.9,203.6,118.5,81.4,117.4,65,89.8,77.7,153,74.5,107.6,119,91.6,124.4,82,71.5,80.1,99.3,108,65.1,107,85.7,86.2,186.1,120.2,143.8,69.5,93.9,109.7,1536,98.3,69.7,86.3,83.9,88.3,105.8,51.6,39.9,83.6,61,49.9,73.9,58.4,79.2,69.9,81,60.9,76.8,82.3,,,,124.8,108.5,
1994/10,78.9,69.8,72.8,52.9,59.8,73.4,75.1,60.7,82.4,58.7,72,89.6,99.7,77,65.1,68.5,56.6,61,81.2,58.5,33.6,84.3,141.5,300,203.6,118.5,81.4,119.2,65,90.9,79.6,149.8,76.7,106.4,117.1,91.6,124.3,85.9,72.5,80.1,99.3,108,65.1,107,85.8,86.2,186.1,120.2,143.8,69.5,93.9,110,1551.5,98.3,69.7,86.6,84.2,88.3,105.8,52.3,39.9,83.6,63.5,48.6,82.5,60.4,79.7,71.2,81.7,60.9,76.8,82.9,,,,124.8,108.7,
1994/11,78.9,69.9,82.3,52.9,59.6,72.1,71.9,56.1,82.5,58.7,72,90.2,99.7,77,64.7,68.1,56.6,61,81.2,58.5,33.6,84.3,142.1,306.8,203.6,118.5,81.5,117.5,65,91.5,80,149.8,77.1,107.9,119.5,91.6,124.3,85.9,72.5,80.2,99.3,108.6,65.1,106.9,85.7,86.2,186.1,120.2,143.8,69.5,93.9,109.8,1551.5,98,69.9,86.4,84.2,88.3,105.8,52.3,39.9,83.6,60.5,48.7,76.6,55.4,80,72.2,81.8,60.7,76.4,83.4,,,,124.8,108.6,
1994/12,78.7,69.4,82.1,54.6,59.6,73.2,70.9,44.4,82.5,59,72,90.6,99.7,77,64.7,68.2,56.6,60.7,81.2,58.5,32.7,84.3,141.1,298.9,203.6,118.5,81.5,117.2,65,91.1,79.9,149.8,76.9,106.3,116.9,91.6,124.3,86.8,72.5,80.4,99.3,109.8,65.1,106.9,85.8,86.1,186.1,120.2,143.8,69.5,93.9,109.8,1520.6,99,69.9,86.2,84.2,88.3,105.8,52.3,39.9,83.6,58.2,51.6,75.2,43.1,79.9,72.3,81.6,60.7,76.5,83.3,,,,124.8,108.6,
1995/01,78.7,70.7,82.1,54.9,60.8,72.2,76.6,52.1,81.8,59,72,91.8,99.9,77.2,64.9,68.2,57,61.3,81.2,58.5,32.7,88.7,142.4,292.6,220.9,118.8,81.3,117,67.1,82.7,69.9,150.9,66.1,93.9,98.7,89.7,124.5,81.9,72.5,80.2,99.9,106.9,65.1,108.3,85.7,87.1,188.5,120.5,143.8,69.1,93.9,110.5,1556.2,101.1,69.9,85.6,84.1,88.3,105.8,52.1,39.9,83.6,63.5,52.5,84.4,51.9,79.6,72.3,81.6,61,76.7,82.9,,,,125.2,109.1,
1995/02,78.7,70.9,81.7,54.8,59.5,72.4,74.8,61.1,82.1,59,72,91.8,99.9,77.2,64.9,68.2,57,61.4,81.2,58.6,32.7,88.7,143.1,296.5,220.9,118.8,81.3,117,67.1,79,64.9,150.9,60.5,89.5,91.8,89.7,124.5,80.6,72.5,80.2,99.9,107,65.1,109,85.6,87.1,195.1,120.5,143.8,69.1,93.9,110.7,1605.7,100.4,69.9,85.5,84,88.3,105.8,51.5,39.9,83.6,65.1,52.4,81.3,60.6,79.3,72.2,81.5,61,76.7,82.6,,,,125.1,109.2,
1995/03,78.6,69.7,81.7,53.6,58.8,71.5,69.1,53.8,81.4,58.9,72,92.2,99.9,77.6,64.8,68.1,57,61.4,81.2,58.6,32.7,88.7,142.8,295.3,220.9,118.8,81.3,117.2,67.1,83.4,71.4,150.9,67.8,92.3,94.8,92.1,125.5,84.2,72.5,80.2,99.9,107,65.1,109.1,85.8,87.1,195.1,120.5,143.8,69.1,93.9,111,1602.8,101.6,69.8,85.6,84.1,88.3,105.7,52.1,39.9,83.6,59.7,51.3,72,53,79.6,72.1,81.4,61,76.7,83,,,,125.1,109.6,
1995/04,78.8,69.4,81.8,54.2,58.8,71.4,69.6,49.6,81.4,59,72,92.8,99.9,77,64.7,68,56.9,61.4,81.2,58.6,32.7,88.7,145.1,300,220.9,118.8,81.2,115.9,77.5,87.3,74.3,150.3,71,102.1,109.9,92.1,125,86.7,72.5,80.1,99.9,106.6,65,109.2,86.1,87.1,195.1,123.6,148.7,69.7,93.9,110.1,1602.8,99.3,69.8,85,84.3,88.3,105.7,52.6,39.9,83.6,59.1,52.1,73,48.6,80,72,81.7,60.9,76.4,83.4,,,,127.8,108.7,
1995/05,78.6,69.4,81.8,52,57.9,71.2,69.7,57,81.8,59,72,92.4,99.9,76.6,64.8,68.1,57,61.4,81.2,58.6,32.7,88.7,142.9,300,198.6,114.6,81.2,117.1,77.5,88.7,75.9,150.3,72.9,104.7,113.9,92.1,125,87.6,72.5,80,99.9,106,65,107,86,84,195.1,123.6,148.7,69.7,93.9,110.5,1595.5,100.4,69.9,85.3,84.3,88.3,105.9,52.6,39.9,83.6,60.1,49.5,72.9,56.3,79.7,71.7,81.5,60.9,76.5,83.1,,,,127.8,109,
1995/06,78.6,69.5,81.6,53.1,58.2,70.4,69.4,57.2,81.8,59,72.1,92.5,99.9,76.4,64.8,68.1,57.1,61.4,81.2,58.6,32.7,88.7,141.5,298.5,192.8,108.7,78.9,119.6,77.5,88.9,76.2,150.3,73.1,104.7,114.3,91.3,125,87.6,72.5,80,99.9,106,65,106.9,85.9,83.9,195.1,123.6,148.7,69.7,93.9,109.9,1564.9,99.8,70.1,85.1,84.3,88.3,105.9,52.6,39.9,83.6,60.4,50.4,72.6,56.5,79.7,71.8,81.5,61,76.5,83,,,,127.8,108.6,
1995/07,77.9,68.5,81.6,52.3,58.2,71.1,64.4,50.9,81.6,59,72.1,92.5,99.9,76.7,64.8,68.1,57.1,61.1,81,58.6,32,88.7,142.2,299.7,192.8,108.7,80.4,119.6,77.5,84.5,72.1,150.3,68.6,96.5,101.6,91.3,125,82.8,72.5,80.9,103,106.6,65,106.9,86.1,83.9,194.3,123.6,148.7,69.7,93.9,107.5,1385.7,97.2,70,84.9,84.3,88.3,105.9,52.6,39.9,83.6,55.6,49.1,64.3,50,79.2,71.8,80.6,61,76.5,82.5,,,,127.8,106.6,
1995/08,77.9,69.1,81.6,54.4,58.2,71,68,50.6,79.9,59,72.4,89.5,98.9,76.7,64.9,68.2,57,61.1,81,58.6,32,88.7,142,298.2,192.8,108.7,80.4,119.5,77.5,81.8,69.2,151.7,65.3,92.7,95.8,91.3,123.8,80.9,72.5,80.9,103,106.6,65,106.9,86.2,83.9,194.3,123.6,148.7,69.7,93.9,107.5,1347.8,97.6,70.2,85.3,84.3,88.3,105.9,52.9,39.9,83.6,58.7,52.4,70.1,49.7,79,71.6,80.6,61,76.6,82.2,,,,127.8,106.6,
1995/09,78.2,69.3,81.6,53.2,58.2,70.9,69.5,55.5,81,58.4,72.4,89.5,99,76.6,64.9,68.2,57,61.1,81,58.6,32,88.7,140,292.6,191.8,103,78.6,120.3,77.5,87.1,77.7,152.3,74.6,96.2,102.8,88.4,125.1,80.3,72.5,80.9,102.9,106.6,65,106.4,85.9,83.3,194.3,123.6,148.7,69.7,93.9,107.7,1321.6,98.9,70.2,85.1,84.2,88.3,105.3,52.9,39.9,83.6,59.9,50.3,72.7,54.7,79.3,71.6,81,61,76.7,82.5,,,,127.8,106.6,
1995/10,78.2,68.6,81.6,54.5,58.3,74.4,63.5,52.5,80.6,58.4,74,89.7,99,75.1,65,68.3,57,61.1,81,58.6,32,88.7,143.7,305.6,191.8,119,79.5,118.7,77.5,89.5,79.4,152.3,76.5,100.1,106.6,92.8,125.1,87.1,72.5,80.7,102.9,105.9,65,106.3,86,83,194.3,123.6,148.7,69.7,93.9,107.3,1321.6,97.8,70.1,85.1,84.2,88.3,105.2,52.9,39.9,83.6,57.1,52.3,62.9,51.6,79.5,71.6,81,61.1,76.9,82.8,,,,127.8,106.3,
1995/11,77.9,67.5,80.8,52.3,58.3,73.7,61.8,45.6,81.9,58.4,74,89.5,99,75.1,65,68.3,57,61.5,81,58.6,33,88.7,139.4,283.4,191.8,119,79.5,118.9,77.5,90.1,80.3,152.3,77.6,100.3,106.8,92.8,125.1,88.5,72.5,80.9,102.9,106.7,65,106.2,85.9,83,194.3,123.6,148.7,69.7,93.9,107.4,1291,98.3,70.3,85.4,84.1,88.3,105.1,52.9,39.9,83.6,52.9,49.1,60.2,44.4,79.4,71.3,80.5,61.1,76.9,82.7,,,,127.9,106.3,
1995/12,77.9,67.7,80.8,53.6,58.3,74,66.1,39.7,81.1,58.2,74,89.5,98.6,74.9,64.9,68.2,57,61.5,81,58.6,33,88.7,140.1,287.9,191.8,119,79.5,118.5,77.5,89.8,79.7,152.3,76.8,100.1,106.2,93.3,125.8,88.2,72.5,80.8,102.9,106.1,65,106.2,86,83,194.3,123.6,148.7,69.7,93.9,107.4,1291,98.6,70.2,85.3,84.1,88.3,105.1,52.6,39.9,83.6,53.8,50.6,66.8,38.4,79.4,71.3,80.6,61.1,76.9,82.7,,,,127.9,106.3,
1996/01,77.6,69,80.8,55,58,74.5,71.2,48.2,81.1,58.1,73.5,88.6,98.6,74.7,64.9,68.2,57.1,60.4,76.8,58.6,33.3,88.7,139.8,286.1,191.8,119,79.5,118.2,77.5,81.1,68.4,152.3,64.4,89.1,89.7,92.8,125.8,82.5,72.5,80.7,102.9,104.5,65.1,106.2,86,82.9,194.3,123.6,148.7,69.7,93.9,107.2,1242.9,98.2,70.5,85.8,84.2,88.3,105.1,52.7,39.9,88.9,59.8,53,75.4,47.1,78.6,71.2,80.3,61.1,76.7,81.8,,,,128,106.2,
1996/02,77.5,69.3,80.8,54.8,58,74.7,73.4,48.9,81,58.5,73.5,88.6,98.6,74.9,64.9,68.2,57.1,61.1,76.8,58.6,35.2,88.7,137.7,283.7,188.7,105,79.6,116.9,77.5,78.3,65.8,152.3,61.5,85.3,84.2,92.2,125.8,76.9,72.5,80.7,102.9,104.5,65.1,105.8,85.9,82.8,192.3,123.6,148.7,69.7,93.9,107.2,1242.9,98.5,70.7,85.4,84.2,88.3,105.2,52.6,39.9,88.9,60.7,52.7,78.4,47.9,78.4,71.3,80.2,61.1,76.7,81.5,,,,128,106.1,
1996/03,78,69.3,80.8,56.3,58,74.9,69.4,50.5,80.9,58.5,73.5,89.1,98.6,74.9,64.9,68.2,57.1,61.2,76.8,58.6,35.5,88.7,137.3,282.3,189.1,109.9,79.3,114.4,77.5,86.1,75.2,153,71.9,92.9,94.4,94.9,125.8,91.2,72.5,80.7,102.9,104.5,65.1,105.6,86.1,82.4,192.3,123.6,148.7,69.7,93.9,107.3,1237.1,99.6,70.5,85.2,84.3,88.3,105.8,52.6,39.9,88.9,60.4,55.1,71.7,49.6,79,71.3,80.7,61.1,76.7,82.2,,,,128,106.2,
1996/04,78.5,69.4,80.7,56.3,58.4,73.5,70.7,51.7,80.6,58.5,73.5,88.8,98.6,74.9,64.9,68.2,56.9,61.8,76.8,58.6,37.1,88.7,138.7,284.6,190.8,109.9,80.5,116.9,77.5,89.1,76.6,153,73.4,101.8,108,94.9,125.8,94.8,72.5,81.7,102.9,104.5,66.8,106.2,86,83.6,190.4,127.4,154.7,70,93.9,107.4,1240,99.3,70.5,85.5,84.5,88.3,105.8,53.2,39.9,88.9,61.7,55.6,73.9,50.7,79.5,71.3,81.4,61,76.8,82.8,,,,131.1,106.3,
1996/05,78.6,69.8,80.7,56.2,58.4,72.5,71.9,56.4,79.9,58.5,73.9,88.2,98.6,74.9,64.9,68.2,56.9,61.7,76.8,58.3,37.1,88.7,138.1,287.3,173.2,109.9,80.5,119.2,77.5,89.5,77.4,153,74.3,101.5,107.7,94.6,125.8,94.8,72.5,81.6,102.7,104.5,66.8,106.1,86,83.3,191.2,127.4,154.7,70,93.9,107.1,1200.6,99.3,70.4,85.5,84.5,88.3,105.8,53.2,39.9,88.9,63.5,55.6,75.8,55.7,79.4,71.2,81.4,61.1,77,82.7,,,,131.1,106.1,
1996/06,78.3,69.3,80.7,56.3,58.4,71.9,68.9,54.8,75.5,58.5,73.9,88.1,98.5,74.9,65.1,68.5,56.9,61.8,76.8,58.3,37.3,88.7,135.3,274.9,173.2,109.9,81,115.7,77.5,90.2,78.4,153,75.4,101.5,107.9,93.9,126.6,96.3,72.5,81.6,102.7,104.2,66.8,106.2,86,83.3,191.2,127.4,154.7,70,93.9,105.7,1197.7,94.6,70.6,85.5,84.2,88.3,105.4,52.3,39.9,88.9,60.6,53.3,70.8,54,79.3,71.3,81.1,61.3,77.3,82.5,,,,131.1,104.8,
1996/07,77.9,69,80.7,54.1,58.4,68.4,71.3,53.3,77,58.6,73.9,88.1,98.5,74.9,65.1,68.5,56.8,62,77.8,58.3,37.3,88.7,135,271.6,173.2,108.7,80.9,118,77.5,85.1,74.4,153,70.9,91.9,94.5,91.7,126.1,88.3,72.5,81.6,102.7,104.2,66.8,106.2,86.2,83.3,191.2,127.4,154.7,70,93.9,105.5,1197.7,94.3,70.5,85.3,84.3,88.3,105.6,52.5,39.9,88.9,59.8,50,75,52.5,79,71.2,80.6,61.3,77.6,82.1,,,,131.1,104.6,
1996/08,77.5,68.9,80.7,56.4,58.4,67.9,68.2,51.6,78.5,58.6,74,88.5,98.5,74.7,65.1,68.5,56.8,61.9,77.8,58.5,36.8,88.7,131.2,264.8,169.5,95.1,77.8,117.4,77.5,81.4,71.6,153,67.8,86,87.7,87.3,126.1,77.3,72.5,81.5,102.7,103.6,66.8,105.8,86.5,82.7,191.2,127.4,154.7,70,93.9,105.6,1199.2,93.9,70.7,85.7,83.2,88.3,104.4,49.4,39.9,88.9,60.9,56.5,69.9,50.7,78.4,70.8,80.1,61.3,77.5,81.5,,,,130.9,104.9,
1996/09,78.2,68.8,80.1,55.7,58.6,68.4,65,53.4,79.3,58.5,74.5,89,98.5,75.6,66.5,70.2,56.8,61.9,77.8,58.5,36.8,88.7,132,267.5,177.2,110.7,73.7,115.6,77.5,88.6,75.6,155.8,72,103.4,112.7,90.7,125.6,91.7,72.5,81.6,102.7,104.2,66.8,105.5,85.9,82.4,191.2,127.4,154.7,70,93.9,104.7,1199.2,91.9,70.5,85.4,84.3,88.3,104.4,53.9,39.9,88.9,59.3,55.1,64.8,52.7,79.3,71.1,80.6,61.9,78.8,82.2,,,,130.9,104,
1996/10,78.6,68.8,80.4,55.5,59.1,70.9,62.1,55.6,79.2,58.7,75.3,89.3,98.5,75.6,66.6,70.4,56.8,62.3,78,58.8,37.7,88.7,133.4,268.9,178.6,115.9,74.7,116.9,77.5,93,81.4,155.8,78.5,108.2,117.3,96.2,125.6,95,72.5,81.3,102.7,102.1,66.8,104.6,86,81.1,191.2,127.4,154.7,70,93.9,105.6,1202.1,94.6,70.5,85.4,85.2,88.3,104.4,57.6,39.9,88.9,58.5,54.9,60.1,54.8,79.8,71.3,81,61.9,78.9,82.8,,,,130.9,104.7,
1996/11,78.5,68.2,80.7,54.7,59.1,69.6,61.2,51.1,80.1,58.7,75.6,87.9,98.5,75.6,66.6,70.4,56.8,62.9,78,58.8,39.4,88.7,134.7,273.4,182.5,117,74.8,116.9,77.5,93,81.5,138.2,79.9,108.9,118.5,95.5,120.5,96.7,72.6,81.3,102.7,102.1,66.8,104.6,85.9,81.1,191.2,127.4,154.7,70,93.9,105.3,1194.8,93.9,70.7,85.2,85.3,88.3,104.4,57.7,39.9,88.9,55.8,53,58.7,50.2,80,71.4,80.9,61.9,78.8,82.9,,,,130.9,104.4,
1996/12,78.6,68.6,80.7,54.2,58.5,67.9,65.2,55.4,79.3,58.7,75.3,87.4,98.5,75.3,66.4,70.1,56.8,63.5,78,59.4,40.6,88.7,134.3,273.4,188.9,117,73.3,114.1,77.5,92.8,81.4,138.2,79.8,108.9,118.5,95.5,117.8,96.7,72.6,81.3,102.7,102.1,66.8,104.3,85.2,81.2,191.2,127.4,154.7,70,93.9,105.1,1194.8,94.3,70.5,84.9,85.4,88.7,104.4,57.7,39.9,88.9,58.8,52.4,65.6,54.6,79.8,71.1,81,61.8,78.7,82.7,,,,130.9,104.1,
1997/01,78.2,68.6,80.8,54.1,58.8,65.5,67.3,50.4,78.8,58.7,75.6,87.3,98.5,75.6,66.9,70.8,56.8,63.9,78.2,59.9,41.4,88.7,135.3,276.3,188.9,117,73.3,116.3,77.3,82.6,68.5,138.2,65.6,96.5,101,92.9,114.2,91.4,72.6,81.5,102.7,104.1,66.8,104.2,85.2,81.1,190.6,127.4,154.7,70,93.9,105.5,1196.3,95,70.8,85,85.3,88.7,104.1,57.8,39.9,88.9,58.4,52.4,69,49.5,79.3,71,80.4,62.3,79.8,82,,,,131.1,104.5,
1997/02,78,68.9,80.4,56.2,59.2,64.7,65.8,48.8,78.8,58.7,75.6,87.4,98.5,76.9,66.9,70.6,56.8,64.4,78.2,61.5,41.7,88.7,135.1,275.7,188.9,117,74.2,114.7,77.3,78,62.6,138.5,59,89.7,90.9,92.1,117.3,89.5,72.6,81.9,102.7,106.1,66.8,104.6,85.9,81.6,188.7,127.4,154.7,70,93.9,105.5,1183.1,94.7,70.9,85.2,85.3,88.7,104,57.8,39.9,88.9,58.5,55.7,65.6,47.9,79.2,71.5,80.3,62.1,79.2,81.9,,,,131.1,104.6,
1997/03,78.6,68.5,80.4,54.5,59.3,64.5,63.3,52.4,78.8,58.4,75.4,86.7,98.5,77,67.7,71.7,56.8,64.7,78.2,62.7,41.7,88.7,134.4,271.3,188.9,117,74.2,115.3,77.3,84.8,72.7,138.5,70.1,94.7,97.6,94.3,117.8,94.5,72.6,81.9,102.7,106.5,66.8,104.6,86.1,81.6,188.7,127.4,154.7,70,93.9,105.7,1180.2,95.6,70.8,85.2,85.2,88.7,104,57.5,39.9,88.9,57,53,61.1,51.6,79.9,71.5,80.7,62.4,80,82.5,,,,131.1,104.9,
1997/04,80.9,70.9,81.9,55.3,63.8,69,70.7,54.6,80.7,59.2,74.9,87.9,100.3,79,69.5,73.8,57.6,65,79.6,63,41.4,88.7,136.4,271.9,190.2,118.8,76.1,118.6,80,93.5,79.8,156.8,76.6,107.5,116.3,96.1,134,100.7,74.6,83,104.7,108.2,67.3,105.8,87,82.6,191.2,131.6,160.2,72,96.5,108.5,1202.1,96.7,72.8,88.4,87.4,92,106.2,58.6,40.8,88.9,61.1,54,71.6,53.8,82.1,73.2,83.1,63.5,81.8,84.7,,,,135,107.4,
1997/05,81,70.8,81.8,53.7,63.8,69.5,71.2,56.6,81.1,58.8,74.5,86.9,100.3,79.6,69.6,73.8,57.6,64.9,80.5,63.4,40.2,88.7,137.4,276.9,190.2,118.9,76.1,118.6,80,95.3,82.3,156.2,79.4,110.6,120.8,96.2,134,100.7,74.6,83.1,104.7,109.2,67.3,105.3,86.9,81.7,191.9,131.6,160.2,72,96.5,108.5,1202.1,96.6,72.6,88.5,87,92,106.1,56.7,40.8,88.9,61.1,52.3,72.5,55.8,82.1,73.1,83.2,63.6,81.8,84.8,,,,135,107.4,
1997/06,81.1,71.4,81.8,54.5,63.8,68.8,74.4,59.3,80.1,59.4,74.5,86.9,100.3,79.4,69.7,73.8,58.5,65,80.5,63.8,39.4,90.4,136.4,275.2,190.2,118.9,76.1,115.2,80,95.9,83.4,156.2,80.7,110,120.2,95.8,134,100.7,74.6,83.1,104.7,108.9,67.3,105.3,86.8,81.6,191.9,131.6,160.2,72,96.5,107.9,1202.1,94.3,72.9,88.4,87,92,106.1,56.7,40.8,88.9,63.7,52.9,77.4,58.7,82.1,73.2,83.4,64,81.8,84.8,,,,135,106.8,
1997/07,80.6,70.6,81.6,55.4,64.4,67.8,67.8,55.8,79.8,59.4,74.5,87.4,100.3,79.4,69.7,73.8,58.4,65.1,80.9,63.8,39.4,90.4,136.6,274,190.2,118.9,76.1,117.2,80,91.6,79.1,156.2,75.9,101.8,107.4,95.8,134.5,97.7,74.6,82.9,104.7,107.7,67.3,105.1,86.8,81.4,191.9,131.6,160.2,72,96.5,107.7,1178.8,94.5,72.9,88.3,87.3,92.6,106.1,57.7,40.8,88.9,60.2,54.4,66.6,55,81.9,73.2,82.7,63.9,81.9,84.4,,,,135,106.7,
1997/08,80.4,70.7,81.5,57.6,64.8,68.2,72.4,46.1,80,59.3,74,85.8,100.3,79.2,69.7,73.8,58.5,65.1,80.9,63.8,39.4,90.4,136.3,267.2,190.2,135.4,76.4,116,80,87.3,74.2,156.2,70.5,95.9,98.5,95.8,134.5,94.1,74.6,82.9,104.7,107.5,67.3,104.9,87.2,80.9,191.9,131.6,160.2,72,96.5,108,1156.9,95.4,73.3,88.7,87.9,94.6,106,57.7,40.8,88.9,61.4,58.3,74.1,45,81.5,73,82.5,64,81.9,84.1,,,,135,107.1,
1997/09,81.3,71.1,81.2,55.7,64.8,69.2,72.7,55.6,79.1,59.3,74.1,86.2,100.3,79.4,69.7,73.8,58.4,65.1,80.9,64.5,38.9,90.4,133.3,266.9,190.2,120.6,73.6,110.9,80,95.8,83.7,155.6,81,109.5,118.4,97.7,135.2,97.9,74.6,93.1,104.7,108.9,83.1,104.6,86.7,80.7,191.9,131.6,160.2,72,96.5,107.8,1156.9,95.1,73,88.4,88.2,94.6,105.8,59.4,40.8,88.9,62.6,54.7,74.7,54.8,82.4,73.1,83.6,63.9,81.9,85.2,,,,135,106.7,
1997/10,81.2,70.4,79.4,54.4,65.1,69.3,74.4,47.3,79.2,59.1,74.1,87.4,98,79.6,70.2,74.4,58.5,65,80.7,65.1,38.3,90.4,130.7,258.3,180,120.6,74.2,110.1,80,96.5,84,155.6,81.4,110.7,119.4,99.2,136.3,102.1,74.6,93.1,104.7,108.9,83.1,104.6,86.8,80.7,191.8,131.6,160.2,72,96.5,108.3,1164.2,96.1,73,88.8,88.3,94.6,106,59.4,40.8,88.9,59.9,52.4,77.4,46.2,82.5,73,83.4,64.1,82.1,85.1,,,,135,107.2,
1997/11,80.8,68.9,79.5,54,65.1,68.9,65,41.4,81.1,59.2,73.8,87.2,97.3,79.6,70.3,74.5,58.5,64.8,80.7,65.1,37.8,90.4,132,263.3,183.5,114.4,75.3,110.7,80,97.9,86.1,155.6,83.7,112.2,121.1,100.7,136.3,101.7,74.6,93.1,104.7,108.9,83.1,104.2,86.7,80.3,191.8,131.6,160.2,72,96.5,108,1168.6,95.1,73.3,88.5,88.3,94.6,106.2,59.4,40.8,88.9,53.3,51.7,61.4,40.2,82.6,73.1,82.8,64.1,82.2,85.2,,,,135,106.9,
1997/12,80.8,69.5,79.4,53.3,66.1,70.3,69.4,43.2,78.7,59.3,74,87.7,97.6,79.6,70,74.1,58.6,64.5,80.7,65.1,37.2,90.4,132,261.5,183.5,114.4,75.5,112.2,80,96.2,85.5,156.7,83,111.4,120.6,99.3,121.3,100.3,74.6,93.1,104.7,109,83.1,104.1,86.3,80.2,191.8,131.6,160.2,72,96.5,108.1,1164.2,96.4,73.1,88.3,88.2,94.6,105.8,59.4,40.8,88.9,56,51.9,68.8,42.1,82.3,73,82.9,64.1,82,85,,,,135,106.9,
1998/01,80.5,70.9,78.1,54.7,66.1,70,79.2,45.7,78.7,59.3,74,87.7,97.6,79.6,70.2,74.4,58.6,64.4,80.1,65.1,37.2,90.4,131.3,257.1,183.5,116.2,75.7,111.5,80,84.4,69.4,156.7,65.1,100,103.8,97.9,121.3,89.4,74.6,93,104.7,108,83.1,104.1,86.4,80.2,191.6,131.7,160.2,72.3,96.5,107.9,1133.6,96.2,73.3,88.2,88.3,94.6,105.7,59.8,40.8,88.9,62,53.1,85,44.6,81.5,73,82.5,64.2,82.2,84,,,,135.1,106.7,
1998/02,80.1,71.1,78.1,54.8,66.9,69.4,79.2,48.2,78.8,59.4,74.3,86.9,97.6,79.6,70.2,74.4,58.6,63.1,75.8,65.1,36.7,90.4,127.5,250.6,157,116.2,75.7,110.4,80,81.4,66.9,156.7,62.4,93.6,94.7,96.6,115,92.1,74.6,93,104.7,108,83.1,103.4,86.7,79.7,186.9,131.7,160.2,72.3,96.5,108,1129.2,96.8,73.3,88.3,88.4,94.6,106,59.8,40.8,88.9,62.7,53,85.2,47.2,81.1,73.1,82.1,64.2,82.3,83.4,,,,135.1,107,
1998/03,80.5,71.5,78,54.1,67.1,68.8,79.6,55.6,79.2,59.2,74.3,87.1,97.6,79.6,69.5,73.6,58.6,62,75.8,65.1,33.6,90.4,126.7,250.9,157,115.2,74.8,108.8,80,89.3,76.5,156.7,73,104.5,109.6,100,116.6,96.1,74.6,93.1,104.7,108.9,83.1,103.2,86.8,79.3,186.9,131.7,160.2,72.3,96.5,108.3,1124.9,97.4,73.3,88.5,88.3,94.6,105.8,59.8,40.7,88.9,64.9,52.7,85.9,54.8,81.3,72.9,82.7,63.9,81.6,83.9,,,,135.1,107.2,
1998/04,80.7,71.1,78,54,66.9,68.6,77.2,48.5,79.2,59.4,75.1,87.4,97.6,80.7,69.6,73.6,58.6,61.8,75.8,64.7,33.6,90.4,126.5,248.5,156.6,119.1,74,109.2,80,94.9,83.7,161,80.7,111,119.6,99.9,115.6,100.6,74.6,93.1,104.7,108.9,83,103.1,87,79.2,186.9,134.4,164.6,72.9,96.5,107.3,1119,95,73.3,88.2,88.2,94.6,105.9,59.4,40.7,88.9,62,53.3,81.9,47.6,81.8,73.2,82.8,63.5,80.7,84.4,,,,138.1,106.4,
1998/05,82.9,72.8,78.1,54.5,67.2,68.3,88,56,79.3,59.2,75.4,88,97.2,80.6,76.1,81.5,58.6,61.7,75.8,64.7,33,90.4,127.7,244.1,157,131.1,76.9,110.7,80,96.4,85.3,161,82.4,113.7,123.4,100.6,120.7,98.3,74.6,93,104.7,108.8,83,102.8,87,78.9,186.9,134.4,164.6,72.9,96.5,107.4,1113.2,95.4,73.3,88.3,88,94.6,106.1,58.6,40.7,88.9,69.8,54.5,99.6,55.2,83.5,73.2,84,66.6,87.9,84.8,,,,138.1,106.4,
1998/06,82.6,71.8,78.1,57.1,67.2,67.7,74.8,58.4,79.4,59.1,72.4,88.3,96.8,80.6,76.5,82.2,57.9,61.7,75.8,64.7,33,90.4,127.9,242.9,155.6,121.3,79.1,113.3,80,96.1,85.2,161,82.3,111,119.2,100.7,120.5,102.1,74.6,93,104.7,108.8,83,102.5,86.8,78.6,186.7,134.4,164.6,72.9,96.5,106,1081.1,91.7,73.5,88.1,88.3,94.6,106.1,59.5,40.7,88.9,65.8,57.7,78.1,57.8,83.5,73,83.3,66.6,88.4,84.5,,,,138.1,105.3,
1998/07,82.5,71.5,78.1,59,67.3,68.3,72.2,54.8,79.7,58.5,72.6,88.8,96.8,80.6,77.3,83.1,57.9,61.5,75.8,64.7,32.5,90.4,127.3,241.7,156.8,121.1,78,108.5,85.9,93.1,82.3,161,79.1,104.7,109.5,100.7,120.5,102.1,74.6,92.7,103.6,108.8,83,102.6,87,78.6,186.7,134.4,164.6,72.9,96.5,106.2,1070.9,93.1,73.3,88.1,88.3,94.6,106,59.5,40.7,88.9,64.8,60.4,73.9,54,83.5,73.1,83.1,66.9,89.2,84.3,,,,138.1,105.6,
1998/08,82.1,70.9,78.1,58.6,67.3,67.2,67.5,53.1,79.4,58.8,72.6,88.2,96.8,80.6,77.3,83.1,57.9,61.5,75.8,64.7,32.5,90.4,127.7,243.2,157.8,121.1,78.4,108.6,85.9,91,80.8,161,77.3,99.8,102,100.7,120.5,98.9,74.6,92.7,103.6,108.8,83,102.8,87.5,78.7,186.5,134.4,164.6,72.9,96.5,106.5,1060.7,93.5,73.5,88.3,88.1,94.6,106.1,59,40.7,88.9,61.7,59.4,66.4,52.3,83.3,73.1,82.7,66.9,89.2,84.2,,,,138.1,105.9,
1998/09,82.7,71.3,77.3,58.5,66.5,68.9,70.7,55.6,79.9,58.6,72.5,90.9,96.8,80.6,76.8,82.6,57.9,61.5,75.8,64.7,32.5,90.4,127.3,242.9,158,112.8,78.4,110,85.9,98.5,88.3,159.1,85.9,115.4,126.4,100.1,119.6,100.6,74.6,92.7,103.6,108.8,83,102.7,86.9,78.9,186.5,134.4,164.6,72.9,96.5,106.8,1126.3,93.2,73.3,88.1,88.8,94.6,106,59.9,40.7,109.8,64.4,60,72.2,54.8,83.7,72.9,83.4,66.7,88.8,84.8,,,,138.1,106.1,
1998/10,83.7,73.9,78.2,57.8,66.4,69.5,88.4,65.5,80.6,58.8,72.5,90.1,97,80.7,77,82.6,58.7,60.6,75.3,64.3,30.6,90.4,129.9,253,158.2,121,78.4,109.5,85.9,102.1,92.1,159.1,90.2,118.3,130.6,100.1,121,110.2,74.6,92.7,103.6,108.8,83,102.6,87,78.7,186.5,134.4,164.6,72.9,96.5,106.8,1105.9,93.3,73.3,88.3,88.6,94.6,106.1,58.9,40.7,109.8,74.7,58,101.1,65,84,73.2,84.7,67.1,88.9,85.2,,,,138.1,106,
1998/11,83.3,72.8,78.1,58,64.9,68.1,87.9,52.4,80,58.4,72.9,89.8,97.1,80.7,76.5,82.1,58.8,60.2,75.3,64.3,29.7,90.4,128.5,249.4,159.6,121,78.1,105.7,85.9,103.3,94.7,159.1,92.9,118.9,131.6,100.1,121.2,108,74.6,92.7,103.6,108.8,83,103.1,86.9,79.3,186.5,134.4,164.6,72.9,96.5,106,1092.8,94.4,73.5,86.6,89,94.6,105.9,60.8,40.7,109.8,70.8,58.2,100.8,51.5,83.9,72.9,84.3,66.9,88.1,85,,,,138.1,105.5,
1998/12,83.2,72.2,78.1,54.5,65.1,71.7,87,51.4,80.2,58.4,72.9,89.9,97.2,80.7,76.5,82.1,58.8,60.9,75.3,64.3,31.4,90.4,127.9,247.3,159.6,121,78.1,104.7,85.9,102.8,94,158.2,92.2,118.4,130.9,100.1,121.2,107.6,74.8,92.9,103.6,110,83,103.1,86.5,79.4,186.5,134.4,164.6,72.9,96.5,107,1124.9,97.5,73.4,86.2,90.1,94.6,105.7,59.8,43.9,109.8,67.3,53.3,97.2,50.5,84.1,73.1,84.2,66.8,88.1,85.3,,,,138.1,106.3,
1999/01,82.6,72,78.1,56.2,65.5,69.2,78.9,55.3,80.3,59.7,73.4,89.5,97.2,80.6,76.5,82,58.8,61.6,75.2,64.3,32,93.9,128.2,246.5,157,119.5,78.4,108.2,85.9,92.6,80.7,158.2,77.5,103.3,108,99.6,121.2,107.6,74.8,92.9,103.6,110,83,103.3,87.1,79.4,186.5,134.4,164.6,72.9,96.5,106.6,1114.7,96.3,73.5,86.1,90,94.6,105.7,59.6,43.9,109.8,66.1,56.8,83.8,54.5,83.5,73.1,83.4,66.8,87.9,84.5,,,,137.9,106.1,
1999/02,82.2,71.8,78.2,57,65.4,70.4,74.9,56.3,80.3,59.6,73.5,89.5,96.8,80.6,76,81.5,58.8,61.6,75.2,64.3,32,93.9,126.3,238.8,158.2,118.5,78,106.6,85.9,91,77.5,158.2,74,102.7,107.6,98.7,120.8,109,74.8,92.8,103.4,110,83,103.2,86.8,79.4,186.5,134.4,164.6,72.9,96.5,106.8,1094.3,97.4,73.5,86,90,94.6,105.7,59.5,43.9,109.8,65.1,57.7,77.6,55.6,83.1,73.2,83.1,66.6,87.6,84.4,,,,137.9,106.2,
1999/03,82.6,72,78.4,57.6,65.4,69.5,72.9,60.4,80.8,59.6,74.8,90.5,96.8,80.6,76,81.5,58.8,61.6,75.2,64.3,32,93.9,126.2,238.8,158.2,117.9,78,106.6,85.9,94.6,84.9,158.2,82.1,102.2,106,100.1,120.8,108.9,75.1,92.8,103.2,110.2,83,103.2,87,79.4,186.3,134.4,164.6,72.9,96.5,106.7,1104.5,97,73.5,86.1,90.1,94.6,105.6,60,43.9,109.8,66.3,59.5,74.9,59.8,83.4,73.2,83.5,66.6,87.6,84.6,,,,137.9,106.2,
1999/04,83.1,72.9,78.2,59.3,66.4,71.9,75.7,62,78,59.8,74.9,90.9,96.8,80.6,76.2,81.6,58.8,61.3,74.5,64,32,93.9,126.2,239.6,157,117.9,77.3,107.2,85.9,100,88.8,158.2,86.5,116.6,128.5,99.2,120.8,110,75.1,93.4,103.2,110.2,83.9,102.8,86.9,79,186.3,133.4,167.1,73,87.2,106.8,1237.1,93.6,73.5,86.2,90.1,94.6,105.7,60.5,43.9,109.8,69.4,62.6,79.3,61.5,83.8,73.3,84.2,66.8,88,85.1,,,,137,106.2,
1999/05,83,72.3,78.2,57.1,66.2,70.5,74.4,63.4,78,59.9,74.4,89.9,96.8,80.7,76.2,81.6,58.8,61.1,74.5,64,31.4,93.9,126.9,240.5,158.2,119.5,78,107.7,85.9,101.4,90.4,158.2,88.3,119.1,132.1,99.7,121.1,110,74.7,93.2,103.2,108.5,83.9,102.8,86.8,78.9,186.7,133.4,167.1,73,87.2,107,1186.1,93.5,73.5,87.4,90.3,94.6,105.7,61,43.9,109.8,66.3,57,75.8,62.9,83.9,73.6,84,66.8,87.9,85.3,,,,137,106.4,
1999/06,83,72.6,78.2,59,66.5,70.5,70.7,67.6,80.5,60.1,74.4,90.1,96.8,80.7,76,81.5,58.8,61.3,74.5,64,32,93.9,127.2,241.1,158.8,121.3,77.9,107.2,85.9,100.9,90.8,158.2,88.7,116,127.4,99.5,121.1,110,74.7,93.1,103.2,108.3,83.9,102.6,86.7,78.8,186.7,133.4,167.1,73,87.2,105.8,1151.1,90.9,73.6,87.1,90.3,94.6,105.7,61,43.9,109.8,66.8,58.9,70.6,67.2,83.9,73.8,84,66.8,87.9,85.2,,,,137,105.3,
1999/07,82.2,71.3,77.9,56.9,66.5,69.9,68.9,55.4,80.4,60.3,74.4,90.3,96.8,80.7,76,81.5,58.8,61.6,74,64,33.2,93.9,125.5,234.9,156.2,120.3,77.8,106.7,85.9,95.1,85.2,158.2,82.5,104.9,110.5,99.2,116.5,110.2,74.7,91.8,103.2,108.6,81.7,102.8,87.1,78.8,186.7,133.4,167.1,73,87.2,106.5,1140.9,91.6,73.4,88,90.2,94.6,105.7,60.7,43.9,109.8,61.3,55.6,68.8,54.6,83.5,73.7,83.1,66.8,87.9,84.7,,,,137,105.9,
1999/08,82.4,72.1,78,56.9,66.7,69.9,77.9,53.2,79.8,60.3,74.4,90.5,96.8,80.7,76,81.4,58.8,61.6,74,64,33.2,93.9,126.6,237,163,122,78,106.3,85.9,93,83.1,158.2,80.2,101.5,106.1,97.9,116.6,107.9,74.7,91.7,102.8,108.6,81.7,102.9,87.5,78.9,186.7,133.4,167.1,73,87.2,107.1,1130.7,93.7,73.6,88.2,90.3,94.6,106.1,60.7,43.9,109.8,65.5,57.2,83.2,52.3,83.4,73.5,83.3,66.7,87.6,84.5,,,,137,106.7,
1999/09,83.1,73,77.9,58,66.6,71,78.8,63.2,80.1,60.3,74.4,89.7,96.8,80.7,76.4,81.8,58.8,61.6,74,64,33.2,93.9,125.6,234,158.8,121.4,78,106.1,85.9,98.4,87.2,157.7,84.9,114.1,123.6,101.5,116.6,110.1,74.7,91.5,102.8,106.5,81.7,103.3,86.7,79.7,186.7,133.4,167.1,73,87.2,107,1095.7,94.5,73.6,88,90.4,94.6,106.1,60.9,43.9,109.8,69.7,59.1,84.5,62.7,83.8,73.5,84.1,66.8,87.9,84.9,,,,137,106.2,
1999/10,82.9,71.3,76.7,57.2,66.8,69.1,74.1,49.3,80.4,60.3,74.4,90,96.8,80.7,77.1,82.7,58.8,61.8,74.5,63.9,33.2,93.9,126.9,244.4,157.2,115.8,78,106.1,85.9,100.6,90,157.7,87.9,118.1,128.4,103.9,118.1,109.4,74.7,91.5,102.8,106.5,81.7,103.3,86.8,79.7,186.5,133.4,167.1,73,87.2,106.8,1047.6,94.6,73.7,88.3,90.5,94.6,106.2,61,43.9,109.8,62.6,57.4,76.6,48.3,84.1,73.4,83.7,67.1,88.6,85.2,,,,137,106,
1999/11,82.4,69.8,77,53.3,66.5,71.4,64.5,50.6,80.4,60.2,74.4,90,96.8,80.7,77.1,82.7,58.8,62,74.5,63.9,33.7,93.9,126.6,244.1,157.2,113.1,77.9,105.5,85.9,102.2,93.2,157.3,91.5,117.3,128.1,101.9,118.8,110.9,74.8,91.4,102.8,105.9,81.7,103.5,86.7,80,186.5,133.4,167.1,73,87.2,104.9,1050.5,91.6,73.7,86.6,90.6,94.6,106.2,61.6,43.9,109.8,55.3,50.6,61.1,49.7,84.2,73.6,83.1,67.1,88.5,85.3,,,,137,104.5,
1999/12,82.4,70.2,77,55.1,66.7,72,66.1,50.1,81.4,60.2,74,89.1,95.2,80.7,76.1,81.5,58.8,62.2,74.5,63.9,34.5,93.9,127,244.4,158.6,113.1,77.2,108.2,85.9,102.2,93.5,157.3,91.8,116.5,127.1,101.8,118.7,110.9,74.8,91.4,102.8,106.1,81.7,103.6,87,80,186.5,133.4,167.1,73,87.2,105.5,1040.3,94.2,73.7,86.3,90.6,94.6,106.3,61.6,43.9,109.8,57.1,53.4,63.3,49.2,84,73.5,83.2,66.7,87.7,85.3,,,,137,104.9,
2000/01,81.8,70.6,76.3,57.1,66.6,69.2,71.6,45.6,80.7,59.7,73.7,90.3,95.2,80.9,76.1,81.6,59.1,62.5,74.9,64.1,34.7,93.9,126.3,240.3,161.5,125.6,77.3,103.8,85.9,91.7,78.6,157.3,75.7,104,107.8,100.9,122.7,108.5,74.8,91.9,103.4,108.7,81.8,103.5,86.2,80.1,185.8,133.5,167.3,73,87.2,105,1083.2,92.4,73.7,85.4,90.8,94.6,107,61.8,43.9,109.8,61.3,58.9,72.7,44.5,83.2,73,82.7,66.8,87.7,84.4,,,,137.4,104.4,
2000/02,81.6,70.6,76.6,57.7,66.7,70,67.2,45.8,81.1,60.6,74.5,90.9,95.2,81.1,75,80.3,58.8,62.5,74.9,64.1,34.7,93.9,124.1,232.3,160.2,128.7,77.3,100.9,85.9,92.1,79.7,157.3,76.9,103.2,108,98.2,122.7,108.5,74.8,91.9,103.4,108.7,81.8,103.4,85.3,80.1,186,133.5,167.3,73,87.2,105.3,1060.6,94.4,73.7,85.4,90.8,94.6,106.9,61.8,43.9,109.8,59,59.4,64.7,44.7,83,73.5,82.7,66.3,86.8,84.4,,,,137.4,104.5,
2000/03,82,71.1,76.4,57.3,66.7,71.3,70.7,49.2,79.7,60.8,74.5,90.9,95.3,80.7,75.3,80.5,58.8,62.5,74.9,64.1,34.7,93.9,124.8,233,155.6,133,77.3,103.3,85.9,95.6,86.2,157.3,83.7,105.1,110.3,99.5,122.7,105.8,74.8,91.9,103.4,108.3,81.8,103.7,87,80.1,185.8,133.5,167.3,73,87.2,105.6,1052.8,94.3,73.7,86.1,90.8,94.6,106.9,61.8,43.9,109.8,61.4,58.8,70.2,48.2,83.4,73.4,83.2,66.4,86.9,84.8,,,,137.4,105.1,
2000/04,82.1,71,76.6,58.2,66.2,69.9,68.4,50.6,79.8,60.9,74.6,90.9,95.3,80.7,74.8,80,58.8,62.9,75.3,64.7,35.3,93.9,125.2,237.1,159.7,119,77.4,103.3,85.9,100.3,90.3,157.3,87.9,115.1,126.2,99.9,122.7,108.2,74.8,92.3,103.4,108.3,82.3,103.1,86.6,80.1,182,135,169.8,73.2,87.2,104.2,1052.8,90.5,73.7,85.6,90.8,94.6,106.9,61.8,43.9,109.8,60.6,58.5,66.7,49.7,83.5,73.6,83.3,66.2,86.5,85,,,,138.6,103.8,
2000/05,82.3,70.3,76.6,54.4,66.2,70.4,67.5,51.7,79.9,60.9,74.8,89,95.3,80.7,75.9,81.3,58.8,63.1,75.3,64.7,35.8,93.9,124.8,232.3,159.7,123.2,77,104.8,85.9,100.4,90.3,157.3,88,115.4,126.8,99.7,122.7,108.2,74.8,92.3,103.4,108.4,82.3,103.2,87,80.1,182,135,169.8,73.2,87.2,106.2,1023.3,94.4,73.7,87.4,90.8,94.6,107,61.8,43.9,109.8,57.5,52,65.3,50.7,83.9,73.6,83.2,66.5,87.4,85.3,,,,138.6,105.5,
2000/06,81.9,70.7,76.3,56.5,66.1,69.8,68.7,52.1,78.7,61.2,74.8,90.6,95.3,80.2,74.4,79.6,58.8,63.1,75.3,64.7,35.8,93.9,123.4,232.3,158.2,119.6,77.6,100.3,85.9,100.9,91.6,157.3,89.5,113.6,123.6,99.9,125.7,108.4,74.8,92.1,103.4,107.5,82.3,103.4,86.9,80.5,181.3,135,169.8,73.2,87.2,103.6,996.8,88.8,73.7,86.2,90.5,94.6,106.1,61.3,43.9,109.8,60.3,57.2,66.3,51.2,83.3,73.3,83.2,66.1,86.2,84.9,,,,138.6,103.1,
2000/07,81.8,70.4,76.2,56.7,65.9,70.7,66.8,50.4,79.5,61.3,73.7,90.2,95.3,80.4,74.9,80,58.8,63.3,75.7,65.2,35.8,93.9,123.3,230.7,155.2,119.2,77.3,101.6,85.9,97.5,87.4,157.3,85,108,115.4,99,125.7,108.6,74.8,91.9,103.4,106.1,82.3,103.5,87.4,80.6,180.9,135,169.8,73.2,87.2,104.6,982.1,89.7,73.7,87.9,90.6,94.6,106.6,61,43.9,109.8,58.8,57.6,62.6,49.5,83.3,73.3,82.9,66.2,86.5,84.8,,,,138.6,104.3,
2000/08,81.8,70.2,76,57.4,65.8,71.7,67.2,48,78,61.4,72.9,88.7,95.3,80.4,74.8,80,58.7,63.3,75.7,65.2,35.8,93.9,123.2,229.8,154.9,119.2,77.3,102,85.9,93.6,81.5,157.3,78.8,104,109,99,125.7,109.4,74.8,92,103.4,106.6,82.3,103.9,89.4,80.6,180.9,135,169.8,73.2,87.2,106.6,965.4,91.9,73.8,90.4,90.4,94.6,106.1,61,43.9,109.8,58.1,56.9,63.6,47,83.3,73.3,82.8,66.2,86.6,84.8,,,,138.6,106.5,
2000/09,82.3,70.8,76,58.5,65.1,74,67.6,52.3,76.2,61.4,72.9,90.8,95.2,80.4,76.8,82.5,58.7,63.3,75.7,65.2,35.8,93.9,122.7,227.1,154.5,114.3,77.3,102.8,85.9,97.6,85.7,157.3,83.2,112.1,121.3,100.1,125,109.4,74.8,91.9,103.4,106.1,82.3,103.3,87,80.5,180.9,135,169.8,73.2,87.2,104.9,933.9,93,73.8,87.5,90.3,94.6,106.6,59.9,43.9,109.8,60.8,59.9,64.1,51.4,83.7,73.3,83.2,66.8,88.4,84.8,,,,138.6,104.5,
2000/10,81.8,69.9,75.4,55,65,73.7,68.5,48.4,76.8,61.6,72.4,90.3,95,80.4,76,81.6,58.7,62.8,72.5,66.3,36.4,93.9,121.1,214.5,158,114.5,77.3,103.8,85.9,98.2,88.6,157.3,86.2,110.2,120.1,96.6,125,106.1,74.8,92,103.4,107,82.3,103.2,87,80.9,178,135,169.8,73.2,87.2,103.2,898.6,91.5,73.8,86,90.4,94.6,106.6,60.4,43.9,109.8,58.7,56.5,65.4,47.4,83.2,72.8,82.6,66.6,87.8,84.4,,,,138.6,102.9,
2000/11,81.6,69.9,75.4,54.3,65.3,75,67,48.7,78.8,61.9,72.4,90.3,95.1,80.4,76,81.6,58.6,62.9,72.5,66.3,36.9,93.9,120.1,210.2,155.5,113.1,77.3,103.8,85.9,98.7,89.8,157.3,87.5,109.3,118.2,97.6,125,107,74.8,92,103.4,107,82.3,103.2,86.7,81,178,135,169.8,73.2,87.2,101.5,873.1,90.4,73.7,83.9,90.2,94.6,105.9,60.4,43.9,109.8,57.3,54.8,63.2,47.7,83.2,73.1,82.4,66.5,87.8,84.4,,,,138.6,101.3,
2000/12,82.1,70.6,75.3,54.7,65.9,75.7,72,48.2,78.1,62.4,72.8,90.8,95.1,80.4,76.7,82.4,58.7,63.1,72.5,66.3,37.4,93.9,119.5,210.7,155.5,114.2,77.3,101.3,85.9,98.3,89.1,157.3,86.7,109.2,118.1,97.6,125,107,74.8,92,103.4,107,82.3,103.3,87.2,81,177.7,135,169.8,73.2,87.2,103.2,862.3,95,73.7,84.7,90.2,94.6,105.9,60.4,43.9,109.8,59.8,55.1,71.3,47.2,83.5,73.3,82.8,66.8,88.4,84.6,,,,138.6,102.9,
2001/01,82.3,72.2,74.8,57.2,65.8,73.4,81,52.1,79.4,62.4,73.1,90.5,95.1,80.4,77.1,82.9,58.6,63.3,72.9,66.6,37.4,93.9,119.1,208.6,156.3,111.7,77.9,100.5,85.9,91,79.7,157.3,76.9,98.6,102.7,95,125,106.2,74.8,93.2,103.2,107,84.6,102.8,87.1,81,174.8,135,169.8,74.1,87.2,101.9,843.6,93.7,73.9,83.4,90,94.6,104.9,60.4,43.9,109.8,67,58.8,85.3,51.2,83.1,73.3,82.9,66.8,88.6,83.9,,,,138.7,101.8,
2001/02,82.1,72.3,74.7,56.6,65.5,75.5,80.1,54.2,78.6,62.4,73.1,93,95.1,80.4,77.2,83,58.6,63.3,72.9,66.6,37.4,93.9,117.4,207,155.2,109,77.9,95.8,85.9,88.2,77,157.3,73.9,92.6,94.1,93.6,125,106.2,74.8,93.2,103.2,107,84.6,102.8,86.8,81,174.6,135,169.8,74.1,87.2,102.2,831.8,95.5,73.8,83.1,90.2,94.6,105.7,60.4,43.9,109.8,66.5,57.3,84.1,53.3,83,73.5,82.7,66.8,88.6,83.8,,,,138.9,101.9,
2001/03,81.8,71.3,74.7,56.7,65.5,73.2,74.4,49.7,78.5,62.4,73.1,92.5,94.9,80.4,77.1,83,58.6,63.3,72.9,66.6,37.4,93.9,117.2,205.7,152,110.2,78.2,95.8,85.9,89.9,80.6,157.3,77.8,91.7,91.8,95.1,125,106.6,74.8,93.2,103.2,107,84.6,102.3,87.9,80.9,171.1,135,169.8,74.1,87.2,102,826.9,93.9,73.8,83.8,90.2,94.6,105.7,60.4,43.9,109.8,62.6,57.8,74.7,48.8,83,73.3,82.4,66.8,88.5,83.8,,,,138.9,102,
2001/04,82,70.9,74.7,57.1,65.8,72.4,72.2,48.1,78.1,62.3,73.1,92.4,94.9,80.4,77.2,83,58.6,63.5,73.5,66.6,37.4,93.9,116.5,203.2,148.7,105,78.3,95.3,89.2,96.2,84.3,157.3,81.6,110.2,120.4,96.1,125,107.3,74.8,92.9,103.2,105.2,84.6,102.1,86.6,80.9,171.3,137.4,173.6,74.3,87.2,101.4,812.2,91.7,73.8,84,90.1,94.6,105.7,60,43.9,109.8,61.5,58.9,71.3,47.1,83.3,73.3,82.7,66.9,88.6,84.2,,,,141.1,101.2,
2001/05,82.2,71.1,74.8,58.5,65.7,70.8,70,52.3,79.6,62.2,73.1,90.2,94.9,80.5,78,84.1,58.6,63.3,73.5,66.6,36.9,93.9,116.2,199.1,148.6,107.4,78.4,95.7,89.2,96,85.9,157.3,83.4,106.1,114,96.1,124.8,107.3,74.8,92.8,103.2,104.8,84.6,101.5,86.8,80.3,169.9,137.4,173.6,74.3,87.2,101.4,794.5,93,73.9,83.5,90.2,94.6,106,60,43.9,109.8,62.6,60.7,68.8,51.4,83.4,73.1,82.6,67.2,89.5,84.1,,,,141.1,101.2,
2001/06,82.3,70.9,75,57.3,67.1,69.4,67,51.4,78.2,65.4,73.1,91.3,94.9,80.5,79.3,85.7,58.4,63.3,73.5,66.6,36.9,93.9,115.6,197,148.4,110.5,78.4,94.6,89.2,96.1,85.5,157.3,83,107.8,115.2,98.7,124.8,105.5,74.8,92.8,103.2,104.8,84.6,101.7,86.6,80.7,169.1,137.4,173.6,74.3,87.2,100.1,778.8,89.9,73.9,83.4,90.2,94.6,106.9,59.3,43.9,109.8,59.5,57.9,63.8,50.5,83.8,73.6,82.4,67.6,90.6,84.2,,,,141.1,100,
2001/07,82,70.6,75,55.5,66.5,72,68.1,50.1,78.3,65.1,73.1,90.5,95.1,80.5,79.3,85.7,58.4,63.2,73.3,66.6,36.9,93.9,114.9,194.3,145.7,108.4,78.1,95.2,89.2,91.7,81.2,157.3,78.4,98.6,100.5,98.7,124.8,105.5,74.8,92.9,103.4,104.6,84.6,102.3,87.6,81.3,168.8,137.4,173.6,74.3,87.2,100.6,764,89.3,73.9,84.7,90.1,94.6,106.6,59.3,43.9,109.8,58.2,54.5,65.4,49.1,83.6,73.7,82.2,67.6,90.6,83.9,,,,141.1,100.6,
2001/08,82,71.1,75,56.8,66.5,70.9,71.6,48.3,78.1,65.1,73,90.7,95.5,80.5,78.4,84.6,58.4,63.2,73.3,66.6,36.9,93.9,114.2,190.4,146.8,110.8,77.6,95.1,89.2,89.3,77.6,157.3,74.7,95.9,96.3,98.7,125.2,105.5,74.8,92.8,103.4,104,84.6,102.8,89.7,81.3,168.6,137.4,173.6,74.3,87.2,102.9,762.1,91.8,74,87.6,89.5,94.6,105.5,57.7,43.9,109.8,60.9,57.3,71.1,47.3,83.4,73.6,82.3,67.2,89.6,83.9,,,,141.1,103.2,
2001/09,82.7,70.5,75.5,54.8,65.9,73.4,68.9,49.1,78.1,65,72.9,90.4,95.5,80.5,80.9,87.6,58.4,63.2,73.3,66.6,36.9,93.9,113.8,188.8,144.5,111.1,77.6,95.1,89.2,97.6,85.7,157.3,83.2,113.7,125.5,96.9,125.6,105.3,74.8,92.6,103.4,102.6,84.6,102.1,86.9,81.3,168.6,137.4,173.6,74.3,87.2,100.9,748.3,91.7,73.9,84.3,89.4,94.6,105.5,57.6,43.9,109.8,58.8,54.6,67.9,48,84.2,73.5,82.5,68,91.8,84.3,,,,141.1,100.7,
2001/10,82.5,70.2,74.9,53.1,65.5,73.8,68.1,50.2,77.5,65,72.9,93.4,95.5,80.5,80.9,87.8,58.4,63.4,73.6,67,36.9,93.9,114,186.3,147,112.5,77.6,96.5,89.2,97.4,86,157.3,83.5,111.6,122.2,96.7,126.1,105.3,74.8,92.8,104.3,103,84.6,102.3,86.6,81.7,168.6,137.4,173.6,74.3,87.2,99.9,726.7,91.4,74,83,88,94.6,100.3,57.2,43.9,109.8,57.4,51.9,66.5,49.3,84.1,73.5,82.2,68,91.7,84.2,,,,141.1,99.7,
2001/11,82.2,69.2,74.7,52.5,65.5,71.9,63.3,45.1,77.8,65,73.2,93,95.5,80.5,81.4,88.4,58.4,63.2,73.6,67,36.3,93.9,114.2,187.5,145.3,115,77.6,96.9,89.2,98,86.9,157.3,84.5,112.9,124.4,96.7,126.1,104.4,74.8,92.7,103.4,103.2,84.6,102.1,86.7,81.4,168.6,137.4,173.6,74.3,87.2,98.7,717.9,91.1,73.9,81.5,88.5,94.6,102.2,57.2,43.9,109.8,52.8,50.3,58.8,44.1,84.2,73.6,81.8,68.2,92.2,84.1,,,,141.1,98.8,
2001/12,83,69.7,74.7,54.6,66.1,72.7,64.4,44.5,77.6,65,73.2,92.7,95.5,80.5,84.5,92.3,58.4,62.8,73.6,67,35.3,93.9,113.7,186.1,146,114,77.6,96,89.2,97.9,87.3,157.3,84.8,111.5,122.2,96.7,126.1,105.5,74.8,92.7,103.4,103.4,84.6,102.1,87.2,81.2,168.6,137.4,173.6,74.3,87.2,99.1,709.1,91.3,74,82,88.6,94.6,102.2,57.7,43.9,109.8,55.1,54.2,60.6,43.4,84.9,73.6,82.1,69.2,95,84.2,,,,141.1,99.2,
2002/01,82.7,70.2,73.7,53.2,66.3,72,69.2,47.1,77.9,65.3,73.2,92.8,95.5,80.5,84.9,92.7,58.4,62.7,73.6,67,34.9,93.9,114,184.5,145.9,119.9,77.7,96.7,89.2,90.4,76.2,153.3,73.3,103.2,110.1,94.8,126.1,104.9,74.8,92.8,103.4,103.6,84.6,101.6,87,80.6,168.6,137.4,173.6,74.3,87.2,98.1,685.5,90.8,74,80.9,88.6,94.6,101.9,57.7,43.9,109.9,57,51.7,68,46.1,84.5,73.6,81.6,69.5,95.7,83.5,,,,140.9,98.4,
2002/02,82.3,69.9,74,53.6,66.5,73.2,64.1,48.7,78.1,63,75.1,92.9,95.5,80.5,84.5,92.2,58.4,62.7,73.6,67,34.9,93.9,113.1,181.3,140.2,118.4,77.1,98.1,89.2,88.5,74.4,157.6,71.2,98.3,103.4,92.7,125.9,107.3,74.9,91.9,102,100.8,84.6,101.5,86.9,80.6,168,137.4,173.6,74.3,87.2,97.6,671.7,90.9,73.9,80.3,87.5,94.6,98.5,56.8,43.9,109.9,55.1,52.6,59.7,47.7,84.1,73.6,81.2,69.3,95.2,83.2,,,,141.1,97.8,
2002/03,82.8,69.9,74.2,52.8,69.4,76.3,63.7,46.8,78.8,63,75.2,93.6,95.6,80.5,86,94,58.6,62.7,73.6,67,34.9,93.9,111.4,175,137.7,115.5,77.5,96.1,89.2,90.5,78.4,157.6,75.5,98.4,103.7,92.7,125,107.1,74.9,93.4,103.7,106.9,84.6,101.4,87.7,80.2,167.7,137.4,173.6,74.3,87.2,98.3,656,92.7,73.8,80.9,87.4,94.6,98.2,56.8,43.9,109.9,55.1,54,59.3,45.8,84.7,73.8,81.5,70,96.5,83.5,,,,141.1,98.7,
2002/04,83.4,71,75,55.2,69.4,76.5,66.5,53.3,77.5,63,74.4,93.3,95.6,80.5,85.9,94,58.5,62.5,73.1,67,34.8,93.9,113.1,180,141.2,123.1,78.7,95.9,89.2,94.2,80.8,162,77.8,108.4,119.5,92.8,125.6,107,74.9,92.2,101.4,109.3,82.8,101.5,86.8,80.6,167.9,142.4,181.3,74.3,87.2,97.3,656,89.6,73.9,80.8,87.8,94.6,99.4,56.8,43.9,109.9,60.2,58.4,63.4,52.4,84.9,73.7,82.2,69.8,96.1,83.8,,,,145.2,97.5,
2002/05,83.6,71.1,75,53.5,69.1,77.5,69.2,57.6,74.9,62.9,73.7,92.9,95.6,80.5,86,94,58.5,62.8,73.1,67,35.7,93.9,112.8,179.3,139.3,122.5,79,95.2,89.2,95.9,83.8,157.6,81.1,109.9,122.2,92.2,125.3,107,75,92.4,102.4,109.1,82.8,101.9,87,81.3,167.7,142.4,181.3,74.3,87.2,97.2,650.1,89.2,74,80.8,87.6,94.6,99.1,56.8,43.9,109.9,59.8,53.5,65.7,56.8,85.1,73.9,82.3,69.9,96.4,84.1,,,,145.2,97.5,
2002/06,84.5,70.8,74.7,52.5,69.1,76.8,68.3,55.1,73.5,62.6,76.1,91.9,95.6,80.5,90.5,99.9,57.4,62.9,73.1,67,36.1,93.9,112.4,178.6,139.3,121.5,78.1,95.3,89.2,96.9,85.8,157.6,83.2,110.5,122.6,93.5,123.3,107,75,92.4,102.4,109.1,82.8,102.1,86.6,81.6,167.7,142.4,181.3,75.8,87.2,97.5,659.9,88.8,74,81.4,87.7,94.6,99,56.9,43.9,109.9,58.3,52,65,54.2,86.3,73.9,82.4,70.8,100.5,84.3,,,,145.2,97.6,
2002/07,84,70.1,74.7,53.3,70,76,66.7,46.1,73.7,62.6,74.6,91.4,95.1,80.5,90.4,99.9,57.4,61.7,69.5,67,35.6,93.9,112.4,177.9,139.3,124.6,78.3,95.1,89.2,92.1,78.8,131.6,77.1,104.9,113.7,93.5,123.3,107.4,75,92.1,101.9,108.4,82.8,101.4,87.3,80.5,167.1,142.4,181.3,75.8,87.2,98.4,654.1,89.6,73.9,82.8,87.7,94.6,98.5,57.6,43.9,109.9,56.2,53.9,63.2,45.1,85.8,73.6,81.7,70.8,100.5,83.7,,,,145.2,98.7,
2002/08,84.1,70.5,74.9,54.2,70.3,76.5,68.8,47.3,72.6,62.9,74.9,90.6,95.1,80.5,90.5,100,57.4,61.4,69.5,67,34.7,93.9,110.9,172.7,138.8,125,77.3,94.3,89.2,89.2,75.5,131.6,73.6,100,106.2,92.7,123.3,107.4,75,91.8,101.6,107,82.8,101.3,89.7,79.6,167.7,142.4,181.3,75.8,87.2,101.2,635.4,93.8,74,85.6,87.4,94.6,99.1,55.8,43.9,109.9,57.8,54.7,66,46.3,85.9,73.8,81.8,70.9,100.7,83.7,,,,145.2,101.7,
2002/09,84.3,70.8,75.2,54.3,70.3,78.4,70,48.9,75.3,62.4,74.6,89.4,95,80.5,91.1,100.7,57.3,61.4,69.5,67,34.7,93.9,110.8,171.5,140.1,130.5,76.9,93.8,89.2,94,78.9,131.6,77.3,112.5,125,94.5,123.3,107.4,75,91.6,101.6,106.1,82.8,101,86.5,80,167.7,142.4,181.3,75.8,87.2,98.7,629.5,92,74,82.4,87.3,94.6,100,54.5,43.9,109.9,58.7,53.9,68.7,47.9,86,73.9,82,71.1,101.1,83.8,,,,145.2,98.8,
2002/10,83.9,69.7,75.3,53.8,70.5,78.4,64.6,47,73.1,61.7,73.5,88.1,95.1,80.5,91.1,100.7,57.3,60.9,69.5,66.8,33.2,93.9,109.8,162.4,141.3,135,76.7,95.3,89.2,95.1,80.8,131.6,79.2,113.2,125.9,95,123.3,107.5,75,93.3,101.9,105.9,85.6,101.1,86.4,80.2,167.5,142.4,181.3,75.8,87.2,96.9,609.9,88.6,74.1,81.1,87.2,94.6,99.8,54.5,43.9,109.9,55.1,53.6,59.6,46,85.8,73.6,81.5,71,101,83.5,,,,145.2,97,
2002/11,84.4,70.9,74.7,53.7,69.5,79.3,73.8,50.3,72.2,62.1,74.3,88.2,95.1,80.5,91.1,100.7,57.3,61.5,69.5,66.8,35,93.9,109.6,166.1,141.3,130.5,76.7,93.3,89.2,96,83.2,131.6,81.7,112.1,123.3,96.5,123.3,107.5,75,93.2,101.9,105.4,85.6,101.1,86.3,80.4,167.5,142.4,181.3,75.8,87.2,97.4,589.2,92.3,73.9,80.5,87,94.6,99.4,54.2,43.9,109.9,60.4,53.3,73.9,49.4,86,73.6,82.1,71,100.9,83.7,,,,145.2,97.4,
2002/12,84.5,70.9,74,53.9,69.5,78.8,74.1,51.3,71.3,61.9,73.5,87.4,95.1,80.5,91.1,100.7,57.3,62.2,69.5,66.8,37.1,93.9,107.7,160.9,141.3,133.5,73.7,92.8,89.2,96.1,84.8,131.6,83.5,111.5,122.9,95.4,114.1,110.4,75,93.3,101.9,105.5,85.6,101.2,86.8,80.3,167.5,142.4,181.3,75.8,87.2,97.6,581.4,91.6,74,81.5,86.8,94.6,98.2,54.2,43.9,109.9,61,53.8,74.2,50.4,86,73.3,82.2,71,100.9,83.7,,,,145.2,97.7,
2003/01,84.1,71.1,74.7,56.4,69.3,76.2,75.8,45.7,72.7,61.2,73.7,86.9,95.1,80.5,91,100.6,57.3,62.8,69.5,66.8,38.7,93.9,107.9,161.3,140.7,115.8,75.5,93.9,89.2,88.6,76.5,131.6,74.7,98.9,104.2,93.2,111.9,110.3,75,93.6,101.9,107.3,85.6,101.2,86.6,80.4,167.7,142.4,181.3,75.8,87.2,96.4,572.5,90.6,74,80,86.7,94.6,97.9,54,43.9,109.9,62.2,57.4,77.4,44.6,85.5,73.2,81.7,70.8,100.6,83.1,,,,145.5,96.6,
2003/02,84,70.7,74.2,55.9,69.3,76.8,74,47.6,72.2,61.5,73.5,84.3,95.1,80.5,91,100.6,57.3,62.9,69.5,66.8,39,93.9,107.4,161.1,140.9,103.9,75.7,94.1,89.2,87.4,73.8,131.6,71.8,99.2,104.8,92.9,112.2,110.3,75,93.6,101.9,107.3,85.6,101.7,86.4,81,167.7,142.4,181.3,75.8,87.2,96.4,570.6,90.9,74,80,86.7,94.6,98.1,54,43.9,109.9,61.1,56.4,73.9,46.5,85.5,73.1,81.6,70.8,100.6,83.1,,,,145.7,96.6,
2003/03,84.1,70.6,73.6,57.1,69.3,75.9,73.9,46.1,71.5,61.9,72.4,84.5,95.1,80.5,90.8,100.6,56.8,62.9,69.5,66.8,39,93.9,105.5,154.3,140.9,102.2,73.9,93.7,89.2,88.9,77.7,131.6,76,98.5,104.1,92.2,110.9,108.9,75,93.8,101.9,108.3,85.6,102.4,87.4,81.8,167.7,142.4,181.3,75.8,87.2,97.6,559.8,93.1,73.9,80.9,86.6,94.6,97.6,54,43.9,109.9,61.4,58.1,73.8,44.9,85.5,72.9,81.7,70.6,100.6,83.2,,,,145.7,97.8,
2003/04,84.2,70.6,73.2,55.8,69.3,75.4,74.2,50.4,70.6,61.3,71.5,86.6,95.1,80.5,90.8,100.6,56.7,63.7,69.8,68.1,40.4,93.9,107.2,160.4,138.7,94.8,75.2,96.3,89.2,90.2,80,112.9,79.3,103.6,114.2,88.8,105,103.5,75,97,101.9,102.1,93.1,102,86.5,81.4,167.7,143.6,183,75.7,87.2,95.9,554.9,88,74,80.9,85.4,94.6,97.6,49.4,43.9,109.6,62,56.5,74.4,49.4,85.6,72.7,81.8,70.5,100.5,83.2,,,,146.5,96.2,
2003/05,84.2,70.9,73.4,55.5,69.2,74.5,73,50.4,70.5,61.5,74.3,88.8,95.6,80.5,90.8,100.5,56.7,63.6,69.8,68.1,39.9,93.9,106.2,156.3,138,100.8,74.2,95.6,89.2,89.4,78.8,112.9,77.9,104.1,116.1,86.7,105,99.8,75,97.8,101.9,107.5,93.1,102,86.6,81.4,167.5,143.6,183,75.7,87.2,95.9,537.2,88,74,81,85,94.6,97.5,48,43.9,109.6,60.7,54.8,72.6,49.5,85.7,73.3,81.8,70.5,100.4,83.4,,,,146.5,96.2,
2003/06,84,70.5,73.1,56.7,69.5,74.8,67.8,52.5,72.8,61.3,72.9,88.9,95.6,80.5,90.8,100.4,56.7,63.3,69.8,69.6,38.5,93.9,104.6,154.3,133.1,95.7,73.1,94.8,89.2,89.8,78.5,112.9,77.7,104.7,115.5,89.6,108.7,100.7,75,97.7,101.9,107.5,92.9,101.7,86.5,81.2,167.5,143.6,183,75.7,87.2,95.5,550.9,85.6,74,81.5,85,94.6,97,48.8,43.9,109.6,59.5,56.7,64.6,51.6,85.5,73.2,81.6,70.4,100.3,83.2,,,,146.5,95.7,
2003/07,83.8,69.7,73.7,53.9,69.5,75,69.8,44.6,73.8,61.1,72.6,85.8,94.8,80.6,90.8,100.4,56.7,63.4,69.9,68.7,38.5,95.4,106.3,155.8,142.3,96.8,74.4,95.8,89.2,88.2,77.9,112.9,77,98.2,105.5,89,111.7,101,75,97.7,101.9,107.2,92.9,101.3,87.7,80.2,167.5,143.6,183,75.7,87.2,97,541.1,86.8,74.1,83.4,86.2,94.6,97.3,48.8,47.5,109.6,57.3,53.9,67.9,43.4,85.5,72.8,81.4,70.4,100.4,83.2,,,,146.5,97.3,
2003/08,83.8,70.1,73.7,57.9,69.3,74.9,67.3,46,73.1,60.5,74.2,84.4,94.9,80.6,90.8,100.4,56.7,63.1,69.9,68.7,37.5,95.4,105.3,150.2,147,92.1,73.9,95.8,89.2,84.9,74.2,112.9,73.1,94.6,99.7,88.9,106.7,99.7,75,97.4,101.9,105.6,92.9,101.7,90.2,80,167.5,143.6,183,75.7,87.2,98.7,532.3,87.4,74.3,86.4,85.8,94.6,95.5,48.6,47.5,109.6,59.1,59.1,65.3,44.8,85.5,72.8,81.4,70.4,100.3,83.1,,,,146.5,99.5,
2003/09,83.9,70,73.7,52.9,69.3,75.5,72.9,48,70.9,60.8,72.6,88,94.9,80.6,90.8,100.4,56.7,62.9,69.9,68.7,37,95.4,103.6,149.5,132.8,88.3,73.1,95.2,89.2,88.3,78.4,110.9,77.7,100.7,110.4,87,108.9,94,75,97.4,101.9,105.1,92.9,101.1,86.4,80.2,167.5,143.6,183,75.7,87.2,97.1,524.4,88.5,74.1,83.2,89.6,94.6,96,63.4,47.5,109.6,58.2,50.4,73,47,85.6,73,81.5,70.4,100.4,83.2,,,,146.5,97.2,
2003/10,84.1,70.3,80.5,54.3,69.3,74.1,67.5,51.4,71.5,61.1,73.2,85.2,94.7,80.6,90.8,100.4,56.7,63,69.8,68.7,37.3,95.4,104.2,155.6,130.2,95.4,71.5,95.6,89.2,90.5,80.3,110.9,79.7,103.9,114.8,88.2,110.9,97.5,75,97,101.9,103.1,92.9,101.2,87,80.2,167.3,143.6,183,75.7,87.2,96.7,524.4,89.4,74.2,81.8,89.5,94.6,95.5,63.4,47.5,109.6,57.5,52.9,64.4,50.5,85.9,73.6,81.7,70.4,100.4,83.6,,,,146.5,96.9,
2003/11,83.6,69.3,81,54.3,69.3,73.6,60.4,44.7,72.2,61,72.6,90.8,94.7,80.6,90.8,100.4,56.6,63.1,69.8,68.7,37.5,95.4,103.6,153.6,127.5,95.4,72.1,94.6,89.2,89.6,82.8,110.9,82.2,99.9,108.6,88.2,98.7,97.5,75,97.1,101.9,103.4,92.9,101.1,86.9,80.1,167.7,143.6,183,75.7,87.2,94.8,523.4,85.7,74.1,80.5,89.2,94.6,95.1,62.6,47.5,109.6,52.3,52.7,53.8,43.6,85.7,73.8,81.1,70.4,100.3,83.4,,,,146.5,95.1,
2003/12,83.9,70.2,81.2,55,69.3,73.1,66.3,47.9,71.9,60.9,72.9,87.8,94.7,80.6,90.7,100.4,56.4,63.1,69.8,68.7,37.4,95.4,102,153.6,121.5,97.1,69.1,93.8,89.2,89.9,79.6,110.9,79,103.1,113.5,88.5,109.1,97.9,75,97.1,101.9,103.2,92.9,101.3,87.4,80.2,167.5,143.6,183,75.7,87.2,96.2,524.4,89.1,74.2,81.2,89.1,94.6,94.1,63.2,47.5,109.6,56.5,54,62.6,46.9,85.7,73.7,81.5,70.2,100.3,83.5,,,,146.5,96.6,
2004/01,83.8,71.1,81.9,58.1,69.3,72.8,72.3,45.9,70.4,60.7,71.9,86.8,94.7,80.6,90.7,100.4,56.4,62.5,69.5,68.7,36.1,95.4,101.3,142,122.6,92.1,72.1,95.1,89.2,86.6,76.3,110.9,75.5,94.4,100.5,87,113.7,97.9,75,96.3,101.9,98.9,92.9,100.7,87.6,79.4,167.5,143.6,183,75.7,87.2,94.6,518.5,86.7,74.3,79.6,89.3,94.6,94.7,63.5,47.5,109.6,61.4,59.3,72.2,44.8,85.2,73.5,81.3,70.2,100.3,82.8,,,,146.2,95.3,
2004/02,83.6,71.6,82.3,55.2,69.3,73.7,75.6,51.1,72.1,61,72.5,89.4,94.6,80.6,90.7,100.4,56.4,62.8,69.5,68.7,37,95.4,99.3,139.7,106.7,94.7,70.5,94.8,89.2,82.6,70.1,110.9,68.9,91,94.9,87.3,113.4,97.9,75,96.2,101.9,98.4,92.9,100.2,86.7,78.9,167.5,143.6,183,75.7,87.2,94.1,506.7,85.8,74.3,79.6,89.3,94.6,94.5,63.7,47.5,109.6,62.5,54.8,77.7,50.2,85,73.8,81.2,70.2,100.2,82.6,,,,146.2,94.7,
2004/03,83.8,71.6,81.2,57.9,69.6,73.6,72.2,50.2,71.3,61,73,89,94.6,80.6,90.6,100.4,56.4,62.5,69.5,68.7,36.1,95.4,100,137.6,124,90.2,70.7,95,89.2,84.4,75.2,110.9,74.3,88.7,93.3,83.8,108.8,102.7,75,96.6,101.9,100.8,92.9,100.9,88.2,79.5,167.5,143.6,183,75.7,87.2,94.7,504.8,85.7,74.2,80.6,89.5,94.6,95.8,63,47.5,109.6,62.2,58.7,71.7,49.3,85.2,73.9,81.4,70.2,100.2,82.8,,,,146.2,95.5,
2004/04,84,70.6,79.2,54.7,69.6,73,71.7,47.5,73.3,61.4,73.2,84.3,95,81.4,91.4,100.9,57.9,62.7,69.5,68.7,36.6,95.4,99.9,137,116,88.2,74.2,92.9,88.7,89.6,80.2,110.9,79.6,99.8,109.7,86,107.6,102.3,75.3,95.8,101.2,101.3,91.7,100.7,86.6,79.7,167.3,146.6,187.3,75.7,88.8,94.1,495.9,84.5,74.4,80.4,89.4,94.6,94.9,63.5,47.5,109.6,59,54,70.6,46.5,85.6,73.6,81.5,71.2,100.6,83.2,,,,148.8,94.7,
2004/05,83.8,70.4,76.2,55.2,69.6,74.2,70.5,51.1,73.2,61.4,72.3,82.2,92.7,81.5,91.4,100.9,58.4,63.1,69.5,68.7,37.7,95.4,99.7,139.5,111.4,88.1,73,93.1,88.7,89.4,80,110.9,79.4,99.7,109.9,85.4,107.8,100.9,75.3,95.8,101.2,101.1,91.7,100.1,86.8,78.9,167.1,146.6,187.3,75.7,88.8,93.6,486.1,82.1,74.5,80.9,89.5,94.6,94.9,64.1,47.5,109.6,60.1,55.6,69,50.1,85.4,72.9,81.3,71.4,100.6,82.9,,,,148.8,94.3,
2004/06,84.1,70.8,76.6,55,69.6,74.1,72.2,49.4,73.2,61.2,72.6,85.4,95.6,81.5,91.5,100.9,58.4,63.6,69.5,68.7,39.3,95.4,99.8,139.2,112.7,90.9,72.3,93.8,88.7,88.7,80.4,110.9,79.8,97.1,105.3,86,103.8,102.3,75.3,95.9,101.4,101.3,91.7,101,86.8,80.1,167.1,146.6,187.3,75.7,88.8,93.8,485.1,82.5,74.4,81.2,88.9,94.6,93.2,63.4,47.5,109.6,59.7,53.8,71.6,48.4,85.6,73.5,81.6,71.4,100.6,83.2,,,,148.8,94.6,
2004/07,83.7,70.1,76.6,54.8,69.6,74.2,68.9,48.1,73.7,61.2,71.6,83.4,95.8,81.5,91.4,100.9,58.4,63.3,69.5,68.7,38.2,95.4,100,137.4,111.6,85.4,74.2,94.2,88.7,86.9,79,110.9,78.4,95.5,102.8,85.9,95.4,102.3,75.3,95.3,101.4,98.2,91.7,101.3,88,80.1,167.1,146.6,187.3,75.7,88.8,94.6,488.1,81,74.3,83.2,88.8,94.6,93.6,62.7,47.5,109.6,57.6,53.5,66.5,47.1,85.5,73.3,81.3,71.4,100.6,83.1,,,,148.8,95.4,
2004/08,83.6,69.9,76.6,55.5,69.6,74.7,66.3,47.2,70.3,61.3,72.6,84,95.4,81.5,91.4,100.9,58.4,63.3,69.5,68.7,38.2,95.4,98.7,135.1,107.8,86.6,73.6,92.2,88.7,83.4,76,110.9,75.1,86.1,87.7,86.4,101.6,98.4,75.3,95.7,101.4,100,91.7,101.6,89.7,80.1,167.1,146.6,187.3,75.7,88.8,96.3,478.3,82,74.6,86,88.5,94.6,94.7,60.4,47.5,109.6,56.8,54.6,63.4,46.1,85.5,73.3,81.1,71.4,100.5,83,,,,148.8,97.4,
2004/09,83.8,69.7,76.7,52.2,69.6,75.2,68.7,47,72.1,61.3,72.3,84.6,95.4,81.5,91.4,100.9,58.4,64.4,69.5,68.7,41.4,95.4,98.1,137.4,102.8,86.6,73.7,89.7,88.7,87.4,77.5,110.9,76.8,98.2,106.5,87,101.4,101.8,75.3,96.1,103.2,99.5,91.7,101.7,86.9,81,166.9,146.6,187.3,75.7,88.8,94.7,462.6,82.5,74.4,82.9,88.6,94.6,92.8,62.6,47.5,109.6,56,50,67.3,46,85.6,73.3,81.3,71.4,100.5,83.2,,,,148.8,95.2,
2004/10,84.1,70.2,73.4,52,69.6,76.8,72.2,52.6,71.7,61.1,72.3,84.5,95.4,81.5,91.4,100.9,58.3,64.8,70.2,69.3,41.9,95.4,98.9,139.9,110,83.7,72.7,91.5,88.7,88.6,81,110.9,80.5,98.5,106.9,87.4,94.9,102,75.3,95.8,103.2,98.3,91.7,101.6,87,80.9,166.9,146.6,187.3,75.7,88.8,94.4,464.5,83.5,74.6,81.7,88.7,94.6,93.3,62.3,47.5,109.7,59.1,50,72.4,51.7,85.7,72.9,81.6,71.4,100.5,83.2,,,,148.8,94.9,
2004/11,84.4,70.7,72,52.2,70.5,76.3,78.9,50.2,72.8,60.4,72.6,83.8,95.4,81.5,91.4,100.9,58.4,65.3,70.2,69.3,43.2,95.4,99.9,142,111.9,84.6,73.9,91.7,88.7,91.6,84.1,110.9,83.7,103.6,114.9,87.4,97.3,102,75.3,96.3,103.2,101.6,91.7,100.5,86.6,81,158.6,146.6,187.3,75.7,88.8,93.7,460.6,83.9,74.4,80.7,88.8,94.6,94.3,61.9,47.5,109.7,61.7,49.7,82.9,49.3,85.8,72.9,81.9,71.4,100.5,83.4,,,,148.8,94.3,
2004/12,84,70,72.1,53.7,70.5,78,71.9,49.5,71.9,60.2,72.6,83.7,92.1,81.5,91,100.4,58.4,65.4,70.2,69.3,43.4,95.4,98.2,143.8,108.6,84.8,71.5,88.3,88.7,90.6,85,110.9,84.7,98.5,107,87.1,93.8,102.5,75.3,96.2,103.2,100.6,91.7,100.8,87.9,81,159,146.6,187.3,75.7,88.8,94,462.6,83.3,74.6,81.5,90,94.6,94.6,66.5,47.5,109.7,59.1,52.4,71.7,48.5,85.6,72.7,81.7,71.2,100,83.3,,,,148.8,94.9,
2005/01,84.4,70.9,71.3,55.3,70.7,75.7,77,51.4,72,60.1,71.9,83.6,92.3,81.7,93,102.9,58.4,64.2,67.5,68.9,42.4,95.4,100,150.3,106.9,83,71.7,88.4,88.7,85.5,78.3,110.9,77.6,94.6,102.3,84,88.7,98.2,75.3,96.4,103.2,101.2,91.7,99.7,87.6,79.9,154.9,147.6,188.6,75.8,88.8,94.7,492.7,82.8,74.7,80.3,90.1,94.6,95.4,65.9,47.5,110.5,63.6,55.4,79.8,50.4,85.6,72.4,81.6,71.9,101.8,82.7,59.4,,97.1,149.6,95.4,144.6
2005/02,83.9,70.6,71.3,56.7,70.7,77.7,73.1,49.3,71.8,60.5,72.1,83.5,92.2,81.7,92.9,102.8,58.3,64,67.5,68.9,41.9,95.4,98.7,141.7,109.3,79.2,73.5,89.8,88.7,81.1,72.2,110.9,71.2,89.6,93.8,85.4,86.6,98,75.3,96.2,103.2,100.2,91.7,98.8,86.5,78.8,154.9,147.6,188.6,75.8,88.8,93.6,458.8,81.9,74.5,80.3,89.9,94.6,94.9,65.3,47.5,110.5,61.9,57.5,73.7,48.3,85.2,72.6,81,71.8,101.7,82.3,58.8,,96.4,149.6,94.2,144.4
2005/03,84.1,70.5,71.4,54.3,70.7,79.7,73.7,52.5,71.7,60.3,71.4,84.2,92.5,81.7,92.9,102.8,58.3,64.6,67.5,68.9,43.4,95.4,98.7,142.6,109.3,79.2,72.7,89.8,88.7,84.7,80.4,110.9,79.7,86.5,89.1,85,89.3,98.8,75.3,96.1,103.3,98.9,91.8,98.7,88.7,77.6,154.9,147.6,188.6,75.8,88.8,93.5,447.4,81.8,74.5,80.8,90,94.6,95,65.2,47.5,110.5,61.2,53.1,74.6,51.6,85.4,72.7,81.2,71.8,101.7,82.6,58.9,,96.7,149.6,94.5,144.4
2005/04,84.3,70.3,70.9,55.7,70.7,76.8,72.7,49.3,72,60.5,72,82.1,92.5,81.4,92.7,102.6,58.3,66.1,67.5,69.9,47.4,95.4,99,146,109.3,80.2,73.3,87.3,88.7,87,80.3,110.9,79.6,97.5,105.8,86.1,86.6,98.8,75.3,96.2,103.3,99.3,91.8,100.2,86.9,81.2,154.7,148.9,190.9,75.7,88.8,92.6,437.4,78.5,74.5,81.3,89.9,94.6,93.7,67.4,47.5,110.5,61.2,56.1,73.2,48.4,85.7,72.3,81.5,71.8,101.5,82.9,61.8,,96.7,150.7,93.3,144.4
2005/05,84.2,70.1,71.6,54.2,70.7,77.5,69.7,54,72.2,60.3,71.8,82.5,92.5,81.6,92.7,102.6,58.3,66.4,67.5,69.9,48.2,95.4,97.3,141,104.8,78.4,72.3,87.5,88.7,87.7,82,110.9,81.4,96.2,103.7,86,88.4,98.8,75.3,96.1,103.3,98.6,91.8,100,87.1,80.9,154.3,148.9,190.9,75.7,88.8,92.7,426.5,78.6,74.6,81.9,90,94.6,94.2,67.4,47.5,110.5,59.6,53,68.3,53.1,85.7,72.5,81.4,71.8,101.5,83,61.9,,96.7,150.7,93.4,144
2005/06,83.5,68.1,71.2,51.5,70.7,75.7,61.1,51.8,71.3,60.4,71.4,80.5,92.6,81.8,92.7,102.6,58.3,66.2,67.5,69.9,47.7,95.4,97.6,144.7,104.1,70.3,71.6,88.5,88.7,86.8,82,110.9,81.4,94.3,100.1,87.2,84.6,98.8,75.3,96,103.3,98.2,91.8,100.1,86.4,81.5,154.3,148.9,190.9,75.7,88.8,92.4,418.5,78,74.6,81.8,89.9,94.6,94.7,65.7,47.5,110.5,52.8,48.8,54.6,50.9,85.5,72.2,80.5,71.8,101.6,82.7,62,,96.5,150.7,92.9,144
2005/07,83.9,69.3,72.5,54.5,70.7,73.7,67.2,48.7,71.1,59.9,72,81.2,92.4,81.8,92.7,102.6,58.2,66.8,67.5,69.9,49.5,95.4,96.3,137.9,99,71.7,73.1,88.7,88.7,83,77.2,110.9,76.4,88.4,90.8,87.3,84.6,98.8,75.3,96,103.4,98.2,91.8,100.3,87.7,81.4,154.3,148.9,190.9,75.7,88.8,93.1,418.5,77.9,74.6,83.2,90.2,94.6,95.6,65.7,47.5,110.5,57.1,53.3,64.6,47.7,85.6,72.3,81,71.7,101.5,82.8,62.5,,96.4,150.7,93.9,144
2005/08,83.6,68.3,72.3,53.5,70.7,73.6,62.3,49.2,71.3,60.7,69.7,80.6,92.4,81.8,92.7,102.6,58.2,66.6,67.5,69.9,49,95.4,98.2,140.7,101.5,79.8,73.8,89.6,88.7,80.6,75.3,110.9,74.4,84.1,84.5,86.5,81.2,98.8,75.3,96.2,103.4,99.4,91.8,101.8,89.2,83.4,154.3,148.9,190.9,75.7,88.8,93.9,408.4,78.2,75,84.9,90.1,94.6,95.1,66.2,47.5,110.5,54.5,53,56.8,48.2,85.6,71.9,80.8,71.7,101.5,82.8,63.1,,96.5,150.7,95,144
2005/09,83.8,68.1,72.1,51.3,70.7,73.8,63.2,49.1,72,60.1,69.8,81.9,92,81.8,92.7,102.6,58.3,68.2,67.5,69.9,53.3,95.4,97.5,142.9,91,71.9,73.3,89.8,88.7,83.5,74.7,110.9,73.9,93.9,98.3,89.3,87.1,98.6,75.3,96,103.3,98.3,91.8,101.6,87,83.9,154.3,148.9,190.9,75.7,88.8,93.6,399.2,81.5,74.9,83.1,90.1,94.6,95.4,66.2,47.5,110.5,53.2,48.7,58.5,48,85.9,72,80.9,71.8,101.5,83.2,64.9,,96.5,150.7,94.2,144
2005/10,83.8,68.1,72.2,52.3,70.7,73.4,64,46.4,71.1,60.3,70.3,80.8,92,81.8,92.7,102.6,58.2,68.9,68.5,69.9,54.3,95.4,95.6,135.6,89.5,77.5,72.8,88.3,88.7,85.1,77.5,110.9,76.7,95.3,100.5,89.3,85.4,100.8,75.3,95.7,102.8,97.5,91.8,100.8,87,82.6,154.3,148.9,190.9,75.7,88.8,93,384.1,80.8,74.9,83.1,90,94.6,93.5,66.7,47.5,111,53.8,51,59.7,45.4,85.8,71.9,80.9,71.7,101.5,83.1,65,,96.4,150.7,93.7,144
2005/11,83.6,67.6,70.4,53,69.4,73,62.1,44.8,69.9,59.7,69.8,82.6,92,81.8,92.9,102.8,58.2,70.3,68.5,69.9,58.3,95.4,94.1,128.2,89.5,78.1,73.1,88.4,88.7,86.4,80.1,110.9,79.5,95.8,100.7,90.4,85.4,99.6,75.3,96.1,103.2,98.7,91.8,99.1,86.7,81.8,148.6,148.9,190.9,75.7,88.8,92.8,375.3,83,74.8,82.1,90,94.6,93.7,66.7,47.5,111,52.6,51.6,56.7,43.6,85.8,71.6,80.8,71.7,101.6,83,66.1,,96.3,150.7,93.5,140
2005/12,83.6,68.1,71.3,53,69.4,73.2,66.4,44.7,68.7,59.6,69.9,82.6,91.3,81.8,92.9,102.8,58.2,69.1,68.5,69.9,55,95.4,93.3,124.7,89.1,80.1,71.3,89.7,88.7,86.8,81,110.9,80.4,96.6,101.6,91.2,83.6,99.6,75.3,96.2,102.5,100.7,91.8,99,88,81.1,148.6,148.9,190.9,75.7,88.8,92.6,364.4,83.8,75,81.8,89.8,94.6,93.1,65.6,47.5,111,54.7,51.1,63.6,43.6,85.6,71.6,80.8,71.8,101.6,82.7,64.7,,96.3,150.7,93.6,140
2006/01,84.4,70.3,71.3,54.5,69.6,73.3,82.3,46,69,59.2,70,80.9,91.8,81.8,93.3,103.3,58.1,71.3,69.5,69.9,60.4,95.4,92.8,127,78.8,68.7,72.8,89.5,88.7,80.7,71.4,110.9,70.5,91,94.4,88.2,83.1,99.1,75.3,96.2,103.2,99.3,91.8,98.8,87.4,81,148.4,148.9,190.9,75.7,88.8,91.5,356.4,82,75,80.9,89.9,94.6,93.6,66.2,47.5,110.9,64.1,53.6,88.8,44.9,85.5,71.5,81.5,71.8,102,82.7,66.9,,95.7,150.7,92.4,140
2006/02,83.8,69.6,69.8,52.6,69.6,72.5,77.9,48.3,68.6,59.7,69.5,83.7,91.8,81.8,93,103,58.1,71.7,69.5,69.9,61.8,95.4,91.9,121.8,77.1,70,72.6,90.3,88.7,75.4,63,110.9,61.7,86.3,86.5,89.5,83.9,97,75.3,96.3,103.2,100.1,91.8,98.3,86.3,80.7,148.4,148.9,190.9,75.7,88.8,90.6,346,79.4,74.9,81.1,89.9,94.6,93.6,66.2,47.5,110.9,61.3,51.1,81.5,47.2,85.1,71.5,80.8,71.8,101.7,82.2,67.2,,95,150.5,91.3,140
2006/03,84.1,69.2,69.6,54.5,69.6,73.3,71.1,47.3,68.8,59.7,70.1,83.8,92,81.8,93,102.9,58.3,70.9,69.5,69.9,59.3,95.4,90.6,117.9,77.1,70.2,71.8,89.9,88.7,81.1,71.3,110.9,70.3,92.9,96,91.1,83.9,98.1,75.3,96.3,103.2,99.8,91.8,100.4,88.7,83.5,148.4,148.9,190.9,76.3,88.8,91.6,346,82,74.9,81.7,90.2,94.6,94.7,66.2,47.5,110.9,58.4,52.8,70.8,46.2,85.6,71.7,81.1,71.8,101.7,82.8,67.4,,95.7,150.5,92.9,140
2006/04,84.1,69,69.8,54.6,69.5,73.1,72.7,43.1,69.4,59.3,69.3,84.3,92,81.8,93.2,103.2,58.2,71.2,70.3,74.2,57.4,95.4,91.4,120,80,70.6,72.3,90.1,88.7,83.7,73.8,110.9,73,99.5,105.7,92,81.7,98.1,75.3,95.1,102.6,99.8,90.2,100,86.8,83.6,148.4,149.5,193,76,87.3,92.1,348.1,82.5,74.9,82.1,89.8,94.6,92.7,66.2,47.5,110.9,58.1,52.6,73.4,42.2,85.8,71.7,81.2,71.8,101.9,82.9,67.6,,95.9,150.8,92.9,140
2006/05,84.3,69,69.2,52.1,69.5,73.4,72.9,50,69.7,59.3,69.2,83.9,92.1,81.8,92.2,102.1,58.2,72.5,70.3,74.7,61,95.4,91.3,120.7,79.3,68.7,71.6,90.2,88.7,86.1,75.7,110.9,74.9,101,108.2,91.4,90.6,98.1,75.3,95.1,102.8,99.2,90.2,101.3,87,86,148.4,149.5,193,76,87.3,92,350.2,81.4,74.9,82.5,90.2,94.6,94.9,66.2,47.5,110.9,59.1,50.5,73.4,49.1,86,71.4,81.7,71.6,101,83.3,69.9,,95.8,150.8,92.9,140
2006/06,84.4,69.4,68.6,52.4,69.6,72.6,71.6,57.9,69.8,59.1,70.2,82.7,92.1,82,92.2,102.1,58.2,72.1,70.3,74.7,59.6,95.4,90.6,115.5,79.6,76.4,70.4,91.3,88.7,85.6,75.8,110.9,74.9,99.8,107.2,90.1,88.7,98.4,75.3,95.3,103.2,99.9,90.2,101.1,86.3,85.9,148.4,149.5,193,76,87.3,92,331.7,81.6,75.1,83.1,90.2,94.6,94.9,66.2,47.5,110.9,60.2,49.6,71.6,57.1,85.9,71.5,81.7,71.6,101,83.2,69.4,,95.7,150.8,92.6,140
2006/07,84,69.2,69.2,52.2,69.5,71.1,70.1,56.9,69.8,59.6,70.7,82.1,92.1,82,91.5,101.1,58.2,71.3,68.6,74.7,59,95.4,91.2,118,80.2,74.2,70.4,91.6,88.7,82.1,71.9,110.9,71,92.5,96.2,89.6,90.6,96.6,75.3,95.5,103.2,101.2,90.2,101.4,87.6,85.7,148.4,149.5,193,76,87.3,92.4,331.7,82,75.1,83.7,90.8,94.6,94.9,64.5,51.8,110.9,58.9,49.1,69.1,56.1,85.6,71.6,81.4,71.3,100.4,83.1,68.6,,95.4,150.8,93.3,140
2006/08,84.2,69,68.8,54.1,70.5,71.7,70.4,49.9,68,59.6,70.4,82.5,91.9,82,91.7,101.3,58.2,72.8,68.6,74.7,63.5,95.4,90.2,116.4,80.2,72.7,68.8,91.6,88.7,78.9,69.6,110.9,68.5,91.8,94.9,89.6,79.7,90.2,75.3,95.3,102.5,100.8,90.2,102.3,89.2,86.8,148.3,149.5,193,76,87.3,93.3,325.4,82.6,75.2,85.3,90.7,94.6,94.3,64.5,51.8,110.9,58.9,53.2,69.7,48.9,85.8,71.5,81.6,71.3,100.5,83.2,70.6,,95.3,150.8,94.4,140
2006/09,84.3,69.3,69.5,54,70.5,73.1,70,52.3,68.4,59.8,71.3,81.9,92,82,91.6,101.2,58.7,72.9,68.6,74.7,63.6,95.4,91,119,80.2,74.2,69.4,91.2,88.7,84.3,76.7,110.9,75.9,97.1,103.9,88.3,84.8,90.2,75.3,95.5,103.2,100.8,90.2,101,86.5,85.7,148.3,149.5,193,76,87.3,92.5,324.6,83.5,75,83.5,90.7,94.6,94.7,62.8,51.8,110.9,59.5,53.5,69.1,51.3,85.9,71.7,81.7,71.6,100.4,83.4,70.2,,95.5,150.8,93.1,140
2006/10,83.9,68.5,69.5,54.1,70.5,72.8,66.9,50.4,68.9,59.7,71.2,81.2,84.4,82,91.6,101.2,58.7,71.7,68.6,75,60.3,95.4,91.5,122.4,79.8,74.1,69.2,90.3,88.7,86.6,80.1,110.9,79.5,98.2,106.3,87.2,84.3,95.8,75.3,96.4,103.2,100.3,91.9,100,86.5,83.8,148.1,149.5,193,76,87.3,91.4,317,81.5,75.1,82.8,90.7,94.6,94.7,62.8,51.8,110.9,57.4,53.4,64.2,49.4,85.5,71.2,81.2,71.6,100.4,83,68.4,,95.4,150.8,92.2,140
2006/11,83.7,68.1,69.4,54.7,70.5,73.5,61.2,51.8,69,59.7,71.1,80.8,87.6,82,91.6,101.2,58.7,71.3,68.6,75,59.1,95.4,91.1,119.6,80.2,74.1,68.4,92.1,88.7,86.2,79.7,110.9,78.9,97.3,104.5,87.8,84.7,96.3,75.5,96.4,103.2,101.2,91.9,100.7,86.3,85.2,148.1,149.5,193,76,87.3,91.2,323.7,81.5,75,81.9,90.6,94.9,94.1,62.8,51.8,110.9,54.9,53.6,55.1,50.8,85.6,71.5,81,71.6,100.4,83.1,68.5,,95.4,150.8,91.9,139.9
2006/12,83.8,68.5,68.4,56,70.5,73.5,64.7,50.4,68.6,59.7,70.9,80.9,87.6,82,91.6,101.2,58.4,72,68.6,75,60.9,95.4,90.3,117.2,80.2,74.5,68.3,91.2,88.7,86.2,79.5,110.9,78.9,97.5,104.9,87.7,84.7,96.1,75.5,96.1,101.5,101.1,91.9,99.8,87.1,83.1,148.1,149.5,193,76,87.3,91.5,314.9,83,75.2,82.3,90.4,94.9,93.1,62.8,51.8,110.9,57.2,55.4,61,49.4,85.5,71.3,81.2,71.5,100.4,83,68.4,,95.4,150.8,92.4,139.9
2007/01,83.9,69.4,68.1,53.7,70.5,74.6,72.6,53.7,68.3,59.7,71.5,80.5,87.3,82,91.8,101.4,58.4,72,69.3,75,60.3,95.4,90.3,116.6,82.3,74.5,68.3,91.2,88.7,80,69.6,110.2,68.7,91.9,97.3,85.5,84.7,94.9,75.5,95.9,100.8,100.8,91.9,100.4,86.9,84.4,148.3,149.5,193,76,87.3,90.4,301.5,81.4,75.3,81.5,90.4,94.9,93.4,62.8,51.8,110.9,60.4,51.5,73.3,52.9,85.3,71.5,81.2,71.5,100.6,82.7,68.9,,94.7,151.1,91.3,139.9
2007/02,83.1,68.6,69.7,54.7,70.5,73.5,65.7,54.4,68.8,59.5,70.4,80,85.1,82,91.1,100.5,58.5,70.7,69.3,75,56.5,95.4,89.5,116.8,82.3,76.4,66.7,89.4,88.7,77.5,65.4,110.2,64.3,90.3,94.5,86.1,84.7,95.1,75.5,96,101.5,100.8,91.9,99.4,86.3,83.5,146.8,149.5,193,77.4,87.3,89.9,298.6,80.3,75.1,81.6,90.6,94.9,93.1,64.6,51.8,110.9,58.1,53.8,62.4,53.6,84.7,71.2,80.4,71.3,100,82.1,67,,94.1,151,90.8,138.7
2007/03,83.3,68.6,68.3,53.8,68.5,73.7,66.7,56.9,69.1,59.8,70.7,82.5,84.8,81.3,91.6,101.2,58.5,69.9,69.3,75,54.2,95.4,89.6,114.7,75.9,76.4,68,91.5,88.7,81.5,72.2,110.2,71.2,92.9,98.9,85.5,84.7,95.7,75.5,96.2,102.4,100.6,91.9,98.8,87.2,82.6,145.2,149.5,193,77.4,87.3,91.2,302.3,83.4,75.1,82,90.4,94.9,93,63.1,51.8,110.9,58.9,52.8,63.9,56.2,84.8,70.9,80.5,71.6,100.4,82.2,66.2,,94.7,150.7,92.1,137.7
2007/04,83.6,69.2,69.2,54.3,68.2,73.7,71.8,54.3,68.4,60.3,71.7,78.6,86.6,81.3,91.9,101.8,56.9,70.4,68.6,75,56.4,95.4,90.6,118.2,71.7,77.4,68.3,92.3,88.4,85,77.2,110.2,76.4,97.5,106.2,85.4,84.7,94.2,75.5,95.6,99.7,100.2,92,98.9,87,82.7,145.2,150.4,194.7,77.4,87.3,90.3,296.5,81.3,75.1,81.7,90.1,94.9,91.7,64,51.8,110.7,61.1,53.5,71.9,53.5,85,70.9,80.8,70.7,100.9,82.2,66.7,,95,151.7,91.3,137
2007/05,83.9,69,68.3,53.2,69.2,73.1,70.9,57,68.2,60.1,71.5,79.5,85.2,81.3,92,102,56.9,71.5,68.6,75,59.6,95.4,89.4,114.7,70.8,76.8,68.2,91.6,88.4,85,76.4,110.2,75.6,98.9,108,86,84.7,95.9,75.5,95.9,100.9,100.3,92,100.5,87,85.7,145.2,150.4,194.7,77.4,87.3,89.9,285.6,79.2,75.1,82.5,90.4,94.9,92.7,64,51.8,110.7,61,52.6,70.6,56.2,85.3,70.7,81.1,70.8,101,82.5,69,,94.9,151.7,90.9,137
2007/06,83.6,68.1,69.2,51.9,69.2,72.4,62.3,60.2,68.2,60.7,71.7,79.4,85.3,81.3,92.4,102.2,58.2,71.6,68.6,75,59.8,95.4,89.4,115.4,71.1,78.8,68.3,89.8,88.4,84.5,76.7,110.2,75.9,96.9,104.5,86.5,83.5,95.5,75.5,95.6,99.5,100.8,92,100.8,86.5,86.5,145.2,150.4,194.7,77.4,87.3,89.4,270.1,79.1,75.1,82.3,90.2,94.9,92.1,63.9,51.8,110.7,56.2,49.7,56.9,59.5,85.4,71,80.7,71.6,101.3,82.6,69.4,,94.8,151.7,90.3,137
2007/07,83.6,68.5,70,52.8,68.5,72.8,65.3,58.3,69.8,60.9,71.5,78.9,85.8,81.3,92.1,101.8,58.2,71.7,68.6,75,60,95.4,89.5,115.4,71.3,78.6,68.5,90.2,88.4,80.4,72,110.2,71.1,88.8,92.1,86.5,84.7,95.5,75.5,96,101,101.1,92,101.1,87.8,86.5,145.1,150.4,194.7,77.4,87.3,89,279.3,75.3,75.1,83.1,90.3,94.9,91.4,66.4,51.8,110.7,57.8,50.9,61.7,57.6,85.2,71.2,80.7,71.5,100.9,82.4,69.5,,94.5,151.7,90.2,137
2007/08,83.8,68.4,69,53.8,68.4,73,64.5,55.5,71.4,61.5,71.6,80,82.5,81.3,92.1,101.8,58.1,72.2,68.6,75,61.6,95.4,89.6,115,71.3,78.6,68.7,90.7,88.4,78.6,69.9,110.2,68.9,85.5,86.8,86.5,84.7,95.5,75.5,96.1,101.5,100.5,92,102.1,89.6,87.6,145.2,150.4,194.7,77.4,87.3,91.3,275.9,79.5,75.3,85.2,90.8,94.9,91.9,66.4,51.8,111.8,57.3,52.7,60.4,54.6,85.5,71.1,81,71.5,100.9,82.8,70.5,,94.7,151.7,92.7,137
2007/09,84.1,69.2,69.2,54.7,68.3,72.4,69.5,56.7,71.4,61.3,71.9,76.7,85,81.3,92.1,101.8,58.1,71.9,68.6,75,60.8,95.4,90,116.4,71.3,78.6,68.1,91.5,88.4,84,77,110.2,76.3,93.6,99.1,87.1,84.7,95.5,75.5,95.6,98.8,101.7,92,100.9,86.7,86.6,145.2,150.4,194.7,77.4,87.3,90.4,268.4,81,75.1,83.3,90.4,94.9,90,66.4,51.8,111.8,60.5,53.5,68.3,55.8,85.5,71.2,81.3,71.5,100.9,82.8,69.9,,94.9,151.7,91.3,137
2007/10,84.1,69,69.4,53.8,68.3,73,67.2,56.7,71.5,62.1,71.8,78.8,84.9,81.7,92.1,101.8,58.3,72.9,69.4,75.4,62.8,95.4,91.4,118.9,77.4,79.2,69.2,92.2,88.4,86.1,79.2,110.2,78.5,99.9,108.9,87.1,80.5,95.7,75.5,95.4,98.7,100.8,92.1,100.9,87,86.5,145.2,150.4,194.7,77.4,87.3,89.1,272.2,77.1,75.2,82.6,90.8,94.9,92.1,66.4,51.9,111.8,59.1,52.7,64.8,55.9,85.7,71.4,81.4,71.5,100.9,83.1,70.8,,94.9,151.7,90.1,137
2007/11,84.2,68.5,67.9,53.4,68.9,72.5,67,52.2,71,61.9,70.9,80,85.6,81.7,92.1,101.8,58.2,75,69.4,75.4,68.6,95.4,90.3,116.9,77.4,77.3,68.6,91.1,88.4,86.4,81.6,110.2,81,96.2,103.1,87.1,80.5,95.7,75.5,95.7,99.4,101.4,92.1,102.2,86.7,89.1,145.1,150.4,194.7,77.4,87.3,88.2,262.1,77.1,75.2,81.4,90.9,94.9,92.2,66.6,51.9,111.8,56.9,50.9,64.6,51.3,86,71.4,81.5,71.5,100.9,83.4,73.9,,94.8,151.7,89.3,137
2007/12,84.8,68.9,68.2,53,70.1,71.6,69.8,47.6,71,65.4,71.4,80.5,84,81.8,92.1,101.8,58.1,78.1,69.4,79.2,76.1,95.4,90,112.3,76.9,77.2,71,91.6,88.4,86.1,81.3,110.2,80.7,95.7,102.5,86.8,80.5,95.7,75.6,95.8,99.3,101.8,92.1,103.3,87.6,90.7,145.1,150.4,194.7,77.4,87.3,87.6,255.4,75.1,75.3,81.7,90.7,94.9,91.3,66.6,51.9,111.8,57.3,51.4,69,46.6,86.6,71.8,82.1,71.4,100.9,84.1,77.6,,94.6,151.7,88.9,137
2008/01,84.8,69.9,71.9,54.5,69.9,72,71.6,51.2,71,65.1,71.6,78.7,86.2,81.8,92.1,101.8,58.1,77.7,70.1,79.8,73.7,95.4,91.6,119.6,83.8,77.5,71.5,89.2,88.4,78.9,71.4,107.3,70.5,86.3,88.2,86.2,80.5,94.6,75.6,96.1,99.4,103.3,92.1,102.5,87.7,89.3,145.1,150.4,194.7,77.4,87.3,88.1,251.2,77.5,75.2,81.4,91.1,94.9,92.8,67,51.9,111.8,60.6,54.7,71.6,50.3,86.3,72,82.2,71.5,100.8,83.8,76.5,,94.3,152.5,89.2,136.8
2008/02,84.6,69.8,73,53.8,69.5,71.4,72.1,49.9,69.9,64.4,71.2,79.8,89.3,81.8,92.1,101.8,58.1,77.7,70.1,79.8,73.8,95.4,91.6,119.4,84.1,77.7,71.8,88.9,88.4,75.9,65.9,107.3,64.8,85.6,87.1,86.2,79.8,93.9,75.6,95.9,99.4,102.4,92.1,102.2,89,88.1,145.1,150.4,194.7,77.4,87.3,87.5,240.7,77.4,75.1,81.1,91,94.9,92.7,66.7,51.9,111.8,59.3,52.1,72.5,48.9,86.1,72.3,82,71.4,100.8,83.7,76.1,,94.1,152.6,88.5,136.8
2008/03,85,69.9,72.8,54.3,69.5,72.2,71.4,47.5,72,64.7,71.7,81.7,87.1,81.9,92.1,101.8,58.1,77.9,70.1,79.8,74.3,95.4,92.6,122.2,82.5,77.7,71.7,90.8,88.4,80.6,73.2,107.3,72.4,89.9,93.7,86.2,79.8,95.1,75.6,96.1,100,102.6,92.1,103.7,90,90.4,145.1,150.4,194.7,77.4,87.3,87.7,236.5,77.2,75.1,81.7,91.2,94.9,93.3,67.7,51.9,111.8,58.4,52.4,71.4,46.4,86.7,72.7,82.5,71.4,100.8,84.2,77.2,,94.6,152.6,88.9,136.8
2008/04,85.1,70.3,73.9,57.9,70,74.6,68.7,43.7,73.8,65.6,72.9,81.4,86.6,82.1,92.1,101.8,58.2,78.1,71.2,79.8,73.9,95.4,92.1,120,97,75.5,71.4,89.7,88.4,84.1,76.1,107.3,75.4,97.7,105.7,86.7,80.1,95.7,75.6,96.3,101.5,102.3,91.9,100,89.8,83.8,145.1,151.1,195.6,77.4,87.3,87.8,241.1,75.1,75.4,82.6,91.5,94.9,94.2,67.9,51.9,111.8,58.9,58.9,67.1,42.6,86.7,73.2,82.5,71.5,100.9,84.2,74.9,,94.9,153.1,89,136.8
2008/05,85.9,71,74,53.8,69.7,74.9,71.3,53.1,77.7,66,72.9,82.7,90.4,82.1,92.1,101.8,58.1,78.9,71.2,79.8,76.3,95.4,94,125.3,105,78.1,71.6,89.5,88.4,85.3,78.1,107.3,77.5,98.9,107.3,87.4,80.1,95.7,75.6,96.4,101.5,103.5,91.9,104.8,89.9,92.6,145.1,151.1,195.6,77.4,87.3,87.6,241.1,75,75.4,82.3,91.5,94.9,94.3,67.9,51.9,111.8,60,52.6,71,52.2,87.6,73.7,83.4,71.5,101,85.2,79,,95.2,153.1,88.8,136.8
2008/06,86.6,71,74.9,54.5,69.4,74.9,66.4,57.7,76.9,67.8,72.9,81.9,88.7,82.1,92.1,101.9,58.1,83.8,71.2,79.8,90.4,95.4,93.5,123.5,104.8,77.2,71.3,90,88.4,84.3,76.3,107.3,75.6,98.6,107.1,86.7,80.3,95.7,75.6,95.4,99.5,100.5,91.9,106.2,89.6,95,145.7,151.1,195.6,77.4,87.3,87.5,231.9,74.9,75.4,82.5,91.6,94.9,95.1,67.9,51.9,111.8,59.1,53.1,63.3,56.9,88.4,73.9,84.2,71.6,101,86.1,84.8,,95,153.1,88.6,137.3
2008/07,87.1,71.2,75,55,70.1,74.4,67.4,53.9,76.1,69.6,73.9,82.4,88.8,82.2,92.4,101.9,60.2,86.2,72.2,80.3,96,95.4,93.2,120.1,103.9,77.2,72,91.1,88.4,82.4,74.1,107.3,73.3,94.4,100.3,87.2,81,95.7,75.6,95.9,101.5,100.4,91.9,107.5,90.9,96.8,145.7,151.1,195.6,77.4,87.3,88.4,233.2,75.5,75.4,83.8,91.1,94.9,94.6,63.7,51.9,111.8,59.5,55.5,64.8,53,88.9,74.2,84.8,72.7,101,86.8,87.8,,95.1,153.1,89.7,137.3
2008/08,87.3,71,75.1,55.1,70.8,74.1,64.7,55.4,76.6,69.4,73.4,82.7,87.4,82.6,92.4,101.9,60.4,87.3,72.2,80.3,99.3,95.4,93.2,119.9,105,77.2,72.5,90.4,88.4,79.3,70.8,107.3,69.9,88.7,91.4,87.3,81,95.7,75.6,95.6,100.1,100.6,91.9,108.8,92.4,98.5,145.7,151.1,195.6,77.4,87.3,89.8,231.1,76.6,75.4,85.9,91.5,94.9,94.9,67.3,51.9,111.8,58.5,55.1,60.8,54.5,89.2,74.2,85.1,72.8,101,87.1,89.7,,95.2,153.1,91.3,137.3
2008/09,86.9,70.8,75.9,51,70.1,72.9,68.4,52.4,79,69.5,74.3,81.4,87.8,82.9,92.4,101.9,60.4,85.7,72.2,80.3,94.6,95.4,94.2,118.9,111,79,72.3,93.6,88.4,85.4,80,97.9,79.8,95.1,101.1,87.7,81.3,95.7,75.6,95.2,99.4,99.4,91.9,106.2,89.8,94.8,145.7,151.1,195.6,77.4,87.3,88.6,231.1,75.9,75.3,84.2,91.6,94.9,95.3,67.3,51.9,111.8,57.1,49.5,66.8,51.4,88.9,74.3,84.6,72.8,101,86.8,86.6,,95.4,153.1,89.8,137.3
2008/10,86.5,71.4,76.2,53.1,70.5,71.4,69.7,54.2,81,69.4,73.1,80.5,89.2,83,92.2,101.4,60.5,81.7,72.2,80.8,82.8,95.4,95.1,122,111,79.6,72.8,93.7,88.4,87,81.6,97.9,81.3,98.2,105.9,87.7,81.3,96.6,75.6,94.9,101,95.3,91.9,104.8,89.8,92.1,145.7,151.1,195.6,77.4,87.3,88,227.3,74.9,75.4,83.6,91.9,94.9,97.1,67.3,51.9,111.8,59.5,52.6,68.5,53.3,88.2,74.3,84.2,72.7,100.7,86.1,81.5,,95.4,153.1,89.2,137.3
2008/11,85.5,70.9,76.5,52.5,70.5,73.1,68.2,49.5,81.4,69.1,73.9,81,89.5,82.8,92.2,101.5,60.5,77.2,72.2,80.8,70.1,95.4,94.4,122.7,111,85.1,73.3,88.9,87.9,87,82,97.9,81.9,97.6,105.3,87.2,81.3,96.6,75.6,94.6,102.2,92.2,91.9,101.7,89.5,86.9,145.4,151.1,195.6,77.4,87.3,87.9,218.9,77.3,75.4,82.6,91.8,94.9,95.7,68.5,51.9,111.8,56.9,51.8,65.7,48.5,87.3,74.6,83,72.8,100.8,85.1,75,,95.3,153.1,89,137.3
2008/12,84.8,71.3,76.2,52.9,70.1,71.1,69.2,52.8,81.3,69.3,75.1,81.3,89.2,82.9,92.2,101.5,60.6,72.5,72.2,80.8,56.6,95.4,93.5,119.9,111.5,79.3,73.2,89.7,87.9,87.9,84,97.9,83.9,96.7,103.7,87.7,82.3,96.6,75.6,93.8,97.4,93.3,91.9,99.2,90.5,81.8,145.7,151.1,195.6,77.4,87.3,88.2,210.1,78.2,75.4,83.1,91.7,94.9,95.8,67.7,51.9,111.8,58.7,52.4,67.4,51.9,86.5,74.6,82.2,72.9,100.9,84.1,68.4,,95.4,153.1,89.5,137.3
2009/01,84.5,72.3,77.8,51.9,69.9,69.4,73.7,59.7,80.2,70.3,75.6,80.2,89.7,82.9,92.1,101.3,60.6,72.6,75.5,80.3,53.7,95.4,94.4,120.7,111.5,78.8,73.6,91.8,87.9,78.7,70.2,97.9,69.5,86.9,89.2,86,82.3,95.4,75.6,94.4,98.9,93.1,92.5,96.8,90.3,77.3,145.7,151.1,195.6,77.4,87.3,87.3,209.3,78,75.4,81.7,92,94.9,96.2,69.6,51.9,111.8,62,50.2,74.5,59,85.9,74.8,82,72.8,100.7,83.3,66.7,,94.6,154,88.6,137.3
2009/02,84.1,71.4,77.8,51.7,68.4,69.4,70.4,57.2,80.4,68.9,75.1,80.8,88.7,82.9,92.1,101.3,60.6,72.2,75.5,80.3,52.6,95.4,93.8,117.3,106.3,82.8,73.4,92.2,87.9,76.4,66.3,97.9,65.5,85.5,87.1,86,82.3,94.4,75.6,94.3,98.3,93.1,92.5,97.3,89.6,78.5,145.8,151.4,195.6,84,87.3,87.2,200.4,78.2,75.4,81.6,91.9,94.9,95.9,69.6,51.9,111.8,59.6,50.4,69.3,56.4,85.6,74.3,81.4,72.8,100.7,83,66.7,,94.3,154.3,88.2,137.3
2009/03,84.2,71.9,78.3,53.6,68.4,72.7,72.5,51.4,76.5,70.3,75.8,80.8,89.5,83.1,91.8,101,60.2,70.5,75.5,82.9,46.6,95.4,93.5,117.1,106.3,82.8,74.1,90.7,87.9,81.7,78.5,97.9,78.2,82.5,82.5,86,82.3,95.4,75.6,92.9,92.9,92.4,92.5,97.9,90.6,79.1,145.8,151.4,195.6,84,87.3,88.4,206.3,80.2,75.4,82.6,91.5,93.4,95.9,67.5,51.9,111.8,60.5,53.6,72.9,50.4,85.7,74.7,81.7,72.6,100.5,83.2,65.3,,94.7,154,89.7,137.3
2009/04,84.1,71.4,77.1,53,68.7,73.1,74,46.8,75.9,70.4,74.9,80.9,88.3,83.1,91.2,100.3,60.2,69.9,74.7,81.8,46.2,95.4,93.8,119.3,106.3,82.7,74.1,89.9,87.9,86.4,80,97.9,79.7,98.6,106.8,87.1,82.3,96.1,75.6,93.8,96,93.3,92.5,98.7,89.5,81.4,145.2,152.2,197.4,84,87.3,87.2,200.4,78.2,75.7,81.7,91.5,93.4,95.7,68.2,51.9,111.9,59.7,53,75.3,45.5,85.7,74.3,81.7,72.3,100.1,83.3,65.6,,94.8,154.9,88.5,137.3
2009/05,84.1,71.9,76,54.5,67.6,72.5,71.3,57.5,75.4,70.7,74.4,79.5,88.7,83.1,91.2,100.3,60.1,68.9,71.1,81.8,46.7,95.4,93.4,116.8,106.3,82.3,74.3,90.6,87.9,85.3,78.7,97.9,78.5,96.3,103.3,87.2,82.3,96.1,75.6,94.2,97.4,94.1,92.5,98,89.6,80.2,144.9,151.7,196.4,84,87.3,87.5,195.4,79.9,75.5,81.7,91.4,93.4,95.2,68.2,51.9,111.9,62.5,55.5,71.1,56.5,85.4,74,81.6,72.3,100.1,82.9,64.2,,94.7,154.4,88.8,137
2009/06,84,71.3,77,52.6,68.5,72.9,68.4,60.8,74.1,69.2,75.6,80,87.9,82.2,91.1,100.2,60.1,69.6,70.2,81.8,49.5,95.4,93.5,118.9,106.3,79.6,73.6,90.6,87.9,85.6,79.6,97.9,79.3,96.5,103.9,86.8,82.3,94.7,75.6,94.3,97.5,94.2,92.6,98.5,89.1,81.4,144.8,151.7,196.4,84,87.3,86.6,185.3,78.1,75.5,81.2,91.4,93.4,94.8,68.7,51.9,111.9,60.5,52.1,66.8,59.8,85.4,74,81.4,72.2,99.8,83,65.3,,94.5,154.4,87.8,137
2009/07,84.1,71.3,77.5,52.6,68.5,72.8,67.6,56.5,78.1,70.1,75.8,81.6,88.1,82.1,91,100.1,60.1,70.7,69.7,81.8,53.1,95.4,92.7,115.8,106.3,83,72.9,90.2,87.9,83.3,78,97.9,77.7,90.2,94,86.8,82.3,94.7,75.6,94.5,97.8,94.5,92.6,100.1,90.1,83.9,144.8,151.7,196.4,84,87.3,87.5,182.8,79.7,75.5,82.3,91.4,93.4,94.7,68.9,51.9,111.9,59.1,52.5,65.4,55.6,85.8,74.3,81.7,72.2,99.8,83.4,67.4,,94.4,154.4,88.9,137
2009/08,84.2,71.7,76.3,51.5,68,72.8,71.9,58.7,77.6,70.1,75.6,81.6,88.1,82.4,91,100,60.1,71.2,69.4,81.8,54.9,95.4,92.2,114.4,106.3,73.6,73.1,92.3,87.9,78,72,97.9,71.4,80.8,79.3,86.8,82.3,94.7,75.6,94.9,99.6,94.4,92.6,100.2,91.8,83.7,143.8,151.7,196.4,84,87.3,88.4,179.1,79.6,75.6,84,91.4,93.4,94.9,68.9,51.9,111.9,61.1,50.5,72.3,57.9,85.6,74.2,81.8,72.1,99.5,83.3,67.9,,94.2,154.4,89.9,136.3
2009/09,84.6,71.9,75.5,53,68.7,73.3,71.9,56.4,79.5,71,75.3,81.6,86.9,82.6,91.6,100.9,60.1,71.2,68.8,81.8,55.5,95.4,93.1,113.3,106.3,83,73.3,93.2,87.9,86.2,79.9,97.2,79.7,98.2,106.3,86.9,82.3,94.7,75.6,94,96,93.9,92.6,99.6,89.2,83.7,143.8,151.7,196.4,84,87.3,87.6,178.2,80.1,75.6,82.4,91.6,93.4,95.6,68.9,51.9,111.9,61.5,52.9,72.4,55.6,86.1,74.3,82.1,72.2,100,83.6,67.9,,94.7,154.4,88.7,136.3
2009/10,83.9,70.3,76.3,51.7,68.7,75,62.8,52.6,80,70.9,74.6,81.6,86.8,82.3,91.7,101,60.1,70,68.8,76.5,54.3,95.4,93.4,117.8,106.3,83.4,73.3,90.3,87.9,85.7,79.6,97.2,79.3,96.4,103.6,86.9,82.3,96.5,75.6,94.5,98.3,93.7,92.6,99.3,89.3,83.1,143.8,151.7,196.4,84,87.3,87,178.6,79.2,75.5,81.7,91.3,93.4,94.4,68.9,51.9,111.9,54.8,50.7,57.8,51.6,85.8,74.4,81.2,72.3,100.1,83.3,66.6,,94.6,154.4,88.2,136.3
2009/11,83.5,69.6,76,51,68.9,75,62.2,47,80.1,70.1,74.4,81.5,87.4,82.3,91.7,101,60.1,69.7,69,76.5,53.1,95.4,92.5,114.4,106.3,83.2,72.3,91.4,87.9,87.4,82,97.2,81.7,98.5,106.8,86.9,82.3,96.5,75.6,93.2,94,92.5,92.6,98.4,88.9,81.8,143.8,151.7,196.4,84,87.3,86.5,177.8,78.6,75.6,81.1,91.2,93.4,93.8,68.8,51.9,111.9,52.4,49.4,57,45.9,85.5,74.3,80.8,72.3,100.1,83.1,65.6,,94.6,154.4,87.7,136.3
2009/12,83.8,70.2,76.1,50.4,67.9,75.5,66.2,49.1,80.1,70.4,74.9,81.8,86.4,82.3,91.7,101,60.1,70.7,69.3,76.5,55.8,95.4,90.9,110.6,106.4,82.4,72.8,88.1,87.9,86.7,82.8,97.2,82.7,94.6,104.2,80.5,82.8,93.3,75.6,94,97.4,92.7,92.6,98.7,89.9,81.8,143.8,151.7,196.4,84,87.3,86.8,171.5,79.3,75.5,81.5,91.2,93.4,93.7,68.8,51.9,111.9,54.7,48.9,63.1,48.1,85.7,74.3,81.2,72.3,100.1,83.2,66.7,,94.5,154.4,88.1,136.3
2010/01,84.3,72,75.4,52.8,68.2,74.8,75.2,52.7,80.9,71.4,74.4,81,87.6,82.4,91.6,100.9,59.8,71.2,69.4,76.4,57.5,95.4,91.9,114.3,108.2,83,71.7,87.9,87.9,82.6,74.9,97.2,74.6,94,102.3,80.8,82.1,91.1,75.6,93.3,94.6,92.3,93.1,99.5,89.4,83,145.1,132.8,160.5,84.1,86.1,88.4,171.7,80.4,75.6,81.3,91.4,93.4,93,69.9,51.9,112.5,61.9,52.4,77.5,51.7,85.6,74.4,81.7,72.1,100.1,83.1,67.7,,94,139.7,89.7,136.4
2010/02,84.3,71.9,76.2,51.5,68.6,75.6,74.7,54.3,80.7,70.9,74.6,80.8,86.1,82.4,91.6,100.9,60,71.8,69.4,76.3,58.9,95.4,90.2,109.8,104,81.4,71.7,87.2,87.9,83.8,76.6,97.2,76.4,95.7,105.6,80.3,82.1,91.1,75.5,92.9,93.5,93.3,92.8,99.7,89,83.3,145.1,132.8,160.5,84.1,86.1,88.4,169.1,80.6,75.6,81.6,91.4,93.4,92.8,69.9,51.9,112.5,60.9,49.7,76.5,53.4,85.7,74.4,81.7,72.2,100,83.1,68.4,,93.9,139.9,89.6,136.4
2010/03,84.1,71.8,76.7,52.8,68.2,73.5,74.6,55.8,80.4,70.5,73.3,80.8,85.9,82.4,91,100.2,59.9,71.4,69.6,76.3,57.9,95.4,90,108.7,104,81.4,72,87.6,87.9,84.4,80.7,97.2,80.5,90.6,96.4,81,82.1,92.2,75.5,93.1,94.3,92.5,92.8,99.7,89.6,83.4,144.8,132.8,160.5,84.1,86.1,88.2,166.7,80.2,75.5,82,91.5,93.4,94.1,68.9,51.9,112.5,62.4,52.5,76.3,55,85.4,74,81.6,72,99.6,83,68.2,,93.8,139.6,89.4,136.4
2010/04,84.2,72.3,76.4,52.1,66.9,71.9,80.4,56.5,80,71.5,73.8,80.7,86.1,82.4,91,100.1,59.9,72.1,68.7,78.8,59.6,95.4,89.9,110.7,104,82.3,72,84.8,87.9,86.6,80.7,97.2,80.5,100.5,113.5,80.8,79.4,92.3,75.5,94.3,96.8,93.9,92.9,99.7,89.4,83.4,144.8,114.6,127.1,84.2,91.8,88.1,172.4,79.2,75.6,81.1,91.5,93.4,93.7,68.9,51.9,112.5,65.6,52,85.7,55.6,85.3,73.9,81.7,72,99.5,82.8,69.1,,93.3,124.9,89.4,136.4
2010/05,84.1,71.5,76.5,50.5,67.9,71.7,75.4,57.3,79.2,70.3,73.5,80.4,85.5,82.4,91,100.1,59.9,73.8,69,79,64.2,95.4,89.2,107.2,105.1,82.3,72,85.6,87.9,86.6,80.8,97.2,80.6,100.2,113.3,80.3,79.4,92.3,75.5,94.7,97.9,93.6,92.9,101.2,89.3,85.5,145,114.7,127.2,84.2,91.8,87,160.3,79.6,75.6,81.1,91.5,92.9,94.5,68.9,51.9,112.5,61.7,48.9,77.7,56.5,85.5,73.7,81.6,72,99.6,83,72.2,,93.1,125,88.2,136.4
2010/06,83.8,71.5,75.7,51.9,67.4,70.7,73.4,61.3,79,70.3,73.6,79.9,86.2,82.4,91,100.1,59.9,72.9,69.1,79.3,61.5,95.4,88.4,104.8,105.1,82.3,72.7,84.3,87.9,87.4,80.9,97.2,80.7,101.9,116.7,79.4,82.1,92.3,75.5,94.5,97.4,93.6,92.9,100.2,88.9,84.3,144.6,114.7,127.2,84.2,91.8,86,153.1,79.1,75.7,81,91.3,92.9,93.6,68.9,51.9,112.5,62.6,51.3,74.4,60.8,85.1,73.6,81.3,72,99.6,82.6,70.6,,92.9,125.1,87.2,136.4
2010/07,83.4,71,75.9,50.4,69.2,71.3,70.5,56.2,79.5,70.7,74.1,79.9,86.5,82.4,91,100.1,59.9,72.3,69.4,79.4,59.2,95.4,87.5,101.4,105.1,78.9,73,84.8,87.9,85.7,78.3,97.2,78,98.1,110.3,79.4,85.5,92.3,75.5,95,98.1,95.1,92.9,99.3,89.2,83,144.2,114.7,127.2,84.2,91.8,85.9,150.1,79.1,75.7,81.5,91.4,92.9,93.9,68.9,51.9,112.5,59.1,49.6,70.1,55.5,84.9,73.8,80.8,72,99.6,82.4,69.4,,92.7,125.1,87.2,136.4
2010/08,83.1,70.5,76.1,49.5,68.7,69.7,70.4,55,79.6,69.8,74.1,80.2,82.6,82.4,91,100.1,59.9,72.6,69.9,79.5,59.7,95.4,86.9,102.2,105.8,78.9,73,81.6,87.9,83.5,75.7,97.2,75.5,93.8,103,79.4,85.5,92.3,75.5,93.9,95.7,93.7,92.9,99,89.9,82.9,143,114.7,127.2,84.2,91.8,85.7,143.8,78.4,75.8,82.7,91.2,92.9,92.9,68.9,51.9,112.5,58.2,48.3,70,54.1,84.6,73.3,80.4,72,99.5,82,69.7,,92.3,125.1,87.1,136.4
2010/09,83.4,71.3,75.3,51.5,69.2,70.1,75.7,55.9,79.1,69.9,73.8,79.7,81.9,82.4,91,100.1,59.9,72.8,70.2,79.5,59.7,95.4,86.4,99.8,105.1,75.5,73,83.3,87.9,87.8,81.2,97.2,81,101.2,115.4,79.6,85,92.3,75.5,93.9,96.2,92.8,92.9,98.7,88.7,82.6,143.3,114.7,127.2,84.2,91.8,85,140.6,78.3,75.7,81.9,91.2,92.9,93.2,68.9,51.9,112.5,62.9,51.7,78.8,55.1,84.6,73.2,80.8,72,99.5,82,69.6,,92.4,125.1,86.2,136.4
2010/10,83.7,71.6,75.6,51.6,69.2,69.8,78.5,56.5,78.8,70.4,73.2,79.9,82.5,82.4,90.9,100.1,59.8,72.4,70.2,81,58.2,95.4,87.4,102.4,105.8,77,73,83.7,87.9,88,81.5,97.2,81.3,100.9,116.2,77.9,85,94.6,75.5,94.6,98.1,93.2,92.8,97.9,89.1,81.7,142.2,114.7,127.2,84.2,91.8,84.6,135.7,78.5,75.7,82.1,97.2,92.9,93,69,71.8,120.2,64.7,52,83,55.8,84.9,73.3,81.2,71.9,99.5,82.3,69.1,,92.9,125.1,85.9,136.4
2010/11,83.6,71.5,74.9,51.2,69.2,70.6,78,55,78.8,70.4,73.6,80.3,82.2,82.4,90.9,100.1,59.5,72.4,69.8,80.9,58.5,95.4,87.2,102.4,110.9,80.1,73,81.2,87.9,88.3,84.2,97.2,84,99.8,113.2,79.5,80.9,93.7,75.5,94.3,97.2,93.2,92.8,98.1,88.9,82,142.2,114.7,127.2,84.2,91.8,83.7,132.4,77.9,75.7,81.3,97.4,92.9,93.7,69,71.8,120.2,63.4,50.7,82.2,54.2,84.8,73.3,81,71.7,99.5,82.2,69.1,,92.7,125.1,85.1,136.4
2010/12,83.7,71.2,74.4,51.3,68.8,71.6,74.4,58.5,78.3,70.5,73.4,79.9,82.9,82.4,90.8,100,59.5,72.9,69.5,81.3,60.2,95.4,87.7,105.3,110.9,80.2,72.7,80.5,87.9,88.7,83.7,97.2,83.5,100.4,114.3,79.5,85.2,92.7,75.5,94.1,97,92.8,92.8,98.4,89.3,82.5,141.9,114.7,127.2,84.2,91.8,84.7,140.7,78.3,75.7,81.4,96.7,92.2,92,67.5,71.8,120.2,62.3,50.9,76.1,57.8,85,73.3,81.1,71.7,99.5,82.5,70,,92.8,124.6,86,136.4
2011/01,83.9,71.7,75.1,52.5,69.3,70.4,76.1,58.5,78.9,70.9,73.3,79.9,83.3,82.4,90.8,100,59.5,74.7,69.2,81.2,65.6,95.4,87.2,102.2,110.9,80.2,73,81.5,87.9,83.9,78.1,97.2,77.9,91.1,97.6,80.3,85.7,93.1,75.5,93.8,96,92.8,92.8,98.9,89.3,82.8,143.2,114.7,127.2,84.2,91.8,84.4,137.8,78.4,75.9,81.3,96.9,92.2,93.6,65.8,71.8,120.2,64.3,52.9,79.1,57.9,85.1,73.5,81.4,71.7,99.4,82.5,71.9,,92.5,124,85.8,136.4
2011/02,83.9,71.8,74.7,50.6,69.3,71.2,78.5,61.9,79.1,70.1,73.7,79.4,83,82.4,90.8,100,59.3,75.2,69.1,81.1,67.3,95.4,87.3,102.6,110.9,77.8,73.2,81.9,87.9,84.5,77.6,97.2,77.4,94.5,103.2,80.8,85.7,91.8,75.5,93.7,95.8,92.9,92.8,99.4,88.9,83.7,143,114.7,127.2,84.2,91.8,83.3,127.7,78,75.7,81.4,96.9,92.2,93.6,65.3,71.8,120.2,64.7,49.1,82.8,61.4,85.1,73.4,81.4,71.5,99.4,82.6,72.9,,92.3,124,84.6,136.4
2011/03,84.2,71.6,74.2,51.8,69.3,71.5,74.4,61.1,79.1,70.6,74.2,79.2,83.1,82.4,90.7,99.9,59.3,77.1,69.2,84.2,71.4,95.4,86.6,101.5,104.5,77.2,72.7,82.3,87.9,86.1,80.8,97.2,80.6,94.5,104.1,79.4,85.7,94.1,75.5,92.9,93.6,93.1,92.8,101.2,89.4,86,143.8,114.7,127.2,84.2,91.8,83,121.2,78.9,75.7,81.7,96.8,92.2,93.1,65.8,71.8,120.2,63.5,51.9,76.2,60.6,85.5,73.4,81.8,71.5,99.3,83,76.1,,92.3,124.2,84.4,136.4
2011/04,84.3,71.2,75.1,50.6,68.8,74.4,72,56.6,79.4,70.6,73.1,82.7,83.9,82.5,90.7,99.9,59.3,78.3,69.7,84.3,74.4,95.4,88.5,104.3,104.5,79.3,73.7,85,88.6,87,81.8,97.2,81.6,96.2,107.4,78.9,85.8,94.5,75.5,93.2,93.7,94.2,92.9,102,89.3,87,143.8,115.2,128,84.2,91.8,81.9,111.6,78.5,75.8,81.8,97,92.2,94.2,65.8,71.8,120.2,60,49.7,72.3,55.8,85.8,73.8,81.9,71.5,99.4,83.4,77.7,,92.4,124.6,83.3,136.4
2011/05,84.5,70.5,75.1,49.2,69.3,73.6,67.6,57.5,78.9,70.5,72.9,83.3,82.5,82.5,90.7,99.9,59.3,78.8,70.2,84.5,75,95.4,87.8,101.7,104.5,79.3,73.7,84.7,88.6,87.2,81.9,97.2,81.7,96.8,110.4,76.3,85.8,94.5,75.5,94.2,95.8,95.3,92.9,102.2,89.3,87.3,143.8,115.2,128,84.2,91.8,84.3,130,79.4,75.9,82.2,97,92.2,94.1,65.8,71.8,120.2,57.3,48.4,65.4,56.8,86.1,73.6,82,71.5,99.3,83.8,78.4,,92.8,124.6,85.6,136.4
2011/06,84.2,70.6,75.5,50.8,68.8,70.4,68.7,54.3,78.9,69.9,72.5,83.9,83.1,82.7,90.5,99.6,59.3,79,70.8,84.7,75,95.4,87,98.3,104.5,79.3,73.7,85.1,88.6,87.6,82.1,97.7,81.9,97.5,110.7,77.5,85.8,95.4,76.6,94.8,98,94.5,92.9,100.6,88.9,86.2,140.7,115.2,128,84.2,91.8,83.5,126.3,78,76,82.1,96.2,87.6,94.3,65.8,71.8,120.2,58.2,50.9,67,53.7,85.8,73.5,81.8,71.5,99.2,83.4,77.9,,92.4,124.6,84.9,136.4
2011/07,84.2,70.8,75.3,51.3,68.8,69.9,70.6,54.5,78.7,69.9,72.5,83.9,83.6,82.7,90.4,99.6,59,78.5,71.5,84.9,72.8,95.4,85.5,96.1,104.5,79.3,73.5,81.8,88.6,86.1,80.7,97.7,80.5,96.5,108.9,77.5,81.2,95.4,76.6,93.8,95,94.9,92.9,101.3,89.7,86.2,143.3,115.2,128,84.2,91.8,83.9,123.7,78,75.9,83.4,96.2,87.6,94,65.8,71.8,120.2,59.7,52.1,70.1,53.4,85.6,73.4,81.7,71.3,99.2,83.3,77.4,,92.3,124.6,85.3,136.4
2011/08,84.1,71.2,75.6,51.3,68.8,69,71.2,55.2,79.5,71,73.7,83.7,83.4,82.7,90.4,99.6,59,78.4,72.2,85.2,71.6,95.4,85.2,93.9,111.3,79.3,73.6,81.6,88.6,84,78.4,97.7,78.1,91.9,101,77.5,81.2,97,76.6,93.4,95,92.8,92.9,101.6,90.2,86.5,143.3,115.2,128,84.2,91.8,82.9,112.5,77.9,76,83.7,96.3,87.6,94.8,65.6,71.8,120.2,60.4,52.3,71.1,54.4,85.5,73.7,81.7,71.3,99.2,83.1,77.7,,92,124.6,84.3,136.4
2011/09,83.7,70.7,70.6,52.6,68.5,68.7,71,51.9,79.7,70,74.2,83.9,83.7,82.7,90.4,99.6,59,77.8,72.7,85.5,69.1,95.4,84,90.2,110.8,79.3,73.6,80.7,88.6,87,83,97.7,82.8,96.7,109.5,77.2,81.2,95.5,74.6,93.5,95.5,92.4,92.9,100.8,89.2,85.5,143.4,115.2,128,84.2,91.8,81.8,103.8,78,75.9,83.5,96.1,87.6,93.6,66,71.8,120.2,60.6,54.8,71.5,50.7,85.1,73.1,81.3,71.3,99.2,82.7,76.6,,91.9,124.7,83.2,136.4
2011/10,83.7,71.3,70.8,51.1,69.3,68.6,76.3,51.5,80.9,71,74.3,84.8,83.6,82.7,90.4,99.7,59,76.6,73.1,85.8,65.1,95.4,84.1,89.3,110.8,81.1,73.6,81.7,88.6,87.1,82.8,97.7,82.6,95.9,107.7,77.9,81.2,100.4,74.6,93,94,92.2,92.9,100.4,89.4,85,143.1,115.2,128,84.2,91.8,81.1,99,77.7,75.9,83.2,96,87.6,93.4,66,71.8,120.2,62.6,51.4,81.8,50.3,84.9,73.4,81.2,71.3,99.3,82.5,75,,91.7,124.5,82.6,136.4
2011/11,83.3,70.2,72.2,50.7,69.7,68.1,67.9,52.1,79.4,69.5,74.3,83,82.9,82.7,90.5,99.7,59.2,76.6,73.3,85.9,65.1,95.4,84.9,90.9,112.6,81.1,73.6,83.2,88.6,88.1,86,97.7,85.8,94.3,105,77.9,81.2,99.7,74.6,93.5,95.4,92.1,93,100.6,89.1,85.1,143.9,115.2,128,84.2,91.8,79.3,99.2,76.9,76,79.7,96.1,87.6,93.5,66,71.8,120.2,56.9,49.6,66.9,51.1,84.9,73.3,80.7,71.4,99.2,82.4,75.1,,91.6,124.5,80.8,136
2011/12,83.3,70.2,70.4,51.6,70.7,69.4,67.3,54.1,78.4,69.5,74,82.6,81.9,82.7,90.7,100,59.2,77.4,73.2,86,67.3,95.4,83.9,88.6,112.7,81.1,73.3,81.5,88.6,88.2,85.3,97.7,85.1,95.5,106.5,78.6,81.2,99.8,76.6,93.7,95.6,92.7,93,100.5,89.1,84.9,143.9,115.2,128,84.2,91.8,78.7,90,77.9,76,80.1,96.3,87.6,93.8,67.4,71.8,120.2,57.7,51.1,65.7,53.3,84.9,73.1,80.7,71.7,100.1,82.3,75.7,,91.5,125.1,80.3,136
2012/01,83.5,71.5,69.2,54.1,69.4,66.7,74.9,62.5,77.7,68.9,73.6,83.7,83,82.7,90.7,100,59.2,77.3,73,85.9,67.3,95.4,84.8,90.6,111.4,81.1,73.6,83.1,88.6,85.6,82.6,97.7,82.4,91,96.6,81.6,80.5,98,76.6,93.7,95.8,92.7,93,100.6,89.3,85,143.8,115.2,128,84.2,91.8,77.8,85.8,76.5,76.1,79.7,95.9,87.6,92.2,67.4,71.8,120.2,66.3,56.1,78,62.1,84.6,72.7,81,71.7,100.2,82,75.3,,91.4,124.9,79.4,135.9
2012/02,83.7,71.6,70.7,52.8,67.1,67.6,75.6,63.6,78,70.3,74.3,83.5,82.3,82.7,90.6,99.8,59.2,77.6,72.9,86,68.1,95.4,83.9,88.5,110.4,79,73.3,82.7,88.6,85,81.8,97.7,81.6,90.7,96.7,80.6,80.5,95.1,76.6,93,95.3,90.1,93,100.7,88.9,85.4,143.3,115.2,128,84.2,91.8,79.8,110,74.8,76,79.3,95.9,87.6,91.9,67.4,71.8,120.2,65.8,53.3,79.5,63.1,84.8,72.9,81.2,71.6,99.8,82.3,75.7,,91.5,124.9,81.3,135.9
2012/03,84.4,72.2,70.6,52.4,68.6,68.2,78.5,68.6,77.2,69.4,75.1,83.4,82.7,82.7,90.5,99.7,59.2,79.5,73.1,86,73.5,95.4,83.6,88.3,110.4,78.7,73.1,81.9,88.6,86.5,85.8,97.7,85.6,89.9,95.4,80.6,80.5,97.7,74.1,93.1,94.8,91.4,93,102.1,89.4,87.5,142.6,115.2,128,84.2,91.8,80.2,110.2,75.1,76.1,80,96.3,87.6,94.1,67.5,71.8,120.2,68.8,52.9,84.8,68.3,85.3,72.9,82,71.6,99.8,82.9,78.9,,91.6,125,81.7,135.9
2012/04,84.1,71.6,72.4,52.3,67.1,68.4,75.9,62,77.2,70.2,74.2,84.1,83.4,82.7,89.5,98.7,58,79.7,73.3,86.1,74,95.4,84.4,88.8,111.4,80.3,73.1,84,88.6,87.6,85.4,97.7,85.2,93.8,102,80.6,80.5,97.7,76.6,92.9,94.3,90.7,93.1,102.6,89.7,88.1,143.3,114.8,128.1,86.1,90.2,80.1,107.3,75.7,76.1,80.2,96.1,87.6,93.8,66.8,71.8,120,65,51.7,80.2,61.4,85.3,73.2,81.8,70.6,99.3,83,79.5,,91.4,124.7,81.7,135.9
2012/05,83.8,70.6,72,50.4,65.6,68.1,72.1,60.8,76.7,68.7,74.6,84,83.2,82.7,89.3,98.6,58,79.5,73.3,87.8,72.7,95.4,83.8,88,110.7,80.3,73.2,82.7,88.6,88.4,86.7,97.7,86.5,94.8,103.8,80.6,80.5,96.8,76.6,93.4,95,92.2,93.1,101.8,89.7,86.9,143.3,115.2,128.9,86.1,90.2,80.7,103.4,75.8,76.2,82.3,96.1,87.6,93.5,66.8,71.8,120,61.1,48.2,74.2,60.2,85.1,72.8,81.4,70.5,99,82.9,78.6,,91.5,125.1,82.3,135.8
2012/06,83.1,70,72.1,51.5,64.4,67,67.5,60.3,78,69.3,73.5,83.2,83.2,82.4,89.1,98.3,58,77.8,73.7,87.4,67.3,95.4,82.9,86.4,109.6,80.3,73.5,80.7,88.6,88.1,86.7,97.7,86.6,93.1,100.9,80.6,80.5,100.6,74.8,93.3,94.6,92.3,93.1,100.4,89.3,84.9,143.3,115.2,128.9,86.1,90.2,80.2,100.4,75.6,76.2,81.9,95.8,87.6,92.3,66.8,71.8,120,59.1,49.7,67,59.5,84.5,72.6,80.7,70.5,99,82.2,75.8,,91.2,125.1,81.7,135.9
2012/07,82.7,69.4,70.9,51.7,64.6,67.2,68.5,52.3,77.4,68.9,73,80.5,82.7,82.3,89.3,98.3,58.6,77.1,74.2,86.9,65.1,95.4,82.7,86,109.6,79.3,72.9,80.9,88.6,84.5,82.5,97.7,82.4,86.9,90.6,80.1,78.6,99,77.5,93.2,94.7,91.8,93.1,99.8,89.9,84.1,142.7,115.2,128.9,86.1,90.2,80.5,100.5,76,76.2,82.4,96.1,87.6,94,66,71.8,120,58.1,50.2,69.6,51,84.1,72,80.2,70.9,99,81.8,74.8,,91.1,125.1,82.1,135.8
2012/08,82.5,68.9,70.6,51.3,64.2,67.3,65.5,51.6,77.2,68.8,72.2,81.7,82.4,82.3,89.3,98.3,58.7,77.5,75.4,87.2,65.1,95.4,82.3,84.9,107.1,80,73.4,80.6,88.6,83,81.4,97.7,81.2,83.3,85.4,78.9,78.6,99,76.7,93.1,94.3,91.7,93.1,99.9,90.5,84.3,142.7,115.2,128.9,86.1,90.2,80.7,95.3,76.6,76.4,83.5,96.1,87.6,93.8,66,71.8,120,56.2,50.6,64,50.4,84.1,71.8,80.1,71,99,81.8,75.2,,91,125.1,82.3,135.8
2012/09,82.8,69.1,70.5,50.6,63.5,67.4,65,56.6,77.9,70.3,72.5,81.8,82.5,82.4,89.3,98.3,58.6,78.3,75,87.1,67.6,95.4,82.2,85.5,106.9,80,73.4,79.5,88.6,87.3,85.6,97.7,85.4,92.2,100.6,78.9,79.6,99.5,76.7,93.4,94.7,92.9,93.1,100.8,89.3,85.7,142.7,115.2,128.9,86.1,90.2,79.3,94.6,75.5,76.3,81.4,96.4,87.9,94.3,68,71.8,120,56.7,49.5,63.4,55.2,84.4,72,80.4,70.9,99,82.1,76.8,,91,125.1,80.8,135.8
2012/10,82.9,69.1,71.1,51.8,65.4,68.7,65.6,49.6,78.3,69.3,72.1,81.2,82.7,82.4,89.3,98.3,58.6,78.3,74.4,87.1,68.4,95.4,83.1,85.5,109.4,80.3,73.4,82.5,88.6,87.1,86.1,97.7,85.9,90.4,96.5,80.2,80.7,98.5,76.7,93.4,94.6,92.9,93.1,101.4,89.6,86.6,142.7,115.2,128.9,86.1,90.2,79.5,96,74.8,76.3,81.7,96.3,87.9,94,67.7,71.8,120,55.7,50.6,64.3,48.2,84.6,72.2,80.5,70.9,99,82.3,77.2,,91.2,125.1,81,134.8
2012/11,82.7,69.2,71.5,52,66.4,69.4,65.1,47.6,78.6,70.8,70.9,81.7,82.5,82.4,89.3,98.3,58.6,78,73.8,87.7,67.9,95.4,81.6,82.2,110.2,78.5,73,80.7,88.6,86.7,85.4,97.7,85.2,89.3,94.7,80.2,81.3,101.4,75.1,92.5,93.3,90.6,93.1,100.6,89.3,86,140.7,115.2,128.9,86.1,90.2,78.8,99.9,74.9,76.3,79.4,96.4,87.9,94.5,67.9,71.8,120,55.7,51.4,64.6,46.1,84.3,72.3,80.2,71,99,82,76.5,,90.8,125.1,80.3,134.8
2012/12,82.7,69.3,71.7,51.2,65,70.4,68.5,53.4,77.2,68.8,70.9,80.1,82.4,82.4,89.2,98.2,58.6,78,73.6,88.1,67.8,95.4,80.7,81.5,110.1,76.4,71.7,79.5,88.6,87,86.2,97.7,86,89,93.4,81.3,80.9,102.2,75.1,92.2,93.3,89.1,93.1,100.8,89.6,86.3,140.7,115.2,128.9,86.1,90.2,78.8,98,76.2,76.3,79.2,96.4,87.9,93.9,69.3,71.8,119.9,58.3,50.1,69.3,52.3,84.2,71.9,80.3,70.9,98.9,81.8,76.8,,90.7,125.6,80.4,134.8
2013/01,83.1,70.3,70.6,52.4,63.4,70.1,74.6,63.1,75.9,68.7,70.8,80.2,82.1,82.4,89.3,98.4,58.3,80.1,73.4,87.8,74.2,95.4,81.6,82.9,109,75.4,72.2,81.8,88.6,84,81.5,97.7,81.4,87.2,90.3,81.3,78.6,98.9,76.7,92.2,93.1,89.4,93.1,101.1,89.6,86.7,140.6,115.2,128.9,86.1,90.2,77.9,89.1,76.2,76.3,79.2,96.2,87.9,93.6,67.8,71.8,119.9,65.1,52.3,79.2,62.5,84.2,71.5,80.7,70.7,99,81.8,79,,90.4,125.7,79.4,134.8
2013/02,83,70,71.6,52.9,62.6,68.2,72.9,55.9,76.9,69.6,71.7,79.7,82.5,82.4,89.3,98.4,58.1,81.3,73.3,87.6,77.8,95.4,79.8,80.4,107.6,75,72.2,77.7,88.6,84,82.9,97.7,82.7,85.2,87,81.2,78.4,98.4,76.7,92.1,92.7,89.6,93.1,101.8,89.3,87.8,140.7,115.2,128.9,86.1,90.2,76.9,83.5,75.1,76.3,79,96.2,87.9,93.2,68.3,71.8,119.9,62.5,52.3,76.9,54.8,84.3,71.8,80.7,70.7,99.2,81.9,80.7,,90.2,125.7,78.5,134.7
2013/03,83,69.4,69.8,52.3,65.6,68.8,67,56.4,75.8,69.5,71.4,80,82.4,82.4,89.3,98.5,58.2,80.5,73.4,87.6,75.3,95.4,79.5,79.5,106.5,73.8,71.7,78.2,88.6,85.5,84.8,97.7,84.6,85,86.9,80.7,82.5,100.7,76.7,92.2,92.9,89.9,93.1,102.1,89.8,88.1,140.7,115.2,128.9,86.1,90.2,78,92.7,75.5,76.3,79.1,96.9,87.9,95.4,70.6,71.8,119.9,59.1,51.9,67.3,55.3,84.4,71.8,80.6,70.8,99.2,82.1,80.3,,90.5,125.7,79.6,134.8
2013/04,83.1,69.6,70.3,52.5,65.5,68.6,67.3,57.6,76.3,69.2,71.8,80.2,82.3,82.4,89.3,98.4,58.1,79.6,74,88,72,95.4,79.9,81.3,106.3,73.6,71.7,78.4,88.2,88.4,86.9,97.7,86.8,92.1,99,80.9,82.7,100.7,76.7,91.6,91.4,89.6,93.2,102.1,89.7,88.3,140.3,115.4,128.9,87.6,90.4,78.6,97.3,74.8,76.3,79.7,96.5,87.9,93.6,70.7,71.8,119.9,59.8,52.8,67.2,56.7,84.5,71.8,80.7,70.7,99.4,82.2,78.8,,90.8,125.9,80.2,134.8
2013/05,83,69.3,71.5,51.2,64.1,67.4,65.6,61,76.4,68.6,72.5,80.2,82.5,82.6,89.2,98.4,58,79.7,75.3,88.5,71,95.4,79.6,80.8,102.2,75.4,71.9,77.6,88.2,88.2,86.4,97.7,86.2,92.7,99.2,82,82.1,100.4,76.7,92.1,93.2,89,93.2,101.5,89.7,87,141.9,115.4,128.9,87.6,90.4,79.5,99.5,74.6,76.3,81.1,96.6,87.9,93.3,71.8,71.8,119.9,58.3,49.4,64.7,60.1,84.5,71.9,80.7,70.5,99,82.2,78.1,,91,125.9,81,134.8
2013/06,83.1,68.9,71.1,51.1,64.5,67.6,63.7,60.4,74.2,68.4,72.9,78.6,82.8,82.6,89.3,98.2,59,80.1,76.2,89,71,95.4,79,80,100.1,75.4,71.9,76.5,88.2,88,86.2,97.7,86,92.6,98.1,83.2,82.1,98.6,77.5,92.1,94,87.4,93.2,102.1,89.3,87.9,141.9,115.4,128.9,87.6,90.4,79.9,99.2,75,76.4,81.7,96.6,87.9,93.1,72.2,71.8,119.9,56.9,48.2,62.4,59.6,84.6,71.7,80.7,71.2,98.8,82.4,79,,91.1,125.9,81.4,134.8
2013/07,83.2,69.3,71,52.5,64.8,66.9,68.9,53.4,74.5,68.2,72.7,78.8,81.7,82.6,89.3,98.2,59.3,80.9,76.7,89.3,72.5,95.4,79.1,80,98.4,76.3,70.7,78.3,88.2,85.6,82.8,97.7,82.6,90.7,94.9,83.2,79.2,98.6,77.7,91.8,94,85.8,93.2,102.6,89.9,88.5,141.9,115.4,128.9,87.6,90.4,79.6,93,75.7,76.3,82.3,96.5,87.9,92.2,73.4,71.8,119.9,59,50.7,70.8,52.3,84.6,71.6,80.9,71.3,98.9,82.4,80.1,,90.9,125.9,81.2,134.8
2013/08,83.3,69.2,71.4,54.1,64.4,67.8,67.6,55.2,74.5,67.3,71.2,78.2,82,82.6,89.3,98.2,59.3,81.5,77,89.5,73.8,95.4,78.5,78.9,98.6,74.7,69.9,78.2,88.2,84,82.5,97.7,82.3,83.7,83.8,82,82.3,96.7,77.7,92.1,94.3,86.8,93.2,103.5,90.4,89.7,141.9,115.4,128.9,87.6,90.4,79.9,93.7,76,76.4,82.6,96.7,87.9,93.2,73.2,71.8,119.9,60.3,54.1,69,54.4,84.7,71.3,81,71.3,98.9,82.4,81.3,,90.9,125.9,81.5,134.8
2013/09,84.1,70.6,72.2,56.9,65.8,69.4,73.3,57.1,74.9,67.5,71,78.7,81.6,82.6,89.4,98.2,59.3,84.7,84,89.6,75.9,95.4,78.4,78.1,98.1,75.2,70.1,78.3,88.2,87.5,83.3,97.7,83.1,95.9,105.2,81.4,82.3,96.3,78.1,92,93.4,87.7,93.2,103.6,89.4,90.2,141.4,115.4,128.9,87.6,90.4,79,93.3,75.8,76.4,80.8,96.5,87.9,92.9,72.4,71.8,119.9,65.4,58.7,76.5,56.2,85.3,71.8,81.9,71.4,99,83.1,84.6,,90.8,125.9,80.5,134.8
2013/10,84.1,70.1,69.7,55.4,66.9,70.6,73.5,51.1,75.2,67.8,70.4,77.9,82,83.4,89.4,98.2,59.5,84.5,83.9,89.6,75.5,95.4,79.6,81.5,99.2,75.8,70.1,79.2,88.2,88.7,84.1,97.7,83.9,98.9,110.3,81.4,82.6,97.1,78.1,91.8,92.7,88,93.2,103.1,89.6,89.2,142,115.4,128.9,87.6,90.4,79.3,90.5,75.7,76.4,82.1,98.6,87.9,91.5,71.8,71.8,127.3,62.4,55.3,76.5,49.9,85.4,71.9,81.9,71.6,99,83.3,84.2,,91.2,125.9,80.8,134.8
2013/11,84.1,69.9,69.3,53.5,66.4,71.2,71.6,54.6,75.7,68.5,70.4,77.3,81.4,84,89.6,98.2,60.2,84.9,83.4,89.4,77,95.4,79.4,81.1,98.4,76.4,70.1,78.9,88.2,89,85,97.7,84.9,98.9,111.2,79.9,83.1,95,78.1,91.4,91.9,87.8,93.2,103,89.3,89.1,142,115.4,128.9,87.6,90.4,79.6,92.7,77.9,76.3,81.1,99,87.9,92.8,72.2,71.8,127.3,60.9,52,73.7,53.6,85.5,71.9,82,72.1,99,83.4,84.4,,91.3,125.9,81,134.8
2013/12,84.4,70.6,68.7,53.2,67.1,74.4,75.5,60.5,74.5,68.8,70.3,77.8,81,84,89.6,98.2,60.4,85.1,83.1,89.2,78,95.4,79.6,82.4,97,75,70.3,78.5,88.2,90,87.2,97.7,87,97.8,109.4,79.8,84.6,96.3,78.1,91.4,91.7,88.2,93.2,103,89.6,89.1,141.9,115.4,128.9,87.6,90.4,79.6,94,77.6,76.4,81.1,98.8,87.9,91.7,72.4,71.8,127.3,64.3,51.1,80.1,59.9,85.7,72.1,82.3,72.1,99,83.6,84.6,,91.4,125.8,81.2,134.8
2014/01,84.6,71.3,69.7,53.1,69.3,72,77.9,63.3,75.1,68.7,71.5,77.8,81.1,84,89.6,98.2,60.4,85.4,82.8,86.9,80.4,95.4,79.2,80.2,97,75.7,70.8,78.7,88.2,88.9,87.3,97.7,87.2,95.7,105.5,80.3,79.8,97,78.1,91.3,92.4,86.3,93.2,103.2,89.7,89.4,141.9,115.4,128.9,87.6,90.4,79.1,91.1,77.8,76.5,80.6,99.1,87.9,93,72.4,71.8,127.3,66.3,50.8,84.3,62.7,85.7,72.4,82.5,72.1,98.9,83.6,85.1,,91.2,125.8,80.7,134.8
2014/02,84.8,71.6,70.7,54.6,69.3,72.9,76.9,63.2,75.5,69,72.4,76.9,81.1,84,89.6,98.2,60.3,85.8,82.9,88.7,80.6,95.4,79.5,81.6,95.4,75.7,70.5,79.1,88.2,88.1,85.5,97.7,85.4,92.6,100.3,80.3,83.7,99.4,78.1,91.6,91.9,88.4,93.2,103.1,89.5,89.3,141.9,115.4,128.9,87.6,90.4,79.9,93.4,79.5,76.5,80.7,98.8,87.9,91.7,72.4,71.8,127.3,66.1,51.8,82.4,62.6,85.9,72.9,82.7,72.1,98.9,83.9,85.4,,91.3,125.8,81.4,134.8
2014/03,84.7,71.5,71.3,57.1,68.7,72.9,74.4,63.8,75.9,66.7,71.5,77.2,81.6,84,89.4,98,60.4,85.5,83.5,89,79.1,95.4,79.8,82.1,95.3,78,70.7,78.8,88.2,88.7,88.4,97.7,88.3,91,96.5,81.7,83.7,96.2,78.1,91.2,91.3,87.8,93.2,103.2,90,89.3,141.9,115.4,128.9,87.6,90.4,79.6,90,79.3,76.5,81.1,98.7,87.9,90.6,73.7,71.8,127.3,66.5,56.2,77.9,63.2,85.8,72.7,82.6,72.1,98.8,83.7,85.2,,91.2,125.6,81.2,134.8
2014/04,86.6,73.5,73.1,59.8,67.9,75.1,76.6,62.3,77.9,69.7,74.3,79,82.7,87.4,89.8,98,61.9,87,84.5,89.5,82.2,95.4,81.2,80.9,98.4,76.3,72.7,82.4,90.3,91.4,88.8,99,88.7,97.7,106.3,84,86,98.2,81.5,93.1,93.3,91.1,94.3,105.7,93.6,91.3,145.2,118.9,131.9,89.6,94.7,82.9,95.1,82.8,78.6,84.5,101.2,90.6,95.9,76.2,74.8,127.4,68.5,59.9,80.3,61.6,87.7,74.7,84.8,73,98.5,85.9,87.1,,93,128.7,84.5,137.8
2014/05,86.9,73.9,73,59.7,71,73.9,75.7,68.2,78,68.5,75.1,79.2,83,87.4,89.8,98,61.8,88.4,88.6,92.4,79.3,98.2,80.7,79.2,99,75.6,72.7,82.3,90.3,90.7,89.4,99,89.2,97.7,106.3,84,81.9,93.9,81.5,93.3,93.8,91,94.3,106.5,93.6,92.1,146.3,119.2,132.4,89.6,94.7,82.9,91,82.4,78.6,85.4,101.2,90.6,96.2,76,74.8,127.4,69.6,59.9,79.1,67.5,87.9,74.9,85.1,73,98.5,86.2,88.5,,93,129,84.4,138.7
2014/06,87,73.9,73.8,61.1,69.1,74.4,73.6,68.3,78.7,68.4,75.7,78.3,83.1,87.4,90.3,98.6,62,88.3,88.7,91.8,79.3,98.2,79.9,78.7,98.4,70.8,72,81.5,90.3,90.5,88.2,99,88,99.3,108.9,84.3,81.5,93.6,81.5,93.3,95,88.7,94.3,106.1,93.2,92.1,144.8,119.2,132.4,89.6,94.7,83.8,101.5,81.5,78.6,85.5,101.1,90.6,95.9,76,74.8,127.4,69.5,61.9,76.3,67.8,88,74.9,85.2,73.2,98.8,86.2,88.5,,93.2,129,85.3,137.5
2014/07,87.1,73.8,72.8,63.3,72.7,72.6,73.6,57.7,78.3,69.7,75.4,77.8,83.2,86.9,90.3,98.6,62.3,88.3,88.6,91.7,79.3,98.2,79.4,77,94.4,72.7,72.4,81.4,90.3,89.9,87,99,86.8,97.3,106.2,83.1,81.4,98.9,81.5,93.1,94.2,89.6,94.3,106.6,94.3,92.9,144.1,119.2,132.4,89.6,94.7,85.5,112.9,82.1,78.6,86.3,100.7,90.6,94.4,74.8,74.8,127.4,68.6,65.6,77.1,56.7,88.2,75,85.3,73.4,98.8,86.5,88.6,,93.5,129,87,137
2014/08,87,73.9,72.5,64.9,72.7,72.8,72.1,60,78,69.6,75.4,77.8,82.5,86.9,90.2,98.6,61.8,88.7,88.3,91.6,80.9,98.2,78.5,76.3,93.7,71.8,72.5,79,90.3,88.4,86,99,85.8,95.9,103.8,83.1,76.7,99.2,81.5,93,93.8,89.7,94.3,106.2,94.8,92.5,143.5,119.2,132.4,89.6,94.7,84.9,105,82.4,78.7,86.6,100.6,90.6,93.6,76,74.8,127.4,70,69.6,74.3,59.2,88,74.8,85.2,73.1,98.8,86.2,88.7,,93.2,129,86.5,136.4
2014/09,87.2,74.9,70.4,65,72.5,74.1,81.3,62.6,77.9,69.9,75.2,77.5,82.9,86.9,90.3,98.6,62.4,88,87.9,91.5,79.3,98.2,78.6,73.3,94.4,72.8,72.5,82.2,90.3,89.8,87.2,99,87,98.2,107.9,82.8,77.1,98.7,83.8,92.8,92.6,90.7,94.3,105.2,93.8,91.6,142.1,119.2,132.4,89.6,94.7,84.5,105.3,83.3,78.6,85.2,101,90.6,95.4,75.8,74.8,127.6,75.2,68.8,88.4,61.9,87.9,74.8,85.4,73.5,98.8,86,87.5,,93.2,129,85.9,136.4
2014/10,87.1,73.8,71.5,59.7,73.8,75.2,78,55,77.1,71,75.6,77.9,83.1,86.9,90.4,98.6,62.8,87.7,87.5,91.3,78.8,98.2,80.9,79.8,95.4,76.6,73.3,82.7,90.3,92.3,91.3,99,91.2,99.8,108.4,86,77.1,103.3,83.8,93,93.6,90.2,94.3,105.8,94,92,143.5,119.2,132.4,89.6,94.7,84.6,106.3,81.8,78.7,86,101.2,90.6,96,76,74.8,127.6,67.6,59.9,83,53.9,88.2,75.2,85.2,73.7,98.8,86.4,86.8,,93.8,129,86.1,136.4
2014/11,86.5,73.3,72,58.8,73,75.3,73.3,60.2,76.5,70.8,75.3,77.9,83.1,86.9,90.4,98.5,62.9,87.1,87.3,91.2,77.6,98.2,79.4,80.1,94.8,73.1,73.3,77.4,90.3,91.7,88.5,99,88.3,99.4,107.8,86,81.7,103.4,83.8,93.4,93.3,92.4,94.5,105.4,93.8,91.4,143.4,119.2,132.4,89.6,94.7,82.7,103.1,83,78.9,82.1,100.8,90.6,94.2,76.1,74.8,127.6,64.9,56.6,75.5,59.3,87.8,75.2,84.6,73.8,98.8,86,85.9,,93.3,129,84.2,136.4
2014/12,86.5,74.1,70.5,61.3,75,75.5,74.6,63.5,77.5,70.8,75.9,78.1,82.8,86.9,90.3,98.5,62.8,86.7,87.2,91.2,76.3,98.2,79.2,75.8,97.3,79.2,72.9,79.4,90.3,90.1,85.9,99,85.7,98.4,106,86.2,84.8,95.9,83.8,92.9,92.6,91,94.5,104.1,94.1,89.5,143.4,119.2,132.4,89.6,94.7,82.4,98.7,83.3,78.7,82.3,100.7,90.6,93.9,76,74.8,127.6,68.9,61.9,78.1,62.8,87.5,75.3,84.6,73.8,98.8,85.6,84.3,,93.1,129,83.9,136.4
2015/01,86.8,76.2,72.2,65,75,74.3,83.2,70.4,77.6,71.3,76.4,78.1,82.7,87.3,90.4,98.1,63.8,84.2,87.4,90.5,70.3,98.2,81.4,81.2,97.7,78.6,72.5,82.4,90,87.7,82.4,99,82.3,94.5,99.3,86,84.2,96.2,83.9,94.1,94.5,93.9,94.3,102.5,93.1,87.4,143.2,118.5,131.4,89.4,94.6,83.1,97.2,84.5,78.9,82.7,100.9,91.1,94.2,76.4,74.8,127.5,79.6,70.5,92.8,70.1,87.2,75.5,85,74.6,98.7,85.4,80.6,88,93.2,128.6,84.5,136.4
2015/02,86,75.4,70.6,64.9,74.4,74.5,80.5,68.2,77.4,70.4,75.4,78.3,82.3,87.3,90.3,98,64,82,87.9,90.4,62.6,98.2,80.2,77.5,96.8,81.3,73,81.8,90,85.6,80.7,99,80.5,91.5,94.5,86.1,83,92.2,83.9,94.1,93.8,95.9,94.3,101,92.9,85,143.3,118.5,131.4,89.4,94.6,83.1,95.6,84,78.9,83,100.3,91.1,91.5,76.4,74.8,127.5,77.1,69.2,89,67.8,86.5,75,84.1,74.7,98.7,84.5,77.3,87.7,93,128.6,84.5,136.4
2015/03,86.5,74.9,71,65.9,73.1,74.2,77.3,65.7,78.1,71,75,77.9,82.3,87.3,90.9,98.7,64.2,83.8,88.4,90.4,67.6,98.2,81,79.9,97.2,80,73.7,81.4,90,88.2,85.2,99,85.1,93,96.8,86.3,84.2,95.2,83.9,93.8,93,95.4,94.3,102.6,94.7,87.5,142.8,118.5,131.4,89.4,94.6,83.6,98.2,84.7,79,83.3,100.9,91.1,93.9,77.1,74.8,127.5,74.2,69.3,83.2,65.1,87.2,75.1,84.6,74.9,99.1,85.3,80.2,88.1,93.5,128.6,85.2,136.4
2015/04,86.6,75.3,71.8,62.8,73.3,77.6,80.4,66.8,77.7,69.7,77.2,78,82,87.4,91,98.7,65.1,82.3,88.2,90.4,63.2,98.2,81,81.4,98.2,81.7,74.2,78.8,89.8,90,85.6,99,85.4,99.1,106.6,85.7,84.3,93.9,83.9,94.8,94.9,95.8,94.9,102,93.3,86.4,144,120.5,133.9,90.3,95.5,83.5,96.8,83.2,79,84,101.9,91.1,98.6,77.3,74.8,127.2,74.5,63.5,88.7,66.1,87.3,75.5,84.7,75.4,98.9,85.4,78.3,88.5,93.8,130.2,84.9,136.5
2015/05,86.7,75.5,71.8,63.5,71.8,77.7,80.1,73.6,78.2,70.7,76.2,78.3,81.7,87.4,91,98.6,65.1,82.2,89.3,90.4,61.3,98.2,80.9,81.4,95.4,82.7,74.2,78.6,89.8,88.8,83.2,99,83,98.9,106.2,85.7,84.3,91.2,83.9,95.1,95.7,95.6,94.9,102.8,93.7,87.5,144,120.5,133.9,90.3,95.5,83.7,90.7,84,78.9,84.5,101.8,91.1,98.8,76.1,74.8,127.2,75.9,63.6,87.9,73.3,87.3,75.5,84.8,75.4,98.9,85.4,78.8,88.4,93.8,130.2,85.2,136.5
2015/06,86.6,75.1,71.4,60.9,72.9,78.2,76.4,74,78.3,71.9,76.2,78.6,81.8,87.6,91,98.8,64.7,81.3,87.5,90.2,60.8,98.2,80.5,80.2,94.8,84.3,74.1,78.3,89.8,87.4,82.8,99,82.6,94.6,99.9,85.3,83,93.6,83.9,95.1,95.8,95.3,94.9,104,93.2,89.6,144,120.5,133.9,90.3,95.5,84.4,102,83.7,78.9,85,101.9,91.1,99.2,76.2,74.8,127.2,72.7,61.2,81.7,73.8,87.4,75.6,84.7,75.2,99,85.5,79.1,88.5,93.8,130.2,85.7,136.5
2015/07,86.6,75.1,73.3,62.5,72.9,79.5,76.8,64.6,78.1,72.3,75.9,78,82.1,87.6,91,98.7,64.8,80.6,85.8,90.1,60.8,98.2,81.1,79.4,95.2,84.3,75.4,80.7,89.8,86,82.8,99,82.6,89.3,91.6,85.3,84,93.4,83.9,94.9,95,95.8,94.9,105,95.3,90.5,145.1,120.5,133.9,90.3,95.5,84.8,106.8,83.4,79,85.6,101.9,91.1,98.5,77,74.8,127.2,71.3,62.6,82.9,63.8,87.5,75.9,84.7,75.2,98.9,85.6,78.6,88.7,94,130.2,86.4,136.5
2015/08,86.6,75.6,71.6,64.3,73.3,78.4,78.4,69.9,78.7,72.5,76.4,77.6,81.8,87.7,91,98.7,64.3,79.8,84.5,90,60.1,98.2,80,75.7,93.9,86.1,75.7,80.7,89.8,83.8,79.9,99,79.7,85.5,85.1,86.3,84,93.5,83.9,95,95.3,96.2,94.9,104.9,98.3,89.7,145,120.5,133.9,90.3,95.5,85.3,106.9,83.5,79.2,86.5,101.6,90.6,97.3,76.6,74.8,127.6,75.1,66.3,85.7,69.4,87.3,75.8,84.7,74.9,98.9,85.3,77.5,88.6,93.9,130.2,87.4,136.5
2015/09,86.7,76.3,73.8,66.6,72.3,78.8,80.1,68.6,78.9,73.7,76.9,77.3,81.8,87.7,91,98.7,65,78.6,83.2,89.8,58,98.2,80.4,77.7,92.8,86.4,75.7,79.7,89.8,89.3,86.1,99,85.9,96.1,102.1,85.5,83.6,95.3,83.9,94.9,95,96.2,94.9,102.9,93.9,87.2,144.9,120.5,133.9,90.3,95.5,85.3,115.4,84.8,79,85.2,101.7,90.6,98.3,75.9,74.8,127.6,77.7,71.6,88.1,68,87.2,76.1,84.7,75.3,98.9,85.2,75.2,88.8,94.1,130.7,86.5,136.5
2015/10,86.5,76,73.9,65.8,70.9,79.2,80.6,62.7,78.9,73.6,76.9,77.6,82.4,87.6,91.3,98.7,66.6,78,82.9,88.3,56.7,98.2,81.2,78,93.2,89.5,76,81.4,89.8,90.2,87.1,99,86.9,97.4,103.4,86.5,84.3,97.3,82.1,94.9,95,95.8,95,102.4,93.8,86.6,144.6,120.5,133.9,90.3,95.5,84.8,114.1,82.3,79.2,85.6,101.7,90.6,98,75.9,74.8,127.6,75.5,69,88.7,61.8,87.1,76.1,84.5,76.2,98.8,85.1,74.3,88.9,94.2,130.5,86.2,136.5
2015/11,86.2,75.2,73.6,63.6,72.1,77.1,73.6,66.5,79,74.3,77.8,77.9,81.8,87.7,91.2,98.6,66.6,77,83.2,88.3,53.3,98.2,83.3,85,92.3,88.5,76,80.8,89.8,91.8,88.8,99,88.6,96,101.2,86.6,88.7,102.5,83.9,95,94.9,95.6,95.4,102.5,93.2,86.6,145.2,120.5,133.9,90.3,95.5,84.4,114.5,84.1,79.2,83.8,101.5,90.6,97.3,75.8,74.8,127.6,70.5,65.5,77.2,65.8,87.1,76.2,84.3,76.2,98.8,85.2,73.4,89.1,94.4,130.5,85.6,136.5
2015/12,86.1,75.4,73.5,65,73.3,78.6,73.1,65.8,78.7,74.7,77.1,78,81.8,87.7,91.3,98.8,66.6,76,83.1,88.4,50,98.2,82.7,85,90.6,83.3,75.9,80.4,89.8,89,84.4,99,84.2,93.7,97.8,86.5,85.1,103.4,83.9,95.2,95.3,95.6,95.4,102,93.8,85.6,145.2,120.5,133.9,90.3,95.5,84.5,112.3,85,79.3,83.8,102,90.6,97.8,79.4,74.8,127.6,70.8,67.1,77,64.7,86.9,76.4,84,76.2,98.9,84.9,72.1,89.1,94.3,131.2,85.8,136.5
2016/01,85.8,76.4,73.2,65.6,74.1,77.1,76.5,73.4,77.3,74.3,78.4,78.4,81.5,88.5,91.3,98.7,66.4,74.6,82.8,88.4,45.7,98.2,81.8,82.1,94.1,82.4,75.3,80.9,89.8,87.8,81.7,99,81.5,90.7,93.1,86.5,88.6,103.6,83.9,94.9,95.1,94.5,95.4,99.3,93,81.3,145.2,120.5,133.9,90.3,95.5,84.1,107.6,85.9,79.3,83,102.1,90.6,97.3,81.3,74.8,127.6,75.5,68.8,82.4,72.7,86.4,76.5,83.7,76,98.7,84.2,68.5,88.9,94,131.6,85.3,136.5
2016/02,85.8,76.6,74.3,65.1,74.2,77,79.8,73.7,76.1,73.7,77.9,77.7,82.5,88.5,91.4,98.7,67.5,73.6,82.3,88.4,43.2,98.2,80.9,79.1,91.2,83.4,75.8,80.9,89.8,88.8,83.8,99,83.6,91.1,94.2,85.6,89.3,103.2,83.9,94.7,95.1,93.2,95.3,99.9,92.8,82.3,145.2,120.5,133.9,90.3,95.5,84.3,110.3,85.6,79.1,83.4,102.2,90.6,97.6,81.6,74.8,127.6,76.4,64.6,88.3,73,86.4,76.7,83.8,76.6,98.7,84.3,68.1,89,94.1,131.7,85.5,136.5
2016/03,85.9,76.7,75,65.5,74,77,78.4,77.1,76.5,73.2,77.5,78.6,82.6,88.5,91.5,98.9,67.1,73.3,81.7,88.3,43.1,98.2,81.5,78.9,92,83.1,77.9,82.4,89.8,89.2,83.1,99,82.9,91.7,94.7,86.6,91.1,104,83.9,94.7,94.7,94,95.3,99.4,94.6,81.3,144.8,120.5,133.9,90.3,95.5,85,111.8,87.7,79.2,83.5,102,90.6,97.8,80.1,74.8,127.6,77.1,66.8,85.8,76.6,86.4,76.6,83.8,76.4,98.8,84.2,67.3,89.2,94.3,131.6,86.4,136.5
2016/04,86.1,76.7,74,65,73.4,78.3,79.3,71.4,76.8,73.5,78.6,78.8,82.3,89.7,91.5,98.9,67.1,73.6,80.8,88.3,45.2,98.2,81.9,80.6,95,83.3,77,81.4,89.6,91.5,83.7,99,83.5,99.1,106.1,86.4,91.7,102,83.9,95.4,94.4,96.2,96.2,99.9,93.3,82.5,144.4,122.4,136.8,90.3,96,84.8,110.6,86.7,79.3,83.7,102.9,90.6,98.1,79.7,76.1,129.4,75.5,65,87.1,70.6,86.7,77,84.1,76.5,98.8,84.7,68.2,89.4,94.6,135,86,135.9
2016/05,86,76.7,74,66.5,72.1,78.9,78.7,77.8,76.3,73.8,76.3,78.3,82.4,89.7,91.4,98.8,67.1,73.7,81.9,87.3,44.5,98.2,80.5,77.7,93.3,82.2,77.4,80.2,89.6,90.1,81.8,99,81.6,97.8,104.8,85.3,89.5,103.2,83.9,95.3,94.8,94.9,96.2,99,93.4,81.4,143.7,122.4,136.8,90.3,96,85.9,109.2,87.1,79.2,85.7,102.8,90.6,97.8,79.9,76.1,129.4,77.4,67,86,77.3,86.5,76.6,84,76.5,98.8,84.4,67.8,89.2,94.5,135,87,135.2
2016/06,86.1,76.6,74,65.4,74.1,76.5,77.1,75.6,78.1,73.6,76.6,79.6,83.6,89.7,91.4,98.8,67.1,73.8,80.7,87.2,46.4,98.2,80.8,78.6,89,81.8,77.9,80.9,89.6,90.1,81.1,99,80.9,98.9,106.5,85.3,89.4,103.4,83.9,95.6,95.6,94.9,96.2,100.3,93,83.7,143.7,122.4,136.8,90.3,96,85.1,103,84.1,79.1,86.2,102.8,90.6,97.3,80.8,76.1,129.4,75,64.7,83.4,75,86.7,77,84.1,76.4,98.8,84.7,69.1,89.3,94.4,134.9,86.3,135.2
2016/07,85.9,76.1,73.6,65,74.5,77.3,76.1,67.7,77.1,74,76.8,79.3,83.5,89.6,91.4,98.8,67,73.6,80,87.1,46.7,98.2,80.5,76.3,91.2,86.2,78.3,80.7,89.6,89.4,81.3,99,81.1,95.8,101.3,86.2,89.4,103.9,83.9,95.8,95.9,95.2,96.2,100.2,95.2,83.2,143.4,122.4,136.8,90.3,96,85.6,103.2,85.4,79.3,86.4,102.6,90.6,96.6,80.8,76.1,129.4,72.2,64.8,81.8,66.2,86.7,77,83.8,76.3,98.6,84.6,68.5,89.3,94.4,134.9,87.1,135.2
2016/08,85.9,76.8,73.8,68.6,75,76.8,75.5,70.8,77.4,74.1,77.6,79.4,83,89.7,91.4,98.8,67,73,79.2,87.1,46.2,98.2,78.9,73.4,89.1,86.2,77.3,79.7,89.6,87.5,80.7,99,80.5,89.5,91.4,86.2,90,104.5,83.9,95.5,94.9,95.5,96.2,99.9,97.2,82.2,143.5,122.4,136.8,90.3,96,86,101,86.5,79.4,86.7,102.9,90.6,97.9,80.9,76.1,129.4,74.5,71,79.9,69.4,86.6,77.3,83.9,76.3,98.6,84.5,67.6,89.3,94.3,134.9,87.8,135.2
2016/09,86,77.1,74,70.3,74.9,76.3,78.4,63.1,79,74.5,77.5,79.8,83.2,89.6,91.4,98.7,67,72.8,78.7,87,46.2,98.2,79.4,75.7,89.6,84.3,78.1,78.3,89.6,90.2,82.2,99,82,97.3,104.4,84.6,88.8,105.8,83.9,95.5,94.8,96.4,96.2,99,93.4,82.4,141.4,122.4,136.8,90.3,96,85.8,98.1,86.7,79.3,86.6,102.6,90.6,96.5,80.9,76.1,129.4,75.9,74.1,85.4,61.3,86.6,77.4,83.9,76.3,98.5,84.5,67.6,89.3,94.2,134.9,87,135.3
2016/10,86.1,77.5,74.2,65.8,75,78.2,83.3,65.2,79,75,77.9,80,84,89.6,91.2,98.5,67,72.3,78.6,87,44.4,98.2,80,75.8,92,85.3,78.2,79.8,89.6,90.4,83.2,99,83,96.9,104.2,83.9,88.8,106.3,83.9,95.8,95.1,96.8,96.3,99.9,93.2,84.1,141.3,122.4,136.8,90.3,96,86.2,106.7,86.2,79.3,86.8,102.4,90.6,95.4,80.9,76.1,129.4,75.8,63.9,93.4,63.4,86.7,77.9,84.2,76.1,98.1,84.7,67.9,89.5,94.3,134.9,87.3,135.1
2016/11,86.4,78.2,74.5,70.7,74.9,77.4,84.1,65.6,78.2,75.4,78,79.6,84.7,89.6,91.1,98.4,67.1,72.6,78.7,87,45.4,98.2,82.3,80.8,95.9,85.9,79.4,80.3,89.6,90.4,85.2,99,85,95,101.1,84.1,87.9,106.4,83.9,95,93.4,95.1,96.3,99.8,92.4,84.1,141.2,122.4,136.8,90.3,96,85.6,111.8,87.6,79.3,84.8,102.2,90.6,94.5,80.9,76.1,129.4,80,73.8,94.5,63.9,86.8,77.8,84.5,76.2,98,84.8,68.2,89.5,94.3,134.9,86.7,135.1
2016/12,86.6,77.1,75,68.2,72.6,78.3,78.2,66.2,77.8,75.2,78.2,79.3,84.9,89.6,91.1,98.4,66.9,76.4,78.9,87,57.7,98.2,83.1,83.6,91.8,90.8,79,79.1,89.6,90,85.3,99,85.2,93.8,98.7,85,86.2,108.5,83.9,95.1,93.9,94.7,96.3,100.9,92.2,85.9,141.3,122.4,136.8,90.3,96,85.4,111,86.5,79.3,84.8,102.5,91,95.2,81.8,76.1,129.4,74.2,67.9,85,64.5,87.4,77.7,84.8,76.1,98,85.5,72.7,89.4,94.3,135,86.5,135.1
2017/01,86.9,77.7,74.9,71.2,75,77.6,77.2,68,78.1,75.7,78.6,79.2,84.9,89.6,91.1,98.4,66.6,77.1,79.2,87,59.4,98.2,83,82.6,91.8,90.7,77.4,81.5,89.6,88.4,82.6,99,82.4,94.8,100.2,85.3,82.3,107.3,83.9,94.7,93.1,94.2,96.3,100.9,91.6,86.6,140,122.4,136.8,90.3,96,85.4,108.6,88.1,79.5,84.2,102.8,91,96.6,82,76.1,129.4,75.6,72.9,82.6,66.3,87.5,78.2,85,75.9,98.2,85.7,73.4,89.5,94.2,135,86.4,134.5
2017/02,86.6,77.7,74,72.6,76.4,76.9,76.6,68.9,76.5,75,78.3,78.9,84.6,89.6,91,98.4,66.2,76.9,79.8,87.1,57.9,98.2,82.2,81.7,90.6,88.7,78.1,79.8,89.6,86.7,82.4,99,82.2,90.1,94.2,83,80.9,107.3,83.9,94.6,92.9,94,96.3,100.3,91.7,86.6,137.8,122.4,136.8,90.9,96,85.2,102.9,88,79.5,84.3,102.4,91,94.5,82,76.1,129.4,76.5,75.2,82.1,67.3,87.2,78,84.8,75.7,98.2,85.3,73.4,89.2,93.8,135,86.2,133.8
2017/03,86.7,78,74.7,73.7,77.7,77.3,74.3,70.5,78.4,75.1,79,79.3,84.2,89.7,91,98.4,66.5,77.1,80.7,87.1,57.2,98.2,80.9,78.1,89.9,85.4,78.1,80.6,89.6,87.1,84.2,99,84,86.3,88.5,82.6,86.3,103.9,84.3,94.9,93.3,95.2,96.3,99.9,92.9,87.1,134.7,122.4,136.8,90.9,96,85.4,101.5,88.7,79.4,84.6,102.4,90.5,95.2,82,76.1,129.4,74.9,74.2,78.2,69,87.4,78.7,84.8,75.9,98.2,85.5,73.8,89.3,93.7,135,86.7,133.7
2017/04,86.9,77.6,74.5,71.1,76.8,78.1,75.6,67.9,77,73.9,78.9,80.7,85.6,89.7,90.9,98.3,66.5,77.4,81.8,87.1,56.8,98.2,82.1,83.2,84.3,85.2,78.1,79.6,89.6,90,84.8,99,84.7,96,101.8,85.7,85.8,103.9,84.3,94.9,94.4,92.1,96.3,100.5,91.5,86.7,138.3,122.7,136.6,91,97,85.8,104.7,87.5,79.4,85.6,102.9,90.5,96.3,81.7,76.6,130,73.9,71.2,80,66.2,87.6,78.5,85,75.9,98.1,85.8,74.1,89.5,94.1,135.2,86.8,133.8
2017/05,87,77.7,74,69.8,76.5,77.2,75.9,73.1,77.6,74.5,78.5,81.1,84.9,89.7,91,98.3,67,78.4,83.8,87.2,57.2,98.2,81.6,80,92.5,85.8,78.2,80,89.6,89.6,84.5,99,84.3,97.1,102.9,86.8,85.8,97,84.3,95.1,94.7,93.1,96.3,100.7,91.7,86.8,138.7,123,137.2,91,97,86.2,105.4,87.1,79.5,86.5,102.3,90.5,93.5,81.5,76.6,130,74.2,69.3,79.4,71.6,87.7,78.4,85.2,76.1,98.1,85.9,75,89.5,94.1,135.5,87.2,133.8
2017/06,86.9,77.8,74.3,71.2,76.9,76.5,73,69.9,79.2,75.1,78.8,79.3,91.4,89.7,91,98.3,67,77.8,84.2,87.2,54.8,98.2,80.3,78.4,91.4,81,77.2,79.5,89.6,90.1,84.8,99,84.6,98.1,103.7,88.2,85.4,99.5,84.3,95.3,95.1,93.6,96.3,100.2,91.4,85.6,139.5,123,137.2,91,97,86.8,103.9,85,84.7,86.8,102.2,90.5,93.2,82,76.6,130,72.7,72,75.1,68.1,87.8,78.9,85.1,76.1,98,86,73.9,89.7,94.4,135.5,87.7,133.8
2017/07,86.7,77.3,75.2,68.7,78.4,76.4,71.8,66.4,79.7,73.9,78.8,80.7,90.8,89.5,90.8,98.1,67,77.8,84.2,87.2,54.8,98.2,79.9,78.5,85.5,84.8,76.5,78.1,89.6,88.9,84.2,99,84,94.9,98.6,88.3,86.4,96.2,84.3,95.2,95.1,92.7,96.3,100.3,94,85.3,139.5,123,137.2,91,97,87.1,101,85.7,84.7,87.1,102.5,90.8,94,81.8,76.6,130,68.4,65.2,73,64.4,87.8,79.2,84.9,76,97.9,86.1,73.7,89.8,94.3,135.5,88.4,133.8
2017/08,86.8,77.1,75.1,69.4,79.7,76.1,68.5,67,80.5,73.9,78.6,80.2,90.6,89.5,90.8,98.1,67,78,84.4,87.2,55.4,98.2,79.6,77,86.6,84.9,76.5,78.7,89.6,86.4,82.2,99,82,89.4,90.1,88.2,86.1,94.9,84.3,96.6,94.4,93.4,99.4,100.3,95.2,86,137.2,123,137.2,91,97,88,101.9,87.3,84.6,88.2,103.1,90.8,96.8,81.4,76.6,130.1,67.6,67.5,68.3,65.1,87.9,79.2,85,76,97.9,86.2,74.3,89.8,94.4,135.5,89.5,131.9
2017/09,86.7,77,74.6,70.2,78.4,76.1,71.2,58.3,80.4,73.8,79.1,80.3,90.3,89.5,90.8,98.1,67,77.9,84.6,87.2,54.6,98.2,80.4,77.4,94.1,85.1,77.2,79.5,89.6,89,83.3,99,83.1,98,103.4,88.4,86.1,91.7,84.3,97,95.5,93.4,99.4,99.6,92.4,85.8,136.8,123,137.2,91,97,87.4,98.5,87.4,84.6,87.3,103.3,90.8,97.2,82.2,76.6,130.1,67.9,70.2,72.2,55.9,87.8,79,84.9,76,97.9,86.1,74,89.8,94.4,135.5,88.4,131.9
2017/10,86.9,76.7,76.3,69.5,77.9,75.3,67.2,61.6,81,74.8,78.4,80.3,90.4,89.5,90.8,98.1,67,78.4,84.6,87.2,56.4,98.2,81.9,81,89.9,85,77.3,81.1,89.6,89.2,84.7,99,84.5,96.4,102.1,86.1,86.1,92,85.5,96.8,95,92.6,99.4,100.7,92.5,87,137.9,123,137.2,91,97,87.1,97.9,87.1,84.6,86.9,103.4,90.8,97.2,82.3,76.9,130.2,64.7,66.2,65.7,59.3,88.2,79.3,85.1,76,97.8,86.5,75.2,90,94.5,135.5,88.1,131.8
2017/11,87.3,77.5,77,69.6,78.2,78.1,73.7,59,81,74.4,78,79.9,90.4,89.5,90.8,98.1,67,79.8,84.3,87.2,61.4,98.2,82.2,81.6,83.7,86,77.3,82.9,89.6,90.3,85.8,99,85.6,97.1,102.7,87.2,87.7,94.9,85.5,96.6,94.6,92.4,99.4,101.4,92.1,88.2,137.9,123,137.2,91,97,86.5,103.9,86.9,84.8,85.3,103.2,90.8,96.4,82.1,76.9,130.2,68.2,66.4,75.8,56.7,88.5,79.5,85.6,76,97.8,86.8,77,90,94.5,135.5,87.5,131.9
2017/12,87.6,78.2,76.6,70,77.4,77.4,78.4,62.6,80.5,74.8,79.3,79.3,90.1,89.5,90.8,98.1,67,80.4,84.1,87.2,63.5,98.2,82.6,83.5,82.5,88,76.9,81.7,89.6,89.5,85.3,99,85.1,95.7,100.4,87.3,87.1,93.8,85.5,95.9,91.7,94.3,99.4,101.3,92.7,88,137.9,123,137.2,91,97,86.2,100.9,86.6,84.8,85.2,103.2,90.8,96.3,82.9,76.9,130.2,72.7,67.9,83.6,60.5,88.4,79.4,85.9,76,97.8,86.8,77.5,89.9,94.4,135.5,87.4,131.9
2018/01,88,80,76.2,74.7,76.9,78.1,85.5,67.9,81.2,74.2,80.4,79.4,90.3,89.5,90.9,98.1,67,80.2,84.2,87.2,62.7,98.2,81.9,81.7,82.5,87.8,77.4,80.8,89.6,88.3,83.8,97.7,83.6,95.6,97.9,91.6,85.2,91.2,85.5,95.8,91.5,94.1,99.4,101,91.7,87.9,137.7,123,137.2,91,97,86,100,87,84.9,84.6,103.2,90.8,96,83,76.9,130.2,80.8,74,95,66.1,88.4,79.8,86.4,76,97.9,86.7,77.3,89.9,94.2,135.5,87,131.6
2018/02,88.2,80.1,76.2,73.9,77.2,78.1,84.8,70.6,81.3,74.8,80.9,79.2,90.7,89.7,90.9,98.1,67.5,81.4,84.5,87.2,66.5,98.2,81.6,80.9,81.2,86.5,77.4,81.7,89.6,87.4,81,95.4,80.8,95.8,99,90.2,86.1,89.3,85.5,96.5,93.6,94.1,99.4,101.8,91.6,89.2,137.7,123,137.2,91,97,85.6,97.6,83.8,84.9,85.4,103.3,90.8,96.3,83,76.9,130.2,80.4,73.1,93.1,68.8,88.7,80,86.7,76.3,97.8,87.1,79.1,89.9,94.2,135.5,86.5,131.6
2018/03,87.9,79.2,77,74.1,77.3,77.9,79.3,67.3,80.8,73.7,80.5,79,90,89.7,90.9,98.1,67.5,81.6,84.9,87.2,66.2,98.2,81.2,78.5,86,85.6,78.2,82.1,89.6,88.2,84.8,95.4,84.6,91.7,92.6,90.3,86.1,94.8,86.9,96.6,93.5,95.2,99.4,101.9,93.1,89,137.7,123,137.2,91,97,85.4,95.4,84.1,84.9,85.1,103.3,90.8,96.4,83.4,76.9,130.2,76.1,73.4,84,65.4,88.6,79.8,86.3,76.3,97.8,87,79.1,89.9,94.2,135.5,86.7,131.7
2018/04,87.7,78.2,76.1,74,75.7,81,73.9,68.3,80.3,72,79.5,79,90,89.9,90.8,98,67.5,81.4,85.4,87.3,65.3,98.2,81.7,80.5,78.1,90.4,78.1,81.6,89.6,90.4,85.4,95.4,85.3,97.7,102.2,89.8,86.1,98,86.9,97.1,93.8,95.4,100.1,101.9,92,89.5,137.1,123.3,137.2,91,97.9,85.2,94.9,83.1,84.9,85.3,103.4,90.8,96.2,84,77.5,130.3,72.1,72.4,74.3,66.5,88.6,79.5,86.1,76.2,97.6,87,78.9,89.9,94.3,135.7,86.3,131.6
2018/05,87.8,78.1,76.9,74.4,74.7,80.4,72.2,70,80.1,72.3,79.3,79.2,90,90.2,90.8,97.9,67.5,81.9,86.7,86.3,65.3,98.2,80.9,77.9,78.2,92.6,78.1,81.1,89.6,90.2,84.8,95.4,84.7,97.4,101.3,90.5,87.6,95.7,86.9,96.9,93.8,94.4,100.1,102.4,91.8,90.3,137.1,123.3,137.1,91,97.9,85.9,91.5,83,84.9,86.8,103.8,90.8,97.9,83.9,77.5,130.3,70.3,71.4,69.7,68.2,88.8,79.8,86.2,76.2,97.6,87.3,79.7,90,94.4,135.7,86.9,131.7
2018/06,87.7,77.4,77,71.2,74.5,80.3,70.8,67.1,80.2,72.1,79.9,79.4,89.9,90.2,90.9,98.1,67.6,82.7,86.9,86.3,67.8,98.2,80.1,76.3,75.8,92.6,78.9,79.8,89.6,89.2,83.9,95.4,83.8,97.3,101.3,90.2,86.1,91.6,86.9,97.2,94.2,95.5,100.1,102.6,91.8,91.8,134.6,123.3,137.1,91,97.9,85.9,87.7,82.5,84.9,87.3,103.5,90.8,96.5,83.4,77.5,130.3,66.7,66,67.4,65.2,88.9,79.8,86,76.3,97.7,87.4,81.3,89.9,94.2,135.7,86.9,129.7
2018/07,87.7,77.6,77.1,69.9,75.9,80.3,72.9,67.5,80.3,73.4,78,78.8,89.4,90.4,90.9,98.1,67.6,83,87.1,86.3,68.3,98.2,80.3,76.9,76.2,87.6,79.2,81.1,89.6,87.5,82.2,95.4,82.1,94,96.5,89.5,86.1,90.6,86.9,97.1,94,95,100.1,103,94.2,91.8,134.7,123.3,137.1,91,97.9,85.8,87.1,81.6,84.9,87.7,103,90.8,95,82.9,77.5,130.3,68.3,66.2,71,65.6,88.8,79.5,86.1,76.3,97.7,87.3,81.6,89.7,94.1,135.7,87.2,129.7
2018/08,88.2,78.5,76.9,73.5,76.9,80.5,76.4,68.9,80.4,73.2,77.5,79.3,88.4,90.4,90.9,98.1,67.6,83,87.3,86.4,68.1,98.2,80.7,78.7,76.4,88.8,79,80.3,89.6,85.7,80.1,95.4,80,88,86.6,90.7,89.3,91.1,86.9,98,94.2,96.3,101.4,103.2,95.8,92,134.6,123.3,137.1,91,97.9,87.3,90.4,82.4,85,89.8,103.2,90.8,95.9,82.8,77.5,130.3,72.9,71.7,76.6,67.1,89,79.7,86.6,76.3,97.7,87.5,81.6,90,94.3,135.7,88.9,129.7
2018/09,88.3,78.8,75.3,75.7,78.7,80.3,76.9,67.1,79,72.7,78.5,79.3,88.6,90.4,90.8,98,67.6,83.3,87.9,86.4,68.3,98.2,80.1,77.9,75.7,88.8,80.3,77.9,89.6,89.8,83,95.4,82.9,97.5,104.1,85.7,90.8,90.6,86.9,98,94.1,96.2,101.4,102.3,92.6,91.3,134.1,123.3,137.1,91,97.9,87,97,84.4,85,87.8,103.6,90.8,97.1,83.1,77.5,130.3,73.7,73.7,77.9,65.2,89.1,79.9,86.7,76.3,97.7,87.6,81.9,90,94.3,135.7,88.1,129.3
2018/10,88.7,78.8,76.7,72.6,79,80.3,77.8,66.3,80.6,75.1,77.1,80.2,89.1,90.4,90.8,98,67.6,84.9,88.5,86.4,72.8,98.2,81.6,79.7,76.2,88.9,80.2,81.5,89.6,90.6,84.7,95.4,84.6,97.8,104.9,85.1,90.8,92.8,86.9,97.9,94,96.2,101.4,103.3,92.5,92.9,134.2,123.3,137.1,91,97.9,87,97.4,84.2,85,87.8,104.6,90.8,95.4,84.1,83.5,131.3,72.3,69.2,79,64.3,89.7,80.2,87.3,76.3,97.7,88.3,84.1,90.3,94.6,135.7,88,129.6
2018/11,88.7,78.6,76.7,73.2,79.1,80.3,74.8,65.7,80.9,75.1,78.1,79.5,88.6,90.4,90.8,98,67.6,85.3,89.1,88.1,72.7,98.2,83.3,82.2,79.1,93.3,79.8,83.3,89.6,91,85,95.4,84.9,97.7,104.6,85.6,92.3,92.2,86.9,97.4,92.6,95.4,101.4,103.4,92.2,93.2,134.1,123.3,137.1,91,97.9,85.5,96.9,82.1,85,86.1,105.2,90.8,97.6,84.1,83.5,131.3,70.2,68.1,75,63.7,89.8,80.4,87.2,76.3,97.7,88.4,84.5,90.3,94.5,135.9,86.6,129.6
2018/12,88.2,78.2,76,72.8,79.4,78.7,73.4,65.5,80.7,74.8,77.4,79.9,88.5,90.4,90.8,98,67.6,84.5,89.5,88.1,69.3,98.2,81.9,77,79.1,100.5,80.3,82.1,89.6,89.9,84.8,95.4,84.6,95.4,100.2,86.7,90.4,92.7,86.9,97.4,92.6,95.9,101.4,102.3,92.3,91.4,134.1,123.3,137.1,91,97.9,85.4,96.3,81.4,85.1,86.1,105.1,90.8,96.3,86.6,83.5,131.3,69.2,69.1,71.9,63.5,89.3,80.1,86.7,76.3,97.7,87.9,82.8,90.1,94.3,136.2,86.4,129.3
2019/01,88.4,79,77.3,75.9,77.5,78.1,76.8,69.7,80.9,74,77,80.4,88.5,90.7,91.1,98.4,66.8,84.1,90.2,88.1,67.1,98.2,82.6,81,82.8,101.9,78.8,79.6,89.6,88.2,81.9,95.4,81.7,93.6,97.2,87.2,90.4,91.1,86.9,97.2,92.4,94.8,101.4,101.7,92,90.6,134,123.3,137.1,91,97.9,85.4,91.9,82.9,85.4,85.8,104.8,90.8,95.4,85.8,83.5,131.3,73.8,73.2,77.1,67.6,89.2,80.1,86.8,75.9,97.8,87.7,81.6,90.2,94.4,136.2,86.5,129.2
2019/02,88.3,78.7,77.3,75.3,77.3,77.8,76.5,67.7,80,74.1,77.3,79.9,88.5,90.7,91.1,98.4,66.8,83.7,90.7,88.2,65,98.2,82.9,81,84.9,100.7,79.6,80.1,89.6,88.8,85.8,95.4,85.7,92.5,95.6,87.2,88.4,90.6,86.9,97,91.8,95.2,101.4,101.6,91.8,90.4,134,123.3,137.1,91,97.9,86.2,92.8,85.4,85.4,85.9,104.9,90.8,95.9,85.8,83.5,131.3,73.2,73.4,76.6,65.5,89.2,79.9,86.7,75.9,97.8,87.6,81.1,90.2,94.6,136.2,87.1,129.2
2019/03,88.3,78.5,77,75.2,76.8,78.6,73,73.6,79.7,74.2,77.3,80.1,87.9,90.8,91.1,98.4,66.8,83.8,90.9,88.2,65,98.2,82.4,79.5,86.4,99.6,79.2,80.5,89.6,89.4,85.1,95.4,84.9,90,92.5,85.7,95.7,92.3,86.9,96.7,90.8,94.8,101.4,102.1,93.2,91,133.8,123.3,137.1,91,97.9,86.5,91.7,88.4,85.4,85.2,104.6,90.8,94.7,85.3,83.5,131.3,72.2,73,70.7,71.7,89.2,79.9,86.7,75.9,97.8,87.7,81.4,90.2,94.6,136.2,87.6,129.3
2019/04,88.4,78.4,77,73.6,76.6,81.2,74.8,67.4,81.3,73.9,77.6,78.8,88.7,90.8,91.4,98.8,66.7,83.6,90.4,88.2,65,98.2,83.6,81.4,84.1,101.8,78.8,82.6,89.9,91.6,85.9,95.4,85.8,96.5,101.7,87.2,95.7,92.3,86.9,97,91.6,95,101.4,101.5,92,90.6,133.2,123.5,137,91.1,98.6,86.5,90.4,87.2,85.4,86.1,105,90.8,95.8,86,83.5,131.3,72.3,74.2,74,65.1,89.3,79.7,86.7,76,98.2,87.7,81.2,90.4,94.9,136.4,87.5,129.3
2019/05,88.5,78.4,77.1,72.4,77,80,74.9,71.9,81.1,73.1,77.2,80.7,87.9,91.3,91.4,98.8,66.8,84.3,89.9,88.2,68.1,98.2,85,84.9,85.9,101.8,79.3,82.6,89.9,90.9,86.1,95.4,86,96.7,102.1,87.1,91.4,92.8,86.9,96.7,90.9,94.8,101.4,101.9,92,91.8,131.8,123.5,137,91.1,98.6,85.8,88.8,84.6,85.6,86,105.1,90.8,96.5,85.7,83.5,131.3,72.2,70.4,74.2,70,89.5,79.8,86.9,76,98.2,87.9,82.5,90.3,94.8,136.4,86.8,129.3
2019/06,88.7,79.3,78.3,73.7,76.3,80.6,75.8,78.3,81.1,75.2,78,80.7,87.8,91.3,91.4,98.9,66.8,84.1,89.4,88.1,68.1,98.2,82.8,80.8,85.9,91,80.1,82.1,89.9,91.9,85.7,95.4,85.6,100.4,106.9,88.8,91.4,92.8,86.9,96.7,90.9,95,101.4,101,91.8,91.8,128.8,123.5,137,91.1,98.6,86.1,89,81.6,85.6,87.8,105,90.8,96.2,85.7,83.5,131.3,74.2,71.2,74.5,76.7,89.5,80.4,87,76.1,98.2,87.9,82.3,90.4,94.5,136.4,87,126.6
2019/07,88.5,78.9,78.7,75.4,77,80.2,74,69.4,81.5,74.9,77.7,78.6,87.9,91.3,91.5,98.9,67.1,83.8,89.2,88.1,67.6,98.2,82.7,81.6,82,88,79.8,82.4,89.9,91,85.3,95.4,85.2,99.5,105.5,88.8,88.4,94.7,86.9,97,91.6,95.2,101.4,101.4,94.2,90.9,131.1,123.5,137,91.1,98.6,86.4,89.1,83,85.6,87.7,105.1,90.8,95.9,86.8,83.5,131.3,70.9,71.8,71.2,67.3,89.5,80.6,86.9,76.2,98.2,88,81.6,90.6,94.7,137.2,87.5,126.5
2019/08,88.8,79.2,79.2,75.6,77.4,80.2,76.3,70.1,80.8,73.3,78.5,78.6,87.7,91.3,91.5,98.8,67.1,84.4,88.8,88.1,70.2,98.2,82.9,80.1,85.8,88.2,80.1,84.4,89.9,90.1,84.5,95.4,84.3,93.3,95.7,89.2,94.2,94.7,86.9,97,91.6,95.6,101.4,101.6,96.3,90.8,131,123.5,137,91.1,98.6,87.9,89.4,84.6,85.8,89.8,104.9,90.8,95.4,86.8,83.5,131.3,73.1,73.3,75,68,89.7,80.5,87.2,76.2,98.1,88.2,82.1,90.7,94.9,137.2,89.3,126.5
2019/09,88.8,80,78.3,79.8,78.1,80.3,78.1,71.8,81,74.3,77.3,79.6,87.5,91.3,91.4,98.8,67,82.9,88.2,88,66,98.2,82.7,78,87.2,97.8,80.9,82.7,89.9,93.6,87.5,95.4,87.4,100.4,105.1,92.2,97.2,91.9,86.9,96.7,91.3,94.3,101.4,101,92.9,90.8,130.4,123.5,137,91.1,98.6,86.9,88.7,84.4,85.8,88,104.7,90.8,95.2,85.5,83.5,131.3,77.1,80,77.9,69.8,89.5,80.6,87.2,76.1,98.1,87.9,80.6,90.7,94.8,137.2,87.8,126.5
2019/10,88.9,80,78.6,76.6,77.4,79.8,76.4,69.1,83,76.2,78.1,80.6,91.8,92.5,92.2,98.8,72.1,83.4,87.7,88,68.4,98.2,84.2,79.2,83,100.9,80.8,86.3,91.6,94.8,87.9,95.7,87.8,99.1,102.5,93.1,100.1,99.6,89.7,97.8,92.9,97,101.6,101.9,94.6,92.1,129.7,117.9,127,92.2,99.8,88,88,86,86.4,89.2,98.6,93.7,94.9,85.9,84.9,110.3,73,73.6,75.1,66.9,89.9,81.5,87.4,78.9,98,88.3,81.4,90.9,95,132.8,88.9,127.5
2019/11,89.1,80.2,79.3,74.7,79.2,80.5,78.2,68.4,81.4,76.7,78.3,80.4,91.3,92.7,92.2,98.8,72.1,84,89,89.6,67,100,85.5,83.7,83.4,101.2,79.7,86.1,91.6,94.6,90.5,95.7,90.4,101.2,106.1,92.3,91.6,98.6,89.7,97.7,92.9,96.1,101.6,102.1,94.5,92,131,118,127,92.2,100.1,87.4,90.5,87.2,86.2,87.4,98.9,93.7,96.4,85.8,84.9,110.3,73.4,72.2,77.8,66.2,90,81.7,87.6,78.9,97.9,88.5,81.6,91.1,95.1,132.9,88.4,127.9
2019/12,89.1,80,77.9,73.6,79.8,80.5,79.3,73.2,81,75.5,78.1,79,88.8,92.7,92.2,98.8,72.1,83.9,88.6,89.6,67,100,84.9,82.6,86.2,93.9,79.7,86.6,91.6,94.7,89.1,95.7,89,101.8,106.9,92.8,95.3,95.9,89.7,97.4,92.5,95,101.6,102.3,94.7,91.8,132.1,118,127,92.2,100.1,87.8,90.2,87.6,86.2,87.9,99.3,93.7,98.1,85.6,84.9,110.3,74.6,70,79.8,71.5,89.9,81.1,87.5,78.9,97.9,88.4,81.5,91,95.1,133,88.7,127.9
2020/01,89.2,80.5,78.1,75.2,80,79.7,79.4,75.3,80.5,76.8,78.9,79,89.5,92.7,92.2,98.9,72,84.5,88.4,89.8,68.8,100,84.5,81.8,84.1,93.1,79.7,86.6,91.6,91.9,86.6,95.7,86.5,99.2,103.6,91.9,91.4,91.9,89.7,97.4,92.9,94.3,101.7,102.6,94.4,92,131.8,118.9,127.6,92.3,99.9,87.3,90.9,88.1,86.2,86.8,99.2,93.7,97.2,84,85,110.4,76.3,73.4,79.5,73.8,89.9,81.4,87.6,78.9,98.2,88.4,82.2,91,95,133.5,88.2,127.5
2020/02,88.8,79.8,77.9,76.1,80.4,80.5,74.6,72.8,80.3,76,78.6,78.7,89.2,92.7,92.1,98.8,72,84.4,88,89.7,69.1,100,83,78.6,88.8,91.9,80,84.4,91.6,91.6,87.4,95.7,87.3,97.2,100.4,91.9,91.8,91.2,89.7,97,91.3,95.2,101.7,102.3,96.8,91.7,130.8,118.9,127.6,92.3,99.9,87.4,92.5,87.4,86.3,87,98.3,93.7,94.1,83.3,85,110.4,73.1,74.7,73,71.3,89.7,81.2,87.2,78.9,98,88.1,81.7,90.8,94.8,132.9,88.2,127.5
2020/03,88.6,79.6,76.7,75.3,81,79.9,75.4,73.3,81.3,74,78.7,78.9,89.3,92.7,92.1,98.8,72,83.6,88,89.7,66.6,100,82.6,77.7,94.2,91,80.3,82.9,91.6,91.2,90.1,95.7,90,94.1,93.8,94.7,87.5,93.2,89.7,96.9,91.4,94.3,101.7,101.6,97.6,90.6,130.5,118.9,127.6,92.3,99.9,87.7,93.2,87.8,86.4,87.4,99.1,93.7,96.2,85.5,85,110.4,73.1,73.4,73.6,72,89.5,81,86.9,78.9,98,87.9,80.3,90.7,94.8,133.5,88.7,127.5
2020/04,88.3,80.7,76.7,75.4,81.5,80.6,81.2,78.2,81.2,74.4,78.9,78.1,89.9,92.7,92.1,98.8,72,80.8,88,89.8,57.4,100,83.2,77.6,94.2,94.9,80.4,84.2,91.6,94.1,92.1,95.7,92,99.5,102.4,94.8,91.2,92.5,89.7,96.9,91.9,95.6,101,99.3,97.1,87.2,130.2,114,120.5,92.6,100.3,87.4,92.6,85.9,86.4,87.7,98.4,93.7,93.8,85.5,85,110.3,78.7,74.3,82.5,77.2,88.8,81.1,86.6,78.8,97.6,87.1,75.7,90.7,94.7,129.7,88.3,127.9
2020/05,86.3,80.8,75.8,74.7,83.5,79.7,80.2,81.5,80.8,75.1,78.8,78.6,89.8,92.8,92.2,98.9,72.1,62.3,88.1,89.8,54.1,0,84,80.4,92.3,95.6,80.4,83.9,91.6,92.7,90.2,95.7,90.2,97.1,98.5,94.8,90.4,93.9,89.7,97.1,91.9,96.3,101,98.6,97.8,85.9,130.7,114,120.5,92.6,100.3,88.5,93.7,88.4,86.5,88.6,99.2,93.7,96.4,86.6,85,110.3,77.9,71.5,80.9,80.5,86.8,81.4,84.3,78.9,97.8,84.8,73.8,88.6,91.7,129.9,89.4,128.5
2020/06,88.1,80.2,76.1,70.9,83.8,80.3,77.4,80.5,79.7,75.5,80.2,77.9,90.4,92.8,92.2,98.9,72.2,79.9,88,89.8,54.6,100,84.2,80.7,88.5,95.3,80.2,85.2,91.6,92.8,88.7,95.7,88.6,97.6,99.2,95,94.4,93.4,89.7,97.6,92.4,98,101,99,97.1,86.5,130.8,114,120.5,92.6,100.3,87.9,94.1,87.3,86.5,87.9,98.4,93.7,93.2,86.2,85,110.3,74.1,67,76.4,79.5,88.9,81.6,86.4,79,97.8,87.2,74.7,90.9,94.8,129.9,88.7,128.5
2020/07,88.2,80.5,76.8,71.4,84,79.7,79.3,80.2,79,75.1,79.8,78.8,90.2,92.8,92.3,98.9,72.2,79.2,87.4,89.7,53.3,100,82.6,79.3,84.1,95.3,80.1,82.4,91.6,90.4,88.5,95.7,88.4,94.8,94.6,95.3,84.5,93.4,89.7,97.2,92.6,95.7,101,100.3,97.6,87.1,134,114,120.5,92.6,100.3,88.3,94.1,88.1,86.2,88.2,98.4,93.7,93.7,85.4,85,110.3,75.8,67.8,79.6,79.2,88.9,81.5,86.4,79,97.8,87.2,74.4,90.9,94.8,129.9,89.2,129.6
2020/08,88.3,80.8,76.6,74.3,82.9,80.6,83,78.2,79.8,74,79.3,77.8,89.8,92.8,92.3,98.9,72.3,79.6,86.5,89.7,55.6,100,82.4,77.3,85.9,95.7,80.1,83.4,91.6,90.4,87.5,95.7,87.4,92.7,90.9,95.7,91.2,93.2,89.7,96.9,92.3,94.8,101,100.8,98.3,88,133.8,114,120.5,92.6,100.3,87.3,93.6,88,86.4,86.4,99.2,93.7,96.9,85.2,85,110.3,79.3,72,85.5,77.1,88.8,81.2,86.6,79,97.7,87.1,75.4,90.7,94.7,129.6,88.4,129.6
2020/09,88.3,80.7,76.2,73.6,84.5,79.7,81.6,76.1,79.6,74,80.3,77.7,89.4,92.8,92.3,99,72.3,79.8,85.2,89.6,57.9,100,83.6,78.7,85.8,95.3,80.1,86.2,91.6,93.5,91.5,95.7,91.4,96.8,97.7,95.4,90.3,99.4,89.7,96.9,92.4,94.4,101,100.3,96.5,87.6,133.1,114,120.5,92.6,100.3,86.5,92.7,87.7,86.5,85.1,99.2,93.7,97.2,84.8,85,110.3,77.4,70.8,83.2,74.8,89,81.4,86.6,79.2,98.3,87.2,75.4,90.8,94.8,129.6,87.4,129.6
2020/10,88.1,80.6,76.1,73.1,84.1,79.5,81.6,73.1,80.3,75.9,79.8,78,89.8,92.7,92.3,99,72.3,78.8,83.9,89.3,56.4,100,84,79.1,81.3,96.1,80.1,88.1,91.6,92.8,92.2,95.7,92.2,94.1,95.6,91.5,90.3,96.5,90.3,96.3,92,91.9,101,100.1,96.8,87.4,133,114,120.5,92.6,100.3,86,93,88,86.5,84.1,100,93.7,97.2,85.7,92.9,110.3,76.3,69.7,83.3,71.6,88.8,81.6,86.4,79.2,98.3,87.1,74.2,90.8,94.7,129.9,87,129.3
2020/11,88,80.2,75.3,74.5,85.5,79.7,77.2,72.6,80,76.8,78.8,77.7,90.1,92.7,92.4,99,72.6,78.1,83,89,55.6,100,86.5,86,82.8,95,80.1,88.3,91.6,93.6,92,95.7,91.9,94.9,96.4,92.3,96,94.3,90.3,96.7,92,93.8,101,100,96.7,87.2,133,114,120.5,92.6,100.3,84.6,92.1,88.1,86.5,81.6,99.9,93.7,96.9,85.7,92.9,110.3,74.4,72.4,77.5,71.3,88.7,81.4,86.2,79.4,98.3,87,73.5,90.8,94.8,129.9,85.6,129.3
2020/12,87.7,79.8,75.1,75.1,87.1,78.6,73.3,72.8,79.4,77.4,77.7,77.9,90.1,92.7,92.4,99,72.5,77.9,82.3,88.7,56.1,100,86,81.4,81.4,95.7,82.6,90.8,91.6,91.8,90.3,95.7,90.2,92.9,93.4,92,92.7,93.9,90.3,96.4,92,92.6,101,100.2,96.9,87.5,133,114,120.5,92.6,100.3,84.7,90.9,86.8,86.4,82.4,99.8,93.7,96.6,85.1,92.9,110.4,71.5,72.5,70.9,71.5,88.7,81.5,85.9,79.3,98.3,86.9,73.5,90.8,94.7,129.6,85.7,129.3
2021/01,88.2,81,75,77.4,86,78,81.2,74.3,80.2,76.7,78.1,78,90.5,92.7,92.7,99,73.8,78.1,81.8,88.5,57.3,100,85.1,79.8,81.4,94,82.6,89.9,91.6,88.2,85.5,95.7,85.3,86.5,84.2,90.5,94,93.9,90.3,96.1,92.3,90.6,101,100.2,96.9,87.6,132.6,114,120.5,92.6,100.3,86.7,90.6,86.1,86.5,86.6,99.4,93.7,93.6,82.8,92.9,111.8,78.3,75.7,82.8,73,88.8,81.5,86.5,80.3,98.3,87,74,90.8,94.7,129.9,87.7,129.3
2021/02,88.1,80.3,75.8,74.6,88.3,79.4,78.2,69.9,78.3,76.6,77.5,78.5,90,92.7,92.7,99,73.8,79.2,81.9,88.6,60.7,100,84.9,79,83.9,93.4,82.8,89.7,91.6,88.9,85.7,95.7,85.6,88.7,88.4,89.1,94.2,92.5,90.3,95.7,90.6,91.5,101,100.3,96.6,88,132.2,114,120.5,92.6,100.3,86.9,91.1,87.1,86.5,86.3,99.7,93.7,94.1,84.5,92.9,111.8,74.3,73.1,78.1,68.4,88.9,81.6,86.4,80.3,98.4,87.2,75.3,90.8,94.7,130,87.7,129.3
2021/03,88.6,80.1,75.6,72.2,88.2,79,77.4,72.7,79.7,77.1,77.9,78.1,89.9,92.7,93.4,99.8,74.1,80.9,82.4,88.8,65.5,100,86.3,82.7,81.8,100.3,82.8,89.1,91.6,90.8,91,95.7,91,90,89.2,91.2,89.7,94.5,90.3,95.5,90.6,90.4,101,100.6,97.5,89.4,129.7,114,120.5,92.6,100.3,87.2,90.3,88.5,86.7,86.3,99.9,93.7,94.9,84.8,92.9,111.8,73.2,69.4,76.8,71.3,89.5,81.6,86.8,80.7,98.9,87.7,77.9,91.1,95.1,130,88.1,128
2021/04,85.9,79.8,74.6,71.3,88.5,78.1,77.6,71.9,79.2,76.2,78.1,77.3,89.6,92.7,93.5,100,74.1,64.3,83.5,89,66.5,0,86.4,82.4,84.3,96.4,82.9,90,91.6,92.6,91.4,95.7,91.3,95.3,96.7,92.8,90.9,93.2,90.3,96,92.5,90.3,100.6,93.5,97,90.6,99.7,114.2,120.6,92.6,100.6,87,90.8,86.3,86.9,86.7,100.1,93.7,95.8,84.8,92.9,111.7,72.7,68.1,77,70.4,86.6,81.3,83.6,80.7,99,84.4,79.4,87.6,90.4,130.1,87.9,103.1
2021/05,88,79.8,74.3,73.5,86.4,78.3,76.2,75.1,79.7,75.2,78.7,77.4,89.6,92.8,93.1,99.3,74.4,82.9,86,89.3,67,100,86.2,81.1,83.2,104.7,82,89.7,91.6,92.1,90.5,95.7,90.5,92.4,92,93,95.2,93.4,90.3,96.1,92.6,91,100.6,93.7,97.6,90.6,100.2,114.2,120.6,92.6,100.6,88.5,90.8,86.6,86.9,89.5,100.4,93.7,97.1,84.5,92.9,111.7,73.4,71.4,74.7,73.7,88.8,81.2,86.2,80.8,98.6,87.1,80.5,90,93.7,130.1,89.3,103.1
2021/06,88,80.1,74.3,72.8,85.6,78.2,76.4,79.1,80.1,77,78.9,77.7,89.5,92.8,93.1,99.3,74.4,83.2,86.8,89.4,67,100,84.7,78.1,82.6,98.3,80.7,90.4,91.6,90.8,89.2,95.7,89.1,91.6,91.2,92.4,91.8,93.4,90.3,96,92.4,90.7,100.6,93.7,97.1,90.8,99.6,114.2,120.6,92.6,100.6,88.3,90.6,86.2,86.8,89.3,100,93.7,95.7,84.5,92.9,111.7,74.3,70.2,75.3,78,88.8,81.3,86.2,80.8,98.6,87,81.1,89.8,93.4,130.1,89,103.1
2021/07,88.1,79.9,73.5,72.7,88.4,78.3,75.1,77.4,81.5,74.5,79.3,77.2,89.5,92.8,92.7,98.8,74.2,84.5,87.5,89.4,70.1,100,85.4,80.1,84.9,97.1,81,90.1,91.6,89.7,88.8,95.7,88.7,90.6,89.5,92.4,89.8,90.1,90.3,96,92.4,90.8,100.6,94.4,98.1,91.1,101.2,114.2,120.6,92.6,100.6,89.3,91.1,84.5,87.4,91.7,99.9,93.7,95.7,81.4,92.9,112,72.9,69.4,73.6,76.3,89,81.4,86.4,80.5,98.2,87.3,82.7,89.9,93.5,130.1,90.1,103.1
2021/08,88.2,80.6,73.3,75.6,87.2,78.9,77.9,77.7,81,76.2,79.7,77,89.6,92.8,92.6,98.8,74.2,84.7,87.7,89.3,70.7,100,84.5,77.4,82.9,95.6,82,90.5,91.6,88.4,86.9,95.7,86.8,88.7,86.4,92.4,89.8,90.1,90.3,96.3,93,91.2,100.6,93.4,98.7,91.1,97.1,114.2,120.6,92.6,100.6,89,90.5,82.6,87.4,92.1,99.9,93.7,95.7,81.4,92.9,112.1,75.8,72.4,77.7,76.7,88.9,81.6,86.5,80.5,98,87.2,82.9,89.7,93.1,130.1,89.9,99.7
2021/09,88.4,81.1,72.1,78.3,87.9,78.5,81.7,72.8,83.9,76.1,78.8,76.6,89.5,92.8,92.7,98.8,74.4,85.2,88.9,89.5,70.7,100,83.9,75.4,89.4,91.4,82,90.7,91.6,92.7,91.4,95.7,91.3,96.2,99.6,90.6,89.7,93.4,90.3,96.3,93.1,91.3,100.6,93.2,97.3,91.1,97.1,114.2,120.6,92.6,100.6,88.8,91.5,84,87.6,90.8,100.1,93.7,96.7,81.4,92.9,112.1,78.7,77.6,83.2,71.5,89,81.6,86.8,80.6,97.8,87.3,83.3,89.8,93.3,130.1,89.5,99.7
2021/10,88.5,81.1,73.3,74.9,91.6,78.3,78.4,74.1,83,76.8,79.8,78.5,89.6,92.9,92.7,98.8,74.4,86.7,90.2,89.7,73.7,100,84.2,77.5,93.1,87.7,81.8,88.9,91.6,91.7,91.3,95.7,91.3,92.7,94.1,90.3,91.1,92.6,90.3,96.1,93.1,90.9,100.1,91.8,97.5,91.7,90,114.2,120.6,92.6,100.6,89.2,92.4,85.8,87.7,90.7,100.8,93.7,97,83,98.7,112.1,75.5,73.5,78.2,72.9,89.2,82.3,86.8,80.6,97.8,87.6,85.1,89.8,93,130.1,90,93.9
2021/11,88.8,81.1,72.8,76.4,91.7,78.3,77.4,73.1,83,77.6,79.8,77.7,89.7,92.9,92.7,98.8,74.4,89.4,91.6,91.1,80.1,100,85.2,79.5,94.5,85.1,82,90.5,91.6,91.9,91.7,95.7,91.6,92.6,95.7,87.4,91.1,93.2,90.3,96.3,94.1,90.7,100.1,92.6,96.8,93.1,90,114.2,120.6,92.6,100.6,87,92,83.5,87.6,87.7,100.9,93.7,97.1,83,98.7,112.1,74.9,74.8,76.7,71.7,89.6,82.4,87.2,80.6,97.9,88,88.7,89.7,92.8,130.1,87.9,93.9
2021/12,88.8,81.5,73.3,79.9,90.3,78.3,77.2,76.9,82.7,77.2,80.1,77.3,89.4,93.2,92.8,98.8,74.8,89.7,92.8,91.5,79.3,100,84.2,77.2,92.4,88.7,82.2,89.2,91.6,90.7,91,95.7,90.9,90.9,92.9,87.5,89.1,92.1,90.3,95.8,92.7,90,100.1,92,97.2,92.3,89.5,114.2,120.6,92.6,100.6,87.1,92.5,83.4,87.6,87.8,100.8,93.7,96.4,83,98.7,112.2,78.2,82.5,76.4,75.9,89.4,82.2,87.2,80.9,98,87.8,88.4,89.5,92.6,130.1,88,93.9
2022/01,89.3,82.7,76.9,83.3,90.2,77.6,81.4,78.6,83.5,76.3,80.6,77.7,89.6,93.3,93.3,98.8,76.6,90.6,94.3,91.8,80.1,100,84.6,76.8,90.9,85.1,84.5,91.2,91.6,88.5,85,97.4,84.8,89.8,91.5,87,91.1,92.5,90.3,95.4,91.6,90,100.1,91.9,97.1,92.1,89.7,114.2,120.6,92.6,100.6,87.2,91.8,84.6,87.7,87.6,101,93.7,97.2,83,98.7,112.2,82.4,86,82.4,77.7,89.7,82.8,87.8,82.3,98,88.1,89.6,89.7,92.7,129.8,88.1,93.9
2022/02,89.7,82.9,75.9,81.9,93.5,78.6,81.6,76.3,83.8,76.7,80.9,78.1,89.5,93.3,93.3,98.8,76.7,92.5,97.3,92.3,82.1,100,84.3,76.2,92.3,86.7,84.2,90.1,91.6,89.3,87.2,97.4,87.1,89.5,90.2,88.3,92,91.5,90.3,95.5,91.6,90.9,100.1,92.4,96.9,93,89.6,114.2,120.6,92.6,100.6,87.7,93.4,85.2,87.7,88.1,100.9,93.7,97,83,98.7,112.2,81.3,83.4,83.1,75,90.2,83.2,88.2,82.3,98,88.7,92,89.9,92.7,130,88.5,93.9
2022/03,90.1,83.3,75.2,80.2,93.7,78.9,82.9,80.4,85.7,76.6,81.4,79.5,89.8,93.5,93.3,98.8,76.6,94.7,99.8,92.8,85.9,100,84.5,75.7,91.6,88.7,84.3,90.8,91.6,91,89.7,97.4,89.6,91.1,92.8,88.2,92,94.6,90.3,94.7,90.4,88.3,100.1,92.6,97.6,93.2,89.6,114.3,120.6,95,100.6,87.9,92.7,86,87.9,88.2,100.9,93.7,96.6,84.2,98.7,112.2,81.9,79.8,84.5,79.6,90.6,83.6,88.7,82.2,98,89.2,94.4,90.1,92.8,130.1,88.8,93.9
2022/04,90.6,83.7,77.7,78.5,93.4,79.4,84.8,78.1,86.3,77.4,81.9,79.4,89.8,94.2,93.2,98.4,77.3,95.3,100.9,93,86.4,100,88.4,84.5,93.3,92,85.1,92.3,91.6,92.2,90.4,97.4,90.4,93.8,97.3,88.1,92,94.6,91.8,94.2,91.8,86.9,98.8,93,97.3,93.8,89.5,114.4,120.7,96,100.7,88.6,94.9,86.1,88,89,101.1,93.7,97,85.1,98.7,112.1,81.1,75.9,86.9,77,91.1,84.3,89.3,82.7,97.7,89.9,94.9,90.6,93.2,130.2,89.4,94.2
2022/05,90.7,83.8,77.5,80.6,92,79.7,84.7,81.4,86,77.9,81.6,78.1,88.9,94.5,93.2,98.4,77.5,95.6,102.1,94.6,85.1,100,88.6,85,91.1,96.3,85,92.1,91.6,92.7,90.8,97.4,90.7,95.1,99.3,88.1,92.1,94.6,91.8,94.4,91.9,87.8,98.8,92.5,97.5,93.1,89.5,114.4,120.7,96,100.7,89.4,94,87.7,88,89.9,101.5,93.7,97.2,89.6,98.7,112.1,83.2,79.7,86.8,80.8,91.1,84,89.5,82.8,97.7,89.9,94.6,90.7,93.5,130.2,90.2,94.2
2022/06,91,84.4,79.7,80.9,93.7,79.4,82.3,85.4,86.3,78.6,82.7,79.6,89.3,94.6,94.4,98.6,82,95.7,102.4,95.6,84.7,100,87.8,84.4,88.2,88.4,86.5,91.4,91.6,91.7,89.7,97.4,89.6,92.8,95.4,88.5,92.3,94.6,91.8,94.5,92.5,87.5,98.8,92.4,96.8,92.9,89.5,114.4,120.7,96,100.7,89,94.1,85.4,87.8,90.3,101.3,93.7,96.8,88.5,98.7,112.1,82.4,80.3,82.5,84.9,91.5,84.9,89.8,86.1,97.7,90.3,94.6,91.1,93.7,130,89.7,94.2
2022/07,91.2,83.9,79.7,82.1,91.3,80.3,80.3,84,86.3,78,82.4,78.4,89.4,95,94.7,98.9,82,95.7,102.4,96,84.5,100,88.7,90,87.9,89.5,87.6,86.5,92.7,90.4,88.2,97.4,88.1,90.5,91.3,89.2,92.3,94.6,91.8,94.6,92.2,88.6,98.8,93.8,97.9,93,94.6,114.4,120.7,96,100.7,90.1,95.2,86.4,87.8,91.7,101.3,93.7,96.9,88.5,98.7,112.1,80.1,78.6,79.6,83.3,91.8,84.7,90,86.3,98.5,90.6,94.5,91.5,94.3,130,90.8,94.5
2022/08,91.6,85.1,80.9,85.3,95.3,80.3,81.7,82.6,86.5,78,84.4,78.5,89.2,95.2,94.7,98.9,82,95.8,102.4,97.1,84.7,100,87.9,88.4,87.9,87.7,88.1,86,92.7,89.7,87.8,99.9,87.7,87.4,86.4,89.2,94.7,94.6,91.8,95,93.5,88,98.8,93.4,99,92.3,94.4,114.4,120.7,96,100.7,90.9,95.9,88.3,87.9,92.3,101.5,93.6,96.1,92.1,98.7,112.1,82.5,83.2,82.4,81.9,92.1,85.7,90.4,86.3,98.4,90.9,94.2,91.8,94.3,130.2,91.8,94.5
2022/09,92,85.7,79.4,85.9,96.6,82.2,84.1,77.1,87.8,79,85.6,79.3,89.3,95.8,94.7,98.9,82,95.9,102.4,97.7,84.7,100,88.8,87.9,84.1,94.2,87.8,89.2,92.7,94.4,91.6,99.9,91.4,96.7,99.4,92.4,97,96.2,91.8,95.5,94.3,89.4,98.8,93.7,97.2,93,94.3,114.4,120.7,96,100.7,90.9,95.9,88,88,92.3,102,95.5,96.8,92.1,98.7,112.1,83.7,86.4,85.8,76,92.5,86.2,90.9,86.3,98.4,91.4,94.7,92.2,94.7,130.4,91.5,94.5
2022/10,91.9,85.3,79,84.8,95.4,81.8,82.7,77,87.9,79.9,85.8,81,92,92.3,94.9,98.9,82.8,95.7,102.4,97.8,83.9,100,89.9,88.9,90.4,96.1,89.4,88.8,92.7,94.9,94,99.9,93.9,93.1,93.6,92.4,101.5,95.7,92,95.6,92.6,89.9,99.9,93.6,97.5,92.6,94.7,114.4,120.7,96,100.7,89.9,97.3,90.6,88.2,89.3,102.2,95.5,97.2,92.1,99.1,112.3,81.6,83.6,83.2,75.9,92.5,86.1,90.8,86.9,98.4,91.4,94.2,92.2,94.8,120.3,90.6,94.5
2022/11,92.1,86.5,80.1,87.7,96.6,83.4,82.6,73.6,89.9,81.5,86.6,85.4,93.5,92.3,94.9,98.9,83,95.4,102.4,98.4,82.9,100,89.3,86.5,89.6,95.4,90.1,89.7,92.7,97.2,97.6,99.9,97.6,95.6,97.5,92.4,101.5,97.4,92,95.9,93.1,90.9,99.9,94.1,97.2,93.1,95.6,114.4,120.7,96,100.7,87.4,96.6,90.6,88.2,84.5,102.2,95.5,97,92.6,99.3,112.3,81.6,86.1,83.3,72.2,92.7,87.5,91.1,87,98.2,91.7,94.4,92.5,94.7,120.3,88.1,94.5
2022/12,92.6,87.2,80.3,92.9,97.8,84.1,79.4,78.9,89.1,82.2,88,84.3,93.8,92.7,94.9,98.9,83,97.5,107.9,98.9,82.4,100,89.2,86.8,84,99.3,90.6,89,92.7,95.4,96.1,99.9,96,93.6,94.3,92.3,97.7,97.4,92,95.9,93,91.1,99.9,94.3,97.8,93.3,95.5,114.4,120.7,96,100.7,87.3,96.8,90.3,88.2,84.6,102.6,95.5,97.3,95.7,99.3,112.4,83,93.7,78.1,78,93.1,88.1,91.6,87,98.2,92.2,96.5,92.7,94.6,120.8,88.2,94.5
2023/01,92.9,87.8,79.7,94.2,97.2,84.1,84.6,83,89.3,79.7,87.8,83.6,94.2,92.9,95.2,98.9,84.4,98.1,108.5,99.5,83.4,100,87.9,83.5,83.9,95.1,90.5,89.6,92.7,94,94,99.9,93.9,92.3,92,92.8,96.7,97.1,92,95.8,92.5,91.3,99.9,94.1,97.6,93,95.6,114.4,120.7,96,100.7,88.6,95.8,91.1,88.4,86.6,102.5,95.5,97.4,94.2,99.3,112.4,87.3,93.2,85.7,82.4,93.2,87.9,91.9,88,98.2,92.2,96.9,92.7,94.7,120.3,89.3,94.5
2023/02,92.4,88.4,80,93.2,99.9,86.5,84.2,85.4,90.6,79.7,88.1,85.3,94.7,93.5,95.8,99.5,84.7,90.7,88.2,102.3,84.6,100,86.8,80.2,79.7,97.6,90.2,90.3,92.7,94.2,94.1,99.9,94,92.1,89.5,96.4,96.7,97.5,93.9,96,93.3,90.9,99.9,94,97.3,92.9,95.9,114.4,120.7,96,100.7,88.9,97,91.3,88.4,87,103,95.5,98.5,96.8,99.3,112.4,87.1,91.1,85.4,84.9,92.7,88.7,91.2,88.4,98.8,91.5,89.7,93.1,95,120.3,89.6,95
2023/03,92.9,89.1,79.8,94.6,100.6,87.3,82.7,83.8,92.4,80.9,89.8,87,95.3,95.1,96,99.5,85.4,90.5,87.7,101.7,84.6,100,90.1,86.1,83.9,93,91.1,94.6,92.7,96.5,98.1,99.9,98.1,94.1,92.5,96.6,95.2,102.5,93.9,96.3,93.8,91.8,99.9,94.4,98.3,93.3,96,114.4,120.7,96,100.7,89.8,98.1,92.3,88.7,87.9,101.8,95.5,98.1,84.2,99.3,112.4,86.8,95.4,82.4,83.4,93.2,89.7,91.8,88.9,98.7,92.2,89.2,93.8,95.6,120.6,90.5,95
2023/04,93.4,89.8,81.4,94,101.3,90.5,85.3,83.1,92.7,84.1,91,86.5,95.3,91.7,96.2,99.6,85.8,90.1,86.9,100.8,84.6,100,93,92.5,84.7,92.4,91.5,96.6,92.7,99,98.5,99.9,98.5,101.4,99.5,104.7,95.4,103.1,93.9,96.4,94.5,92.8,99.2,94.2,97.8,93,96,114.3,120.3,96.3,101.2,90.6,98.4,90.8,88.7,90.1,103.4,98.8,97.4,97,99.3,112.4,86.8,93,84.8,82.6,93.8,90.4,92.4,89.4,99.5,92.8,88.8,94.4,96.2,111.6,91.2,95
2023/05,93.7,91.2,81.5,95.1,102.9,92.5,87.9,91.7,94.9,86,91.2,87.5,95.2,91.7,96.2,99.6,86,87.4,80.2,100.5,84.6,100,92.9,91,86.6,98.4,91.3,96.5,92.7,99.1,98.6,99.9,98.6,101.6,100.9,102.7,95.4,103.1,93.9,97,95.2,93.9,99.4,94.3,98.1,93.3,95.7,114.3,120.3,96.3,101.2,93.1,98.8,91.5,89.3,94.2,102.8,98.8,98.9,86.3,99.3,112.3,91.3,94.8,88.6,91.8,93.9,91.2,92.8,89.6,99.5,92.9,86.2,94.9,96.5,111.8,93.6,95
2023/06,93.8,90.3,84.3,92.3,101.6,91.8,82.3,86,96.5,86.3,92.3,85.9,94.8,92.5,96.2,99.6,86.1,92.7,93.7,100.2,84.6,100,90.7,87.8,88,98.4,90.9,92.4,92.7,97.7,97.5,99.9,97.4,96.5,93.6,101.2,100.1,101.7,94.1,97.3,95.7,94.9,99.4,94.7,99.1,93.7,95.5,114.3,120.3,96.3,101.2,91.5,98,91,89.5,91.6,103,98.8,98.6,89.2,99.3,112.3,83.8,88,80.1,85.5,94.4,91.6,92.9,89.6,99.5,93.5,91.6,94.8,96.1,112,92,95.1
2023/07,94.2,90.5,84.3,93,101.3,92.2,83.3,85.6,96.3,86.5,92.2,85.2,96.2,92.6,96.2,99.6,86,91.7,90.4,99.6,85.9,100,92.3,88.1,86.5,99.7,91.2,97.7,92.7,96.3,96.4,99.9,96.4,93.2,88.5,101.1,103.7,95.9,94.1,97.2,95.5,94.9,99.4,96.4,100.1,94.9,98.9,114.3,120.3,96.3,101.2,93.1,98.1,90.6,89.8,94.6,103.8,98.8,98.9,97.2,99.3,112.3,85.5,91,81.9,85.1,94.7,91.6,93.4,89.5,99.4,93.9,91.3,95.2,96.7,112.2,93.6,97.7
2023/08,94.6,90.8,84.9,91.9,102.5,94.1,82.7,85.9,96.5,87.1,92.4,86.8,96.3,92.6,96.5,99.6,87.3,91.9,86.6,98,91.9,100,91.4,90,85.4,100.5,91.1,92.1,92.7,93.8,93.9,99.9,93.8,88.9,81.6,101,97.2,103.5,94.1,97.4,96,95.1,99.4,97.5,101,96.6,98.8,114.3,120.3,96.3,101.2,95.5,97.8,92.5,97.5,95.9,103.9,98.8,98.6,99.8,99.3,112.3,84.4,87.6,81.6,85.4,95.2,92.1,93.8,90.5,99.3,94.5,92.6,95.6,97,112.3,96,97.7
2023/09,95.2,92.3,85.3,96.6,101.6,94.6,90.9,82.3,95.8,88.4,92.7,87.1,96.6,92.8,96.6,99.6,87.8,91.2,83.2,97.6,94.2,100,91.5,85.9,87.6,99.7,93.7,95.8,92.7,98.8,98.2,99.9,98.1,98.9,98.3,100,99.2,103.5,94.1,97.4,96.2,94.3,99.4,97.7,99.6,97.1,98.7,114.3,120.3,96.3,101.2,95,97.1,92.4,97.6,95,104.2,99.1,99.4,100.2,99.3,112.3,91.4,95.1,93.8,81.5,95.4,92.4,94.5,90.9,99.3,94.7,92.3,95.8,97.3,112.3,95.3,97.7
2023/10,95.9,93.3,86.9,95.4,102.1,95.1,95.4,86,96.3,88.1,92.4,89,99.6,92.8,96.9,99.6,89,93.3,91.6,98.5,89.8,100,94.4,94.2,86.6,99.7,94.1,95.6,92.7,99.9,101.2,99.9,101.2,98.3,97.2,100,100.5,103,94.1,98.5,98.6,96.3,99.4,97.3,100,95.8,100.1,114.3,120.3,96.3,101.2,95.5,97.9,92.6,97.6,95.6,103.7,99.3,98,97,99.5,112.3,94.6,93.7,99.9,85.6,96,93,95.3,91.7,99.3,95.4,93.4,96.4,97.9,112.3,95.8,98.7
2023/11,95.5,92.7,86.6,95.8,103.1,95.2,88.2,86.6,96.9,89.5,92.6,89,97.8,93.6,96.9,99.5,89,92.2,90.5,98,87.8,100,93.2,90.8,86.3,97.7,94.1,96.3,92.7,100.1,101.8,99.9,101.8,98.3,97.3,100,99.7,105,94.1,98.3,97.8,96.6,99.4,97.1,99.9,95.5,100,114.3,120.3,96.3,101.2,94.2,97.9,90.5,97.7,94.1,103.8,99.3,98.4,97.3,99.5,112.3,90,93.6,89.4,86.1,95.8,93.3,94.8,91.7,99.3,95.1,92,96.3,97.6,112.3,94.6,98.7
2023/12,95.4,92.8,88.2,96.5,100.9,96,88.9,86.2,94.6,90,93,89,97.8,93.6,96.8,99.4,89,92,89.7,99.1,87.8,100,93.6,90.5,86.3,103.4,95.3,95.9,92.7,99.2,101.7,99.9,101.7,95.9,92.5,101.5,98.7,104.3,94.1,98.3,97.8,96.6,99.4,96.9,99.8,95.3,99.9,114.3,120.3,96.3,101.2,94.6,98.2,92,97.9,94.2,102.8,99.3,96.1,92.4,99.5,112.5,91.2,95.6,90.9,85.7,95.6,93.2,94.7,91.7,99.2,95,91.7,96.2,97.5,112.3,94.9,98.7
2024/01,95.6,93.2,87,98.6,101,95.7,89.9,90,95,88,93.2,89.4,97.8,94,97.4,100.2,89.1,91.8,89.7,99.2,87.2,100,94.4,91.9,86.3,103.4,95.6,96.9,92.7,99,101.6,99.9,101.7,96.1,94.3,99.2,98.7,102.4,94.1,98,97,96.6,99.4,96.9,99.6,96.5,96.9,114.4,120.3,98.9,101.2,93.9,96.8,91.3,97.7,93.5,103.2,99.6,99.2,87.2,99.5,112.5,93.6,99.4,91.5,89.8,95.7,93.1,94.8,91.9,99.7,94.9,91.6,96.3,97.7,112.2,94.2,96.6
2024/02,95.4,93,87.4,96.9,99.5,94.6,87.3,95,97.3,89.8,93,90.2,97.5,94,97.5,100.3,89.2,91.6,89.9,99.7,85.9,100,93,86.2,86.3,100.5,95.6,97.7,99.3,97.1,99,99.9,98.9,94.3,91.4,99.2,99.1,98.2,94.1,98.1,97.1,96.9,99.4,96.4,99.5,95.9,96.5,114.4,120.3,98.9,101.2,94.6,101.2,91.1,97.7,94.3,103.3,99.6,98.9,89.2,99.5,112.5,91.9,95.7,87.6,95,95.6,93.3,94.6,92,99.8,94.8,90.8,96.3,97.6,112.2,94.9,96.6
2024/03,95.8,93.5,86.8,98.1,98.6,95.2,89.5,93.6,96.7,90.8,93.6,91,97.7,94.2,97.5,100.3,89.1,92.5,90.5,100,88.1,100,94.6,90.2,86.3,101.9,95.4,98.3,99.3,97.2,100.6,100,100.6,93.3,89.4,99.8,96.9,99.3,94.1,98.7,97.3,99.6,99.4,96.3,100.3,96,95.6,114.4,120.3,98.9,101.2,95.2,101.3,94.4,97.8,94,104.1,99.6,98.4,100.4,99.5,112.5,94,99.3,90.6,93.5,95.9,93.4,95.1,91.9,99.7,95.2,91.5,96.6,97.9,112.2,95.6,96.5
2024/04,96.2,93.9,89.3,97.3,98.7,96.4,91.9,92.1,96.8,91.9,93,90.5,96.3,94.4,97.8,100.3,90.3,92.6,89.9,100.2,89.1,100,95.6,95,86.3,98.8,96.5,95.9,100,98.9,98.5,100,98.5,101,101.7,99.7,96.4,101.2,94.1,98.4,97.6,99.7,98.4,97,99.7,97,96.2,114.2,121,99.6,98.3,95.3,101.9,93.2,98.3,94.4,104.1,99.6,98.5,99.1,99.5,112.6,95.4,99.7,94.4,91.4,96.2,93.6,95.5,92.8,99.8,95.6,92.2,96.8,98.2,112.1,95.6,96.6
2024/05,96.5,93.5,87.6,96.1,98.6,95.1,93.6,96.9,96.9,88.6,91.9,90.7,96.3,94.9,97.9,100.3,90.6,95,96,100.3,89,100,94.2,91.3,86.5,97.6,96.4,95.8,100,98.8,99.3,100,99.3,99.1,100.6,96.6,97.4,101.2,95.2,98.7,97.9,101,98.4,96.7,99.9,96.8,95.4,114.2,121,99.6,98.3,97.8,101.9,93.6,98.4,98.9,104,99.6,98.5,98,99.5,112.6,95.5,94.9,95,97.2,96.5,93.1,95.9,93,99.8,95.9,94.3,96.9,98.4,111.6,98,96.5
2024/06,96.8,93.6,88.6,93.8,99.5,96.5,89.2,99.2,96,92.1,92.8,90.6,96.4,95.3,97.9,100.3,90.5,97.2,100.5,100.9,90,100,94.6,91.2,86,94.5,96.9,97.9,100,99.7,99.8,100,99.8,100.1,101.5,97.8,98.8,103.2,95.2,99.1,97.7,100.6,99.5,96.8,99.4,96.7,96.1,114.2,121,99.6,98.3,97.6,101.6,92.8,98.3,98.9,104,99.6,98.8,96.8,99.5,112.7,92.2,91.3,89,99.6,97.1,93.9,96.2,93,99.9,96.5,96.4,97.1,98.5,111.6,97.7,96.5
2024/07,97.3,93.4,88.1,93,102,95.7,87.4,94.4,97.5,91.4,93.4,91.6,96.5,95.4,97.9,100.3,90.7,100,105.3,101.1,93,100,97.6,97.7,87.3,96.6,99.8,97.9,100,98.4,99.7,100,99.7,96,94.9,97.8,98.8,103.2,95.2,99.3,98.3,100.6,99.5,97.3,100,97.4,96.1,114.2,121,99.6,98.3,99,102.2,94.2,98.4,100.9,104,99.6,98.8,96.8,99.5,112.7,88.7,89.5,85.2,94.6,97.8,94.4,96.8,93.2,99.9,97.4,99.6,97.6,98.9,111.4,99.2,96.6
2024/08,97.5,94.1,88.1,96.3,100.2,95.9,88.9,92.3,96.4,91.9,95,91.6,96.6,97.5,97.7,99.8,91.2,99.5,104.7,100.9,91.9,100,96.6,96.7,86.5,99,100,95.1,100,97.9,98,100,97.9,95.4,92.3,100.7,98.8,106,95.2,99.3,99,99.2,99.5,97,100.9,96.9,95.9,114.2,121,99.6,98.3,100.6,102.6,97.6,98.5,102.3,104.8,99.6,99.7,102.7,99.5,112.7,91.6,96.6,87.8,92.2,97.8,94.6,97.1,93.4,99.6,97.5,98.6,97.7,99,111.4,100.8,96.5
2024/09,97.5,95.6,90.3,96,101.6,97,95.1,93.6,97.6,92.6,97,91.8,96.7,97.4,97.7,99.8,91.4,94.6,93,99.7,91.9,100,97.1,94.7,86.5,99,100.2,99.4,100,100.3,98.7,100,98.7,100,100.1,100,101.4,107.6,97.9,99.2,98.9,98.9,99.5,97.1,99.8,97.3,95.6,114.2,121,99.6,98.3,99.4,103.3,96.2,98.6,100.6,105.1,99.6,100.1,104.5,99.5,112.7,95.6,96.6,95.8,93.6,97.6,95.6,97.1,93.6,99.6,97.2,94.1,98.1,99,111.4,99.6,96.5
2024/10,97.5,95.3,90.4,93.8,101.8,96.6,94.1,93.1,97,93.2,95.8,94.1,96.6,97.6,98.4,99.8,94.2,94.8,93.4,100,91.9,100,97.9,99.8,86.2,95.9,100,96.8,100,101.1,100.9,100,100.9,99.3,98.9,100,100.8,110.6,97.9,99.4,98.6,98.9,100.1,97.1,100,97.1,96.1,114.2,121,99.6,98.3,99.7,102.9,96.9,98.6,100.8,102.6,99.6,100.3,106,99.5,105.6,93.2,92.5,93.9,93,97.7,95.8,97.1,95.6,99.6,97.4,94.2,98.2,99.2,112,99.8,96.5
2024/11,97.6,96.1,92.5,94.9,100,96.5,95.8,90.5,97.2,96.7,95.4,96.4,96.6,98.2,98.4,99.8,94.1,96.4,97.7,100.5,91.1,100,97.6,97,95,95.8,99.5,97.5,100,100.9,100.9,100,100.9,99.2,98.7,100,98.6,112.1,99.1,99.3,98.5,98.7,100.1,97.3,99.9,97.2,96.5,114.2,121,99.6,98.3,96.8,102.6,96.2,98.6,95.8,102.3,99.6,99.2,105.8,99.8,105.6,94,93.5,96.4,90,97.9,96.5,97.3,95.6,99.6,97.5,95.7,98.2,98.8,112,97.1,96.5
2024/12,98.4,97.1,92.7,96.7,98,94.7,101.6,99.8,97.7,95.9,95.6,95.9,96.5,98.7,98.4,99.8,94,99.5,104.4,100.6,92.4,100,98.1,97.3,95,95.3,99.8,98.7,100,100.6,101.7,100,101.7,98.4,97.8,99.3,98.6,107.9,99.1,99.1,98.1,98.3,100.1,97.8,99.8,97.8,97.2,114.2,121,99.6,98.3,96.6,101.6,96.6,98.8,95.3,102.6,99.6,99.6,107.1,99.8,105.8,101.1,96.4,105.1,99.9,98.2,96.2,98.1,95.5,99.6,97.9,99,98.1,98.8,112.5,96.9,97.7
2025/01,99.7,99.1,93.6,98.5,97.5,95.7,110.6,106,97.1,97.4,97.6,97.9,96.9,99,99.3,99.8,97.6,101.8,103.8,100.5,99.9,100,98.2,97.2,97.5,95.1,99,98.9,100,98.7,99.1,100,99,97.2,96.3,98.9,94.9,107.8,99.1,98.9,97.5,98.8,100.2,98.6,99.5,99.8,95.6,105.3,106.4,98.5,99.5,97.4,101.6,97.1,99.7,96.5,108.6,99.6,100.5,100.8,99.6,124.7,110.4,99.5,118.2,107.3,99.2,97.1,99.7,98.1,99.7,99.1,102,98.9,99.5,104.4,97.4,96.9
2025/02,99.2,98.2,94.9,98.6,98.1,95.8,101.4,105.6,98.1,96.5,97.9,97.9,96.9,99,99.5,99.8,98.5,98.6,95.2,100.5,103.3,100,96.8,90.3,96.6,97.5,99.1,100.1,100,97.9,97.9,100,97.7,97.9,98.1,97.8,96.6,98.9,99.1,98.9,97.5,98.7,100.2,99.1,98.9,100.5,95.6,105.3,106.4,98.5,99.5,97.8,102.1,96.9,99.6,97.3,108.6,99.6,100.5,100.9,99.6,124.7,103.4,100.1,103.9,106.5,99,97.3,99.1,98.8,99.7,98.9,99.6,99,99.6,104.5,97.8,96.9
2025/03,99.5,98.8,94.5,100.9,100.2,97.7,102.7,100.4,99.6,96,99,97.6,96.8,99.1,99.6,99.9,98.5,98.8,95.6,100.6,103.1,100,98.1,95,96.2,99.3,98.6,100,100,98.2,99.6,100,99.6,96.4,95.7,97.5,98.4,96.6,99.1,98.7,96.8,99.1,100.2,99.2,100.1,100.6,95.5,105.3,106.4,98.5,99.5,98.2,100.9,97.8,99.5,97.8,108.5,99.6,100.3,101.1,99.6,124.7,103.2,103.3,104.5,100.3,99.3,98,99.4,98.8,100,99.2,99.7,99.3,99.7,104.6,98.4,96.9
2025/04,99.5,99.1,97,102.7,99.6,99.8,100.6,100,99.8,97.9,98.3,97,97.9,99.9,99.7,99.9,98.8,101.3,101.1,100.4,103.1,100,100.2,102.8,96.9,99.6,99.8,98.8,100,100.3,99.8,100,99.8,101.8,103.1,99.5,98.3,100.9,100.3,98.6,96.5,99.4,99.9,99.6,99.8,101.1,96,98.2,97.9,100.5,100.2,99.6,101.3,101,99.8,98.9,96.7,99.6,99.5,97.2,99.6,91.6,101.8,104.8,100.7,100.4,99.4,98.6,99.4,99.1,100,99.3,102.4,99,99.1,98.4,99.6,96.9
2025/05,99.8,99.1,97.9,100.2,98.3,99.4,96.3,103.6,99.9,97.9,100.2,98.3,101.1,100,99.7,99.9,99,103.5,106,100.7,102.5,100,100.9,104.8,98.5,98.8,99.7,99.3,100,99.8,99.4,100,99.3,100,100.6,98.9,99.9,101.2,100.3,99.8,99.8,99.5,99.9,99.4,100.2,100.8,95.9,98.2,97.9,100.5,100.2,100.5,101.1,100.1,99.8,100.8,97,99.6,100,99.4,100.2,91.6,98.2,100.9,94.1,103.7,99.9,99.3,99.8,99.2,100,99.9,104.3,99.4,99.5,98.4,100.6,96.9
2025/06,99.7,99,98.2,98.6,100.4,100.1,93.5,101.9,100.7,97.6,100.4,99.9,101.1,100,99.6,99.9,98.4,102.2,105.3,100.5,98.8,100,100.5,103.5,98.5,101.2,100.3,98.4,100,99.5,98.8,100,98.7,99.1,98.8,99.6,101.1,101.2,100.3,100.3,100.9,100.1,99.9,99.8,99.2,98.9,101.9,98.2,97.9,100.5,100.2,100.1,101.4,99.5,100.1,100.3,97,99.6,100,98.8,100.2,91.6,94.9,96.9,90.3,102.2,99.9,99.7,99.6,98.7,100,99.9,101.3,99.7,99.7,98.4,100.1,101.4
2025/07,100,99.5,99.8,98.5,100.7,99.9,93.5,101.1,100.9,100.4,100.1,100.7,102.4,100,100.5,99.9,102.2,101.6,103.7,100.3,99.4,100,100.1,100.9,100.5,100.3,100.3,99.2,100,99.9,101.4,100,101.5,96.9,95.2,99.8,101.1,100.9,100.3,99.6,98.7,100.4,99.9,100.3,100.1,99.5,102.3,98.2,97.9,100.5,100.2,100.9,99.4,100.6,100.1,101.4,96.7,100.1,98.9,98.3,100.2,91.6,94.1,95.5,90,101,100.3,100.5,100.1,101.7,100,100.4,101.2,100.2,100.1,98.4,100.9,101.5
2025/08,99.8,99.7,99.9,99.6,99.2,102.3,96.3,106.1,100.1,101.7,98.1,99.4,100.3,100.4,100.3,99.9,101.7,97.1,96.7,99.3,94.7,100,101.2,99.9,103.9,101.6,100.3,102.8,100,99.3,100.7,100,100.8,95,92.8,98.7,102.8,100.9,100.3,99.9,99.9,100,99.9,100.8,101.4,99.9,103,98.2,97.9,100.5,100.2,101.9,100,101.7,100.2,102.5,96.8,100.1,98.8,98.9,100.2,91.6,98.4,98.5,94.3,107,99.9,100,99.8,101.3,100,99.9,97.1,100.2,100.3,98.3,102,102.1
2025/09,100,100.6,100.5,97.8,99.8,102.6,100.5,96.2,100,104.2,101,100.1,100.8,100.6,100.3,99.9,101.7,97.3,94.7,99,99.4,100,100.6,100.4,103.9,103.7,100.3,99.9,100,101.3,100.2,100,100.3,102.4,104.1,99.5,102.8,100.9,100.3,101.2,102.8,101,99.9,100.6,100,99.8,102.6,98.2,97.9,100.5,100.2,101,99.1,101.5,100.3,101.1,97,100.6,99.4,99.2,100.2,91.6,97.7,95.8,99.6,95.9,100.2,101.1,100.1,101.3,100,100.2,97.2,100.5,100.3,98.6,100.9,102.1
2025/10,100.6,101.7,108.1,100.1,101,102.2,99.9,92.7,101.3,102.8,101.4,103.7,102,100.6,100.2,99.9,101.2,97.3,95.4,98.8,98.3,100,102.3,104.5,102.8,102,101.4,101.5,100,100.9,99.9,100,99.9,103,104.1,101.1,102.8,96.4,100.3,101.6,103.8,101.3,100,101.3,100.4,100.3,103.9,98.2,97.9,100.5,100.2,101.9,98.9,102,100.3,102.5,97.9,100.6,101.5,101.2,100.2,92,97.5,99.4,99.1,91.6,100.8,102.4,100.8,100.9,100,100.9,97.2,101.2,100.8,98.6,101.9,102.8
2025/11,101.1,102.4,107.7,100.7,103.5,102.8,101.7,92.1,101.2,103.1,102.7,103.6,102.2,100.6,100.6,100.5,101.2,100.2,101.3,99.9,98.3,100,102.3,104.3,103.4,100.8,101.2,102,100,101.8,101.2,100,101.3,105,106,103.4,100.8,96.9,100.3,101.3,103.2,100.9,100,101.2,100.4,100.3,103.8,98.2,97.9,100.5,100.2,100.5,97.1,100.7,100.3,100.9,97.8,100.6,100.7,102.3,100.2,92.1,98.8,100.7,101.6,90.7,101.2,103,101.2,101,100.4,101.3,99.7,101.4,100.8,98.7,100.5,102.8
2025/12,100.9,102.8,108,103.7,101.7,101.7,103.1,94,101.3,104.4,103.3,103.9,101.7,100.6,100.7,100.5,101.3,100.3,101.3,99.5,99.1,100,98.8,96.4,101.2,100.1,100.2,99.2,100,102.2,102,100,102.2,105.3,105.2,105.4,100.8,97.2,100.3,101.2,102.7,100.9,100,100.2,99.9,98.7,103.9,98.2,97.9,100.5,100.2,100.1,97.2,101.1,100.3,100,97.6,100.6,100,101.9,100.2,92.1,101.5,104.5,103.7,93.2,100.9,103.1,101,101.1,100.4,101,98.4,101.2,100.5,98.7,100,102.8
2026/01,100.9,103,108.2,102.8,102.2,103.1,103.3,96.5,103.6,103.6,102.4,104.7,102.3,100.6,100.7,100.5,101.3,100.6,101.4,99.4,99.9,100,99.3,93.1,101.7,101.1,101.9,102.5,100,98.1,97.3,100,97,98,94.3,104.2,102.5,93.5,100.3,101.2,103.2,100.4,100,99.8,99.7,98.2,103.8,98.2,97.9,100.5,100.2,99.5,96.7,101.5,100.4,98.9,98,100.8,101.2,101.9,100.7,92.1,102.2,103.9,104.3,95.5,100.8,103.1,100.9,101.1,100.4,100.9,97.7,101.2,100.5,98.7,99.4,102.8
2026/02,100.3,102.8,107.9,102.2,102.3,103.7,101,98.2,103.8,103.9,102.7,104.3,102.3,100.6,100.8,100.5,101.9,94.3,88.2,98.2,99.9,100,99.4,94.3,102.7,99.8,101.9,101.8,99.9,97.3,97.9,100.7,97.7,94.4,91.5,99.3,102.5,93.5,100.3,100.7,101.6,100.4,100,100.2,102.5,98.5,103.8,98.2,97.9,100.7,100.2,100.1,97.6,101.6,100.4,99.7,98.1,100.8,100.4,105.9,100.7,92.1,100.9,103.4,101,97.7,100.2,103.1,100.2,101.6,100.4,100.2,92,101.3,100.6,98.7,99.9,102.8
2026/03,101,103.2,106.2,103,99.7,103.5,102.2,99.8,103,106.7,103.5,105.9,101.8,101.3,100.9,100.5,101.9,97.1,88.6,98.3,110.2,100,101.5,102.9,102.7,98.6,101.3,101.4,99.9,98.5,99.4,96.7,99.6,96.1,92.8,101.7,102.5,94.7,100.3,101.8,103.6,102.4,100,101.4,102.4,100.3,103.8,98.2,97.9,100.7,100.2,100.4,96.7,102.4,100.6,100,98.1,101.4,101,103.1,100.7,92.1,101.1,104.1,100.5,98.9,101,103.6,101.1,101.6,100.5,101.1,96.2,101.6,100.9,98.7,100.4,102.8
2026/04,101.9,103.6,104.2,104.1,102.4,103.7,100.7,96.9,104.4,106.6,105.3,106.2,101.6,103.3,101.4,100.5,104.5,103.4,97.8,99.6,117.9,100,99.3,97.1,104,95.9,101.3,100.3,99.9,100.4,99.3,96.7,99.5,102.3,103.6,100.3,102.5,94.7,102.6,101.8,104.1,103.2,99.3,101.5,107.3,99.6,104.5,94.8,93.7,102,101,100.6,97.4,101,100.8,100.7,98.5,101.4,101.1,101.8,102.7,92.7,99.5,106.2,97.2,96.1,102,104.4,102.1,103.5,100.4,102.3,101.9,102,101.1,95.8,100.9,102.9
2026/05,102.5,104.4,104.2,107,105.3,103.4,101.6,102.3,104.1,106,105.9,105.9,101.5,103.6,101.4,100.3,104.8,106,103,102.7,117.3,100,99,95.7,104,96.6,101.4,100.6,99.9,100.2,98.5,96.7,98.7,102.3,103.5,100.3,102.5,95.9,102.6,101.7,104.1,102.8,99.3,102.4,107.5,101.1,104.4,94.8,93.7,102,101,100.9,97.9,102.5,100.8,100.6,98.7,101.4,101.9,100.8,102.7,92.7,102.4,109.8,98.3,102,102.5,104.8,102.9,103.7,100.3,103,105,102.2,101.2,96,101.3,102.9
2026/06,102.4,103.7,104.5,101.7,106.4,103.4,96,100.9,104.8,107.6,105.7,106.8,101.5,103.6,101.3,100.3,104.5,105.8,103.1,105.9,114.9,100,100.2,96.7,104,96.1,103,102.4,99.9,99.8,99.5,96.7,99.8,99.4,99,100.1,101.7,97.3,102.6,102.8,105.1,101.9,101.5,102.8,106.4,101,106.1,94.8,93.7,102.5,101,100.8,98.6,104.6,101,99.6,98.7,103.1,100.7,100.7,103.1,92.8,95.3,99.5,90.4,100.8,102.7,105.1,102.8,103.5,100.3,103.2,104.6,102.5,101.4,96,101.1,104.3
2026/07,102.6,103.9,104.4,99.7,106.3,104.4,100,98.1,105.5,108.2,105.1,106.1,101.6,104,101.1,100.3,103.8,104.8,103.5,96.9,114,100,101.5,95,104,95.7,104.9,106.7,99.9,98.6,97.2,96.7,97.2,97,94.2,101.6,105.1,97.3,102.6,103.6,103.9,107.6,101.5,103.1,107.4,101.4,106.2,94.8,93.7,102.5,101,101.9,101.4,105.8,100.9,100.8,100,106.4,103.5,102,103.1,92.4,95.3,93.9,94.9,97.8,102.9,105.4,103,103,100.3,103.4,103.8,102.8,101.8,96.2,102.2,104.3